SED_CODE_2016,P_15_yrs_over_M,P_15_yrs_over_F,P_15_yrs_over_P,lfs_Emplyed_wrked_full_time_M,lfs_Emplyed_wrked_full_time_F,lfs_Emplyed_wrked_full_time_P,lfs_Emplyed_wrked_part_time_M,lfs_Emplyed_wrked_part_time_F,lfs_Emplyed_wrked_part_time_P,lfs_Employed_away_from_work_M,lfs_Employed_away_from_work_F,lfs_Employed_away_from_work_P,lfs_Unmplyed_lookng_for_wrk_M,lfs_Unmplyed_lookng_for_wrk_F,lfs_Unmplyed_lookng_for_wrk_P,lfs_Tot_LF_M,lfs_Tot_LF_F,lfs_Tot_LF_P,lfs_N_the_labour_force_M,lfs_N_the_labour_force_F,lfs_N_the_labour_force_P,Percent_Unem_loyment_M,Percent_Unem_loyment_F,Percent_Unem_loyment_P,Percnt_LabForc_prticipation_M,Percnt_LabForc_prticipation_F,Percnt_LabForc_prticipation_P,Percnt_Employment_to_populn_M,Percnt_Employment_to_populn_F,Percnt_Employment_to_populn_P,Non_sch_quals_PostGrad_Dgre_M,Non_sch_quals_PostGrad_Dgre_F,Non_sch_quals_PostGrad_Dgre_P,Non_sch_quals_Gr_Dip_Gr_Crt_M,Non_sch_quals_Gr_Dip_Gr_Crt_F,Non_sch_quals_Gr_Dip_Gr_Crt_P,Non_sch_quals_Bchelr_Degree_M,Non_sch_quals_Bchelr_Degree_F,Non_sch_quals_Bchelr_Degree_P,Non_sch_quls_Advncd_Dip_Dip_M,Non_sch_quls_Advncd_Dip_Dip_F,Non_sch_quls_Advncd_Dip_Dip_P,Non_sch_quls_Cert3a4_Level_M,Non_sch_quls_Cert3a4_Level_F,Non_sch_quls_Cert3a4_Level_P,Non_sch_quls_Cert1a2_Level_M,Non_sch_quls_Cert1a2_Level_F,Non_sch_quls_Cert1a2_Level_P,Non_sch_quls_Certnfd_Level_M,Non_sch_quls_Certnfd_Level_F,Non_sch_quls_Certnfd_Level_P,Non_sch_quls_CertTot_Level_M,Non_sch_quls_CertTot_Level_F,Non_sch_quls_CertTot_Level_P,Migtn_Lvd_same_add_1_yr_ago_M,Migtn_Lvd_same_add_1_yr_ago_F,Migtn_Lvd_same_add_1_yr_ago_P,Migtn_Lvd_Diff_add_1_yr_ago_M,Migtn_Lvd_Diff_add_1_yr_ago_F,Migtn_Lvd_Diff_add_1_yr_ago_P,Migtn_Lvd_sme_add_5_yrs_ago_M,Migtn_Lvd_sme_add_5_yrs_ago_F,Migtn_Lvd_sme_add_5_yrs_ago_P,Mign_Lvd_Diff_add_5_yrs_ago_M,Mign_Lvd_Diff_add_5_yrs_ago_F,Mign_Lvd_Diff_add_5_yrs_ago_P
SED30001,25577,26992,52573,13816,7874,21685,3143,7446,10592,775,909,1687,1208,1249,2462,18948,17475,36423,5107,7935,13042,6.4,7.1,6.8,74.1,64.7,69.3,69.3,60.1,64.6,492,602,1091,211,457,668,1886,3111,4995,2002,3390,5384,7920,4156,12078,242,433,679,457,719,1180,8627,5306,13932,24898,25685,50582,6337,6699,13036,13765,14044,27806,15697,16617,32316
SED30002,20499,21764,42267,10732,6562,17289,2507,5318,7827,539,733,1268,1120,1036,2160,14895,13652,28547,4732,7261,11991,7.5,7.6,7.6,72.7,62.7,67.5,67.2,58,62.4,1013,935,1955,203,397,600,2438,3363,5802,1698,2330,4025,4884,2493,7379,175,323,494,292,521,809,5348,3339,8684,20722,21463,42185,3951,4197,8153,12874,13279,26157,10483,11122,21604
SED30003,18029,18827,36848,9696,5836,15540,2485,5542,8026,461,606,1060,759,593,1355,13398,12586,25978,3833,5416,9253,5.7,4.7,5.2,74.3,66.9,70.5,70.1,63.7,66.8,1718,1584,3299,581,957,1539,4370,5195,9563,1662,1963,3622,2764,1333,4097,145,162,306,198,301,504,3110,1801,4904,17623,18147,35765,3741,3578,7316,11202,11991,23187,9414,9031,18443
SED30004,17336,19098,36427,8518,5295,13812,2214,4807,7027,431,618,1049,770,593,1362,11932,11317,23249,4669,7023,11692,6.5,5.2,5.9,68.8,59.3,63.8,64.4,56.1,60.1,1052,949,1996,370,539,910,2975,3699,6678,1711,1988,3700,3692,1739,5436,131,215,350,264,399,664,4092,2356,6442,16958,18424,35380,2957,3174,6130,11572,12596,24170,7663,8342,16009
SED30005,23525,24938,48463,10886,7789,18678,3175,6586,9760,776,816,1591,1153,892,2039,15985,16082,32066,5585,6980,12571,7.2,5.5,6.4,67.9,64.5,66.2,63.1,60.9,62,801,1020,1821,366,727,1090,2616,4376,6990,2200,3069,5270,6747,2992,9740,233,323,551,401,597,999,7381,3913,11297,21408,21974,43380,5228,5774,11001,13003,13128,26133,12604,13810,26415
SED30006,22639,23397,46037,10239,5569,15805,2469,5846,8309,748,766,1510,836,781,1620,14284,12960,27243,6560,8716,15272,5.9,6,5.9,63.1,55.4,59.2,59.4,52.1,55.7,395,448,848,199,414,612,1337,2524,3859,1458,2565,4023,6492,3136,9623,221,446,664,414,620,1039,7129,4198,11323,21238,21848,43084,4563,4857,9426,14086,14158,28241,10411,11255,21667
SED30007,29476,27967,57447,13615,9981,23598,4316,5829,10146,694,766,1462,1547,1346,2891,20168,17924,38094,5688,6857,12546,7.7,7.5,7.6,68.4,64.1,66.3,63.2,59.3,61.3,2978,2667,5645,717,1097,1814,7779,8184,15961,2361,2394,4756,3072,1603,4677,199,244,442,311,351,671,3587,2208,5793,17176,16011,33189,10180,10276,20458,7437,7046,14484,19644,18941,38583
SED30008,20804,23782,44588,7823,5296,13119,2692,5087,7778,474,570,1038,1000,907,1908,11994,11858,23850,7058,9943,16999,8.3,7.6,8,57.7,49.9,53.5,52.8,46.1,49.2,628,651,1274,188,338,529,1968,2928,4894,1682,2636,4311,5453,2548,7998,172,324,498,390,680,1075,6016,3555,9573,16911,18794,35710,4721,5335,10062,9437,10552,19990,11535,12971,24505
SED30009,18877,21415,40291,8299,4805,13104,2644,6204,8847,488,563,1053,851,845,1695,12284,12414,24698,5503,7927,13432,6.9,6.8,6.9,65.1,58,61.3,60.6,54,57.1,714,690,1403,329,589,919,2324,3561,5884,1813,2597,4410,5075,2643,7717,154,289,445,342,574,910,5565,3509,9073,17326,19224,36550,4352,4928,9278,10324,11267,21591,10640,12185,22831
SED30010,20396,21989,42388,11628,8088,19709,2558,5526,8083,466,737,1197,785,693,1482,15429,15042,30471,3581,5578,9154,5.1,4.6,4.9,75.6,68.4,71.9,71.8,65.3,68.4,1531,1581,3115,513,936,1444,4554,5780,10334,1859,2379,4239,3738,1744,5482,132,179,309,228,394,619,4096,2317,6412,17842,18837,36681,5144,5562,10706,10078,10681,20758,11950,12745,24694
SED30011,16988,18890,35880,5601,3404,9009,1887,3814,5701,411,427,841,1192,850,2036,9088,8503,17589,6526,8959,15488,13.1,10,11.6,53.5,45,49,46.5,40.5,43.3,186,167,355,115,203,314,874,1607,2479,741,1323,2067,4479,2347,6825,246,368,614,291,369,662,5017,3088,8108,15468,16809,32271,3383,3629,7011,10221,10927,21148,7767,8720,16488
SED30012,28394,29911,58314,14241,8627,22870,3298,6519,9819,898,998,1897,1866,1909,3780,20309,18055,38366,6081,9814,15899,9.2,10.6,9.9,71.5,60.4,65.8,64.9,54,59.3,690,754,1446,256,439,700,2282,3430,5713,2110,3172,5280,6995,4395,11386,398,553,954,510,710,1224,7898,5655,13556,27576,28114,55697,7744,8160,15906,14486,14362,28848,18176,19454,37626
SED30013,21008,18857,39861,9597,4961,14560,1782,4357,6142,687,646,1328,897,720,1614,12963,10684,23652,5794,6594,12393,6.9,6.7,6.8,61.7,56.7,59.3,57.4,52.8,55.3,257,286,545,137,256,388,1074,1940,3010,874,1356,2231,5584,2181,7762,201,320,518,262,358,614,6043,2855,8899,17953,16994,34946,3557,3315,6866,12283,11562,23847,8286,7883,16174
SED30014,20039,22382,42425,9128,5813,14940,2825,6016,8844,537,680,1223,848,693,1543,13342,13208,26548,5277,7620,12896,6.4,5.2,5.8,66.6,59,62.6,62.3,55.9,58.9,603,770,1372,227,535,761,2434,3582,6020,1697,2632,4328,5637,2596,8230,145,261,411,313,592,909,6095,3450,9546,18063,19499,37564,4075,4595,8666,11072,11856,22927,10318,11478,21801
SED30015,19978,19968,39946,6933,3955,10885,2049,4373,6421,558,509,1067,1107,848,1957,10652,9684,20332,7847,8923,16770,10.4,8.8,9.6,53.3,48.5,50.9,47.8,44.3,46,293,302,597,174,364,535,1068,2156,3227,1107,1722,2828,6015,2376,8390,226,373,598,309,459,766,6551,3210,9757,18754,18417,37172,3308,3477,6782,12602,12032,24636,8761,9196,17958
SED30016,24329,25275,49601,9429,6711,16142,3123,5602,8721,728,735,1469,1533,1150,2681,14811,14197,29011,6428,8103,14530,10.4,8.1,9.2,60.9,56.2,58.5,54.6,51.6,53.1,569,709,1277,246,504,751,2396,3568,5960,1819,2435,4252,5665,2819,8484,326,428,753,366,541,906,6359,3788,10145,19582,20043,39628,5646,6006,11656,11671,11798,23469,12459,13223,25684
SED30017,19095,18125,37220,8045,4059,12107,1625,3841,5465,673,591,1261,755,577,1326,11097,9064,20163,5948,7352,13296,6.8,6.4,6.6,58.1,50,54.2,54.2,46.8,50.6,142,168,309,75,246,322,702,1563,2265,754,1374,2124,4426,2035,6457,211,351,568,314,374,693,4953,2762,7714,18024,17160,35191,2833,2857,5688,12905,12195,25101,6876,6830,13702
SED30018,20074,22038,42111,7793,4269,12063,2528,5517,8044,586,642,1227,887,811,1700,11793,11242,23034,7034,9521,16552,7.5,7.2,7.4,58.7,51,54.7,54.3,47.3,50.7,445,472,916,241,451,694,1710,2698,4415,1626,2432,4056,5993,2804,8793,174,339,520,355,623,983,6529,3763,10292,18003,19365,37371,4475,4910,9389,10714,11377,22094,10947,12119,23065
SED30019,18589,19542,38132,9581,5692,15272,2339,5269,7608,539,653,1194,894,729,1621,13353,12346,25694,4487,6450,10932,6.7,5.9,6.3,71.8,63.2,67.4,67,59.4,63.1,358,449,803,185,372,556,1579,2407,3990,1481,2211,3695,5925,2813,8739,195,332,527,291,502,790,6413,3642,10060,18730,19081,37808,3027,3212,6234,13023,13176,26200,7867,8398,16272
SED30020,19536,21286,40824,10531,6810,17337,2537,5745,8284,485,665,1152,756,650,1409,14306,13875,28173,4348,6570,10922,5.3,4.7,5,73.2,65.2,69,69.4,62.1,65.6,1241,1184,2427,427,731,1159,3719,4766,8491,1838,2310,4147,4143,1791,5935,113,213,326,262,436,704,4521,2441,6959,19347,20535,39873,3654,3993,7650,12643,13543,26191,9448,10136,19582
SED30021,21316,22648,43966,11328,8017,19338,2938,5460,8399,549,653,1203,837,748,1580,15651,14875,30521,4081,6221,10306,5.3,5,5.2,73.4,65.7,69.4,69.5,62.4,65.8,1689,1604,3295,553,836,1387,4991,5945,10935,1979,2374,4351,3220,1666,4886,141,191,329,309,398,702,3668,2258,5922,17433,18304,35738,5387,5748,11133,9917,10505,20427,12241,13035,25276
SED30022,19760,21619,41382,9388,5663,15050,2433,5544,7973,497,551,1047,772,670,1439,13092,12419,25514,5647,8035,13680,5.9,5.4,5.6,66.3,57.4,61.7,62.3,54.4,58.2,749,628,1379,317,498,816,2283,3037,5322,1979,2637,4618,5281,2495,7778,146,293,438,338,598,933,5771,3380,9147,18569,19808,38373,3825,4059,7882,12050,12780,24831,9745,10576,20319
SED30023,22301,22246,44544,11277,5713,16989,2373,5831,8205,762,804,1566,916,780,1702,15325,13132,28462,5321,7603,12924,6,5.9,6,68.7,59,63.9,64.6,55.5,60.1,418,415,837,157,365,520,1575,2537,4113,1302,1998,3301,6098,3002,9102,250,391,645,343,508,847,6689,3897,10594,21836,21712,43548,4203,4340,8536,14077,13922,27998,10443,10699,21143
SED30024,20153,19654,39805,7594,4990,12585,2069,3765,5835,708,645,1351,1221,911,2132,11594,10317,21906,6096,7136,13233,10.5,8.8,9.7,57.5,52.5,55,51.5,47.8,49.7,219,304,519,121,306,432,1029,1881,2906,1016,1563,2575,5180,2377,7557,378,496,872,348,377,728,5902,3248,9154,19427,18718,38143,3581,3674,7257,13630,13042,26667,7839,7915,15748
SED30025,27851,30029,57875,13097,7449,20545,3227,7096,10324,765,818,1589,1380,1426,2802,18463,16792,35259,7168,10944,18105,7.5,8.5,7.9,66.3,55.9,60.9,61.4,51.2,56.1,636,684,1322,247,450,690,2243,3291,5529,2236,3582,5822,7646,3897,11543,275,470,739,529,882,1412,8449,5243,13700,24600,25649,50249,7830,8526,16351,12813,13047,25863,17803,19380,37180
SED30026,19389,21010,40394,7887,4761,12644,2868,5721,8586,553,645,1203,847,662,1504,12154,11788,23943,5786,7711,13501,7,5.6,6.3,62.7,56.1,59.3,58.3,53,55.5,498,585,1081,214,431,644,1966,2982,4949,1589,2498,4084,5631,2463,8091,110,275,384,361,586,943,6095,3324,9422,17489,18308,35799,3768,4100,7869,11251,11688,22941,9257,10131,19385
SED30027,19602,18848,38446,7759,4354,12108,1886,4202,6082,704,625,1329,850,720,1574,11191,9900,21090,6408,7175,13584,7.6,7.3,7.5,57.1,52.5,54.9,52.8,48.7,50.8,280,283,561,155,291,443,1069,2037,3106,915,1600,2520,5277,2214,7486,205,321,526,257,432,690,5736,2962,8705,17486,17312,34798,3475,3733,7210,11346,11013,22363,8434,8903,17335
SED30028,17638,19132,36772,9578,5840,15419,2217,5449,7665,453,628,1080,721,578,1295,12968,12495,25463,3958,5881,9840,5.6,4.6,5.1,73.5,65.3,69.2,69.4,62.3,65.7,862,791,1649,358,676,1035,2774,3856,6635,1860,2283,4142,4332,2026,6360,140,201,346,258,383,648,4736,2612,7348,17757,18700,36460,3142,3385,6526,12118,12865,24986,7942,8497,16438
SED30029,17405,18380,35785,8925,5064,13985,2280,5404,7680,477,647,1123,718,571,1288,12389,11678,24075,4351,6012,10371,5.8,4.9,5.3,71.2,63.5,67.3,67.1,60.5,63.7,964,914,1870,477,750,1225,2989,3943,6931,1821,2133,3960,4125,1866,5993,129,195,322,262,431,696,4522,2490,7010,18459,19006,37462,2616,2692,5306,12924,13207,26132,7233,7683,14913
SED30030,22208,23762,45966,10858,6382,17243,3065,6568,9632,601,716,1317,1079,1039,2125,15600,14710,30306,5250,7654,12904,6.9,7.1,7,70.2,61.9,65.9,65.4,57.5,61.3,484,538,1025,211,429,643,1779,2978,4759,1750,2937,4684,6502,3376,9875,218,345,562,372,633,1009,7085,4358,11445,21660,22379,44044,4332,4751,9081,13345,13629,26975,11431,12490,23924
SED30031,21875,20785,42661,11430,5146,16575,1884,5062,6951,765,631,1396,1756,1319,3068,15835,12155,27990,4343,7139,11488,11.1,10.9,11,72.4,58.5,65.6,64.4,52.1,58.4,309,314,629,198,310,511,1409,2400,3814,1253,1571,2824,7836,3112,10946,240,442,678,316,404,715,8387,3950,12339,20487,19225,39713,4998,5265,10263,12117,11166,23278,11961,11884,23849
SED30032,22482,22459,44946,8728,4820,13552,2880,5889,8766,682,683,1372,924,883,1811,13212,12285,25500,7780,8757,16539,7,7.2,7.1,58.8,54.7,56.7,54.7,50.7,52.7,465,521,991,275,523,802,1578,2728,4302,1645,2625,4265,6366,3114,9479,231,396,631,369,589,962,6965,4100,11068,20393,20741,41138,4125,4399,8522,13188,13114,26302,10349,11152,21500
SED30033,18377,20138,38519,9648,6698,16350,2665,5148,7819,456,704,1157,796,653,1448,13573,13206,26774,3794,5827,9624,5.9,4.9,5.4,73.9,65.6,69.5,69.5,62.3,65.7,1494,1571,3065,532,877,1410,4274,5558,9824,1576,2021,3601,3228,1462,4690,150,189,337,193,354,551,3569,2010,5576,16650,17852,34502,4236,4508,8744,10402,11077,21477,9713,10517,20233
SED30034,16488,15241,31735,9134,4674,13812,1280,3544,4822,690,650,1337,560,496,1054,11666,9363,21032,2743,4292,7036,4.8,5.3,5,70.8,61.4,66.3,67.3,58.2,62.9,149,196,350,97,228,329,815,1804,2622,736,1150,1890,4525,1885,6412,194,301,496,236,291,528,4959,2475,7432,15320,14293,29619,3133,3219,6351,9651,8615,18273,7526,7635,15160
SED30035,19715,20607,40324,6469,3446,9919,2224,4674,6894,570,540,1114,1007,819,1824,10270,9473,19742,7745,9490,17238,9.8,8.6,9.2,52.1,46,49,47,42,44.5,248,276,521,155,333,485,1008,1891,2898,1162,2070,3240,5714,2736,8446,265,395,657,356,493,846,6331,3620,9952,18408,18683,37093,3477,3739,7213,12252,12225,24478,8671,9379,18046
SED30036,20847,23350,44195,5534,3741,9273,2283,4422,6702,483,508,989,1258,1040,2299,9557,9711,19269,9605,11888,21492,13.2,10.7,11.9,45.8,41.6,43.6,39.8,37.1,38.4,299,339,641,198,402,602,1221,2209,3435,1406,2029,3437,5941,3016,8952,243,367,607,389,615,1005,6572,3997,10565,18274,19924,38195,4340,4930,9272,11178,12015,23197,10749,12171,22923
SED30037,21500,20574,42081,10013,5408,15422,2064,5064,7125,737,714,1454,1056,797,1856,13877,11978,25857,5776,7039,12814,7.6,6.7,7.2,64.5,58.2,61.4,59.6,54.4,57,187,299,488,113,309,426,1075,2157,3235,1104,1790,2892,7018,2875,9897,182,347,529,279,404,685,7479,3630,11115,20237,19042,39282,3972,4126,8099,13148,12224,25367,9594,9785,19376
SED30038,23556,22436,45993,8660,5207,13872,2572,4494,7068,554,647,1206,1477,1252,2730,13264,11605,24874,8590,9064,17654,11.1,10.8,11,56.3,51.7,54.1,50,46.1,48.2,526,539,1063,180,291,470,1704,2400,4107,1376,1963,3340,4280,2420,6704,229,358,585,315,432,752,4822,3211,8033,20523,21292,41821,3919,3853,7766,13598,14072,27671,9419,9777,19189
SED30039,20397,21915,42311,8338,5122,13464,3283,5553,8837,474,676,1148,1206,1195,2403,13305,12544,25851,6020,8290,14307,9.1,9.5,9.3,65.2,57.2,61.1,59.3,51.8,55.4,3195,2681,5873,524,874,1405,5666,6381,12050,1345,1691,3040,1690,978,2669,110,174,280,179,275,454,1981,1423,3406,16135,17082,33214,6280,6633,12911,8732,9330,18064,13219,13885,27102
SED30040,19890,21115,40999,8920,5258,14177,2200,4606,6802,540,669,1204,1149,1023,2170,12798,11554,24354,5800,8216,14017,9,8.9,8.9,64.3,54.7,59.4,58.6,49.9,54.1,306,360,663,185,351,534,1282,2160,3441,1345,2055,3404,5653,3078,8736,239,413,653,313,467,779,6209,3962,10168,18917,19701,38620,4213,4429,8642,11808,12279,24089,10025,10673,20700
SED30041,21063,21840,42907,9258,5389,14641,2203,4939,7140,610,637,1240,1080,997,2073,13145,11952,25098,6405,8388,14790,8.2,8.3,8.3,62.4,54.7,58.5,57.3,50.2,53.7,282,358,638,178,355,530,1136,2034,3172,1422,2069,3489,6032,3218,9247,273,422,689,344,557,900,6645,4195,10836,20050,20589,40635,4231,4502,8741,13010,12971,25984,9898,10875,20774
SED30042,19860,21363,41222,10283,5937,16221,2217,5377,7600,577,669,1244,1067,1026,2096,14140,13015,27158,4618,7193,11812,7.5,7.9,7.7,71.2,60.9,65.9,65.8,56.1,60.8,340,363,706,187,408,599,1410,2359,3768,1666,2322,3988,6010,3318,9325,239,355,593,346,532,876,6600,4200,10797,19522,20167,39682,4232,4680,8910,12021,12324,24346,10425,11371,21794
SED30043,20247,22892,43138,8552,4667,13223,2674,6171,8844,568,610,1174,926,912,1846,12724,12365,25088,6421,9378,15798,7.3,7.4,7.4,62.8,54,58.2,58.3,50,53.9,479,506,987,231,447,676,1983,2971,4952,1601,2497,4094,6092,2977,9068,184,368,556,375,621,998,6657,3967,10621,18436,20059,38494,5008,5569,10578,10802,11881,22686,11756,12964,24719
SED30044,21575,21887,43461,9543,5629,15171,2186,5456,7638,709,674,1384,1177,922,2101,13604,12682,26286,6002,7629,13624,8.7,7.3,8,63.1,57.9,60.5,57.7,53.7,55.7,459,426,887,273,437,711,1521,2724,4247,1277,1767,3043,6365,2757,9119,234,385,618,303,430,737,6900,3575,10472,20316,20341,40657,4021,4212,8235,12730,12615,25343,10480,10896,21375
SED30045,21735,22037,43772,9742,5357,15102,2307,5315,7617,708,725,1434,955,932,1890,13711,12325,26040,6423,8098,14528,7,7.6,7.3,63.1,55.9,59.5,58.7,51.7,55.2,295,353,652,135,321,456,1092,2147,3241,1267,2027,3296,5989,2876,8863,227,412,640,361,496,850,6575,3777,10357,20830,20656,41487,3972,4278,8252,13762,13471,27236,9688,10219,19905
SED30046,19415,19837,39252,9703,5442,15147,2192,4745,6936,652,599,1252,964,971,1936,13513,11762,25276,4797,6930,11729,7.1,8.3,7.7,69.6,59.3,64.4,64.6,54.4,59.4,243,272,514,113,255,361,995,1783,2775,1135,1920,3055,5936,2827,8765,182,354,537,322,499,821,6445,3684,10133,19635,19706,39339,3243,3299,6542,13490,13253,26736,8356,8833,17187
SED30047,19026,20827,39857,9412,6001,15408,2251,5108,7363,517,690,1205,893,754,1650,13073,12548,25624,4907,7197,12104,6.8,6,6.4,68.7,60.2,64.3,64,56.7,60.2,692,752,1439,282,562,846,2337,3336,5677,1624,2333,3958,4846,2288,7134,166,240,411,313,521,835,5330,3057,8378,18171,19360,37531,3711,3971,7685,11420,12251,23666,9626,10274,19900
SED30048,17680,17678,35360,8098,4484,12581,1683,4042,5721,565,501,1065,1248,1001,2250,11587,10024,21614,4343,6444,10784,10.8,10,10.4,65.5,56.7,61.1,58.5,51.1,54.8,219,264,486,123,286,412,1111,1999,3108,877,1348,2229,5710,2276,7989,140,293,439,214,332,546,6064,2909,8967,15656,15814,31464,3376,3636,7015,10340,10230,20566,7904,8451,16355
SED30049,18398,19870,38269,8475,5229,13704,2613,4942,7556,422,579,1002,875,870,1744,12383,11618,23999,5105,7394,12494,7.1,7.5,7.3,67.3,58.5,62.7,62.6,54.1,58.2,1393,1294,2688,357,603,963,3554,4348,7905,1664,1957,3621,3273,1465,4737,124,236,361,223,424,643,3623,2120,5740,17264,18343,35601,3786,4126,7912,11092,11846,22934,9259,9873,19139
SED30050,21423,23679,45101,8725,5472,14199,3032,6186,9219,601,609,1218,980,889,1868,13342,13154,26497,6350,8670,15021,7.3,6.8,7,62.3,55.6,58.8,57.7,51.8,54.6,620,729,1355,308,573,884,2493,3583,6077,1811,2668,4476,6019,2911,8929,176,322,499,367,621,989,6563,3852,10414,17517,18856,36373,5077,5535,10616,9956,10607,20562,12106,13291,25402
SED30051,21270,21100,42373,5765,3344,9110,1909,3996,5904,511,517,1030,1309,940,2246,9493,8797,18286,9996,10640,20636,13.8,10.7,12.3,44.6,41.7,43.2,38.5,37.2,37.9,162,198,359,117,287,408,759,1559,2317,1074,1677,2747,6100,2792,8897,267,466,733,370,510,883,6742,3774,10509,19216,19272,38486,3309,3578,6888,13268,13038,26309,8394,8880,17273
SED30052,21533,23754,45280,9471,6155,15624,3293,6155,9450,544,652,1190,911,910,1823,14217,13870,28085,5791,8156,13949,6.4,6.6,6.5,66,58.4,62,61.8,54.6,58,975,950,1927,258,451,709,3047,3914,6962,1958,2911,4868,4989,2409,7403,140,244,382,383,601,988,5516,3255,8773,18279,19648,37928,4939,5436,10377,10725,11573,22294,11943,12976,24921
SED30053,22833,19693,42530,10979,4901,15881,1720,4699,6425,856,717,1581,992,856,1839,14549,11172,25720,5407,6772,12179,6.8,7.7,7.2,63.7,56.7,60.5,59.4,52.4,56.2,151,173,327,104,250,354,707,1752,2457,787,1396,2185,7252,2580,9834,199,361,561,251,437,693,7703,3383,11087,20834,19049,39875,3215,3308,6523,14090,12334,26427,8576,8736,17311
SED30054,18003,19420,37424,8899,5255,14152,2588,5629,8217,429,557,985,781,688,1468,12697,12132,24822,4594,6476,11073,6.2,5.7,5.9,70.5,62.5,66.3,66.2,58.9,62.4,2395,1876,4267,513,925,1432,4353,5176,9527,1717,2227,3940,2671,1237,3910,89,208,293,235,407,642,2999,1851,4849,18884,19759,38645,2928,3048,5974,13055,13535,26593,8058,8515,16578
SED30055,20596,22054,42650,9920,5441,15361,2460,5774,8232,646,686,1328,1213,1134,2339,14234,13031,27264,5282,7898,13171,8.5,8.7,8.6,69.1,59.1,63.9,63.2,54,58.4,238,249,486,150,322,474,1030,1992,3025,1449,2400,3845,6430,3547,9981,267,414,683,329,566,891,7026,4536,11555,20749,21436,42190,4233,4673,8910,13048,13228,26275,10650,11724,22376
SED30056,19233,20213,39446,9561,6955,16517,3018,5258,8281,431,659,1083,960,824,1788,13970,13694,27667,3831,5213,9044,6.9,6,6.5,72.6,67.7,70.1,67.6,63.7,65.6,2358,2263,4622,561,968,1527,5766,6642,12409,1419,1631,3050,2020,1067,3088,101,125,225,190,234,418,2312,1427,3733,14521,15040,29565,5776,6207,11980,7907,8309,16214,11906,12566,24465
SED30057,13144,11925,25072,7055,4325,11384,858,2056,2911,568,450,1012,587,461,1044,9064,7289,16358,2474,3263,5733,6.5,6.3,6.4,69,61.1,65.2,64.5,57.3,61.1,169,216,390,68,200,266,693,1322,2015,511,787,1299,3666,1315,4984,151,209,362,148,201,353,3966,1730,5696,11831,10771,22602,2685,2720,5405,7583,6798,14381,5967,5745,11720
SED30058,17877,19220,37098,9194,5635,14834,2354,5192,7544,427,610,1033,838,648,1482,12811,12080,24890,4235,6039,10275,6.5,5.4,6,71.7,62.9,67.1,67,59.5,63.1,1580,1310,2893,438,736,1172,3774,4545,8310,1702,2114,3814,3270,1519,4792,127,199,327,270,396,659,3666,2111,5785,18009,18842,36849,3081,3247,6334,11877,12760,24639,8309,8483,16792
SED30059,21485,23541,45023,9988,5976,15962,3116,6639,9763,581,738,1315,900,832,1725,14584,14185,28773,5376,7672,13040,6.2,5.9,6,67.9,60.3,63.9,63.7,56.7,60.1,714,800,1512,253,546,806,2341,3461,5798,1948,2971,4921,5779,2774,8554,135,330,469,386,628,1018,6304,3729,10037,20156,21414,41575,4455,4903,9356,12210,12707,24915,11507,12705,24207
SED30060,19605,20368,39976,8509,5290,13800,2202,4702,6910,635,653,1285,1222,1012,2232,12568,11650,24226,5379,7113,12491,9.7,8.7,9.2,64.1,57.2,60.6,57.9,52.3,55,187,265,445,114,301,418,972,1939,2914,1058,1842,2904,5915,2865,8783,230,426,653,284,499,786,6434,3785,10216,19604,19854,39458,3670,3906,7572,12910,12731,25645,9007,9683,18691
SED30061,17476,18800,36278,7312,4861,12173,2294,4431,6724,506,607,1116,1243,961,2204,11359,10860,22220,5034,6900,11933,10.9,8.8,9.9,65,57.8,61.2,57.9,52.7,55.2,672,644,1318,209,415,622,1830,2863,4697,1188,1583,2768,4384,2034,6416,193,312,503,207,302,508,4777,2648,7430,15892,16618,32506,3957,4377,8333,9928,10314,20243,9217,9989,19208
SED30062,26515,29396,55917,13075,7654,20728,2949,6935,9888,798,933,1732,1419,1505,2926,18247,17028,35275,6577,10552,17132,7.8,8.8,8.3,68.8,57.9,63.1,63.4,52.8,57.9,604,579,1179,289,484,776,2189,3566,5762,2127,3355,5479,7355,4259,11608,312,498,812,437,724,1158,8103,5478,13579,25232,26833,52066,6982,7692,14674,13521,14131,27655,16753,18561,35313
SED30063,20313,20136,40448,7613,4019,11630,2026,4402,6426,632,559,1190,791,673,1457,11052,9648,20702,7695,9099,16801,7.2,7,7,54.4,47.9,51.2,50.6,44.6,47.6,199,253,450,119,314,435,986,1895,2882,1123,1847,2968,5393,2607,8000,242,428,669,334,542,877,5967,3577,9539,19343,19169,38504,3536,3638,7170,13147,12643,25786,8503,8969,17473
SED30064,19935,21666,41599,7905,4351,12254,2731,5814,8541,571,619,1188,946,827,1776,12159,11604,23765,6397,8718,15117,7.8,7.1,7.5,61,53.6,57.1,56.2,49.8,52.8,376,493,865,211,499,710,1537,2814,4351,1524,2590,4114,6123,2948,9066,217,332,548,358,542,898,6697,3818,10516,18465,19764,38230,4113,4421,8540,11734,12172,23900,10012,11022,21035
SED30065,20641,22367,43014,7473,4332,11807,3161,6118,9279,546,521,1066,843,716,1561,12021,11688,23710,7213,9212,16424,7,6.1,6.6,58.2,52.3,55.1,54.2,49,51.5,719,700,1420,323,603,924,2565,3450,6018,1907,2941,4850,5618,2464,8083,144,304,442,416,665,1077,6178,3426,9608,18670,19802,38472,4293,4690,8980,11110,11726,22839,11394,12286,23682
SED30066,22001,23099,45097,11171,7494,18661,2886,5228,8117,645,820,1468,1075,904,1983,15773,14454,30223,5003,7246,12248,6.8,6.3,6.6,71.7,62.6,67,66.8,58.6,62.6,967,1038,2012,399,625,1025,3306,4444,7754,2021,2466,4491,4961,2441,7403,237,275,514,321,419,745,5525,3138,8661,19786,20327,40117,4821,4905,9719,11784,12358,24148,11808,11883,23686
SED30067,20524,21431,41954,10708,6254,16960,2447,5679,8129,649,727,1372,958,914,1869,14759,13565,28325,4738,6867,11605,6.5,6.7,6.6,71.9,63.3,67.5,67.3,59.1,63.1,481,489,974,247,467,713,1789,2902,4691,1834,2496,4332,5997,3014,9009,216,373,587,323,496,818,6530,3878,10416,20512,21029,41547,3949,4110,8061,13152,13313,26465,10134,10738,20868
SED30068,21950,23868,45820,6687,3790,10483,2228,4396,6628,568,567,1132,1210,1074,2285,10699,9830,20525,9504,12028,21535,11.3,10.9,11.1,48.7,41.2,44.8,43.2,36.7,39.8,268,331,593,164,331,496,1138,1844,2979,1436,2266,3703,6114,3066,9179,249,421,664,384,606,993,6741,4099,10840,19336,20565,39899,4353,4625,8980,11720,12454,24174,11185,12018,23200
SED30069,19717,21932,41649,7831,4794,12629,2252,4663,6918,525,634,1164,1007,895,1902,11618,10989,22610,6715,9318,16039,8.7,8.1,8.4,58.9,50.1,54.3,53.8,46,49.7,441,495,938,207,441,646,1452,2595,4044,1571,2337,3909,5453,2662,8116,196,305,505,369,567,938,6022,3538,9557,17758,19129,36887,3697,4091,7779,11221,12026,23246,9651,10592,20244
SED30070,20270,21538,41806,9106,5235,14342,2290,5425,7712,538,636,1171,837,721,1565,12773,12017,24788,6479,8492,14968,6.6,6,6.3,63,55.8,59.3,58.9,52.4,55.6,463,502,964,225,443,670,1641,2591,4233,1648,2554,4205,6524,2833,9356,179,351,528,359,593,950,7057,3776,10838,19539,20293,39829,3863,4081,7947,12076,12497,24570,10560,11175,21732
SED30071,18933,20385,39326,8118,5002,13118,1981,4444,6429,558,643,1198,1344,926,2274,12005,11017,23014,5219,7734,12955,11.2,8.4,9.9,63.4,54,58.5,56.3,49.5,52.8,347,320,664,166,350,517,1189,2186,3377,806,1451,2261,5155,2530,7687,260,399,663,282,339,616,5689,3266,8959,17689,18519,36202,3801,4398,8199,11050,11228,22281,9315,10534,19851
SED30072,19181,21224,40402,9322,6096,15423,2415,5194,7607,520,683,1205,860,788,1643,13116,12761,25874,5174,7458,12634,6.6,6.2,6.4,68.4,60.1,64,63.9,56.4,60,752,805,1556,312,555,870,2433,3644,6080,1709,2382,4093,4749,2398,7142,174,259,426,308,419,732,5229,3071,8299,18653,20050,38707,3579,3813,7388,11805,12793,24596,9442,10252,19695
SED30073,25226,24515,49745,11440,8410,19852,4139,5774,9914,574,703,1280,1415,1152,2570,17572,16043,33621,5405,6459,11862,8.1,7.2,7.6,69.7,65.4,67.6,64,60.7,62.4,2583,2725,5312,627,984,1608,6452,7003,13452,2030,2123,4153,3046,1483,4534,153,198,352,273,320,592,3470,2007,5474,16640,16181,32818,8380,8135,16506,8112,8098,16206,16589,15965,32559
SED30074,19464,20170,39641,8132,4216,12351,2087,4669,6761,605,653,1267,654,554,1209,11482,10100,21586,6406,8548,14954,5.7,5.5,5.6,59,50.1,54.5,55.6,47.3,51.4,236,259,490,136,278,416,1057,2021,3076,1021,1679,2695,4589,2442,7034,197,342,538,336,488,830,5125,3274,8402,18687,18889,37573,3249,3489,6744,12921,12945,25870,7899,8373,16273
SED30075,24592,26430,51019,9213,5937,15152,3788,6241,10033,592,684,1272,1415,1296,2710,15009,14157,29166,7367,10120,17487,9.4,9.2,9.3,61,53.6,57.2,55.3,48.7,51.9,1047,1064,2113,232,435,668,2805,3850,6657,1909,2963,4872,5380,2681,8058,182,315,498,395,639,1031,5958,3631,9583,19565,20793,40366,6005,6459,12466,11136,11771,22909,13671,14707,28384
SED30076,19266,20208,39478,10116,6204,16321,2507,5297,7798,504,659,1161,879,792,1670,14004,12947,26952,4383,6355,10742,6.3,6.1,6.2,72.7,64.1,68.3,68.1,60.2,64,703,734,1439,264,522,787,2349,3371,5719,1781,2348,4129,5461,2401,7865,168,269,433,289,486,773,5912,3153,9071,19088,19572,38654,3400,3471,6873,12791,13142,25931,8771,9112,17882
SED30077,18532,20289,38825,9636,6746,16386,2510,5017,7529,462,738,1197,819,642,1459,13426,13142,26570,4030,5867,9897,6.1,4.9,5.5,72.4,64.8,68.4,68,61.6,64.7,1219,1306,2522,442,821,1262,3986,5056,9043,1602,1948,3548,3511,1724,5235,151,210,359,226,354,582,3890,2288,6176,16611,17727,34334,4253,4443,8693,10237,11181,21425,9835,10250,20084
SED30078,23119,24114,47236,10346,6309,16651,3711,5580,9291,597,665,1267,1364,1207,2569,16018,13753,29769,6144,9411,15553,8.5,8.8,8.6,69.3,57,63,63.4,52.1,57.6,2254,2102,4360,341,494,832,4776,5422,10197,2109,2335,4444,3194,1700,4892,153,210,361,277,419,692,3626,2319,5950,21871,22897,44769,5107,5201,10307,13322,13970,27292,12302,12752,25058
SED30079,22745,23286,46032,8358,4976,13334,3763,4922,8681,551,583,1129,1547,1283,2830,14216,11764,25978,7212,10163,17384,10.9,10.9,10.9,62.5,50.5,56.4,55.7,45,50.3,1948,1714,3668,269,488,755,4030,4630,8661,1817,2107,3920,3459,1658,5110,182,257,439,271,388,659,3903,2297,6209,19241,19621,38864,5732,5514,11243,11243,12103,23349,12714,12156,24877
SED30080,25202,25809,51006,9921,6239,16161,4016,6303,10314,599,650,1247,1105,1084,2190,15644,14274,29918,6521,8560,15081,7.1,7.6,7.3,62.1,55.3,58.7,57.7,51.1,54.4,1071,1051,2121,325,456,784,3706,4224,7929,2261,3009,5270,4879,2278,7159,185,287,472,401,667,1066,5469,3224,8692,18773,18988,37763,6020,6339,12356,10180,10547,20731,14178,14362,28540
SED30081,19494,20975,40473,9204,5939,15150,2098,5086,7182,616,700,1314,1361,1148,2510,13277,12875,26158,4797,6800,11601,10.3,8.9,9.6,68.1,61.4,64.6,61.1,55.9,58.4,258,309,568,149,340,485,1038,2423,3466,1264,1880,3146,6078,3186,9261,212,372,583,246,420,666,6535,3975,10511,19008,19793,38799,4242,4752,8989,11612,11938,23553,10289,11499,21792
SED30082,19394,21263,40663,8672,5185,13858,2182,5053,7230,473,584,1060,966,784,1750,12293,11603,23893,5633,8230,13858,7.9,6.8,7.3,63.4,54.6,58.8,58.4,50.9,54.5,598,663,1262,306,522,826,1941,3096,5040,1353,1984,3342,4761,2649,7405,248,367,608,298,432,726,5300,3446,8744,17590,19137,36729,4180,4563,8745,10851,11633,22478,10053,11177,21229
SED30083,18958,22186,41138,8475,5246,13725,2199,4947,7144,455,593,1054,926,832,1760,12056,11625,23683,5555,8840,14390,7.7,7.2,7.4,63.6,52.4,57.6,58.7,48.6,53.3,855,737,1597,257,506,758,2196,3309,5506,1301,1999,3302,4531,2610,7143,221,325,543,267,461,726,5018,3393,8414,17233,19508,36739,4512,4941,9451,10166,11736,21910,10533,11681,22219
SED30084,20484,20568,41046,8966,6183,15151,2330,4526,6856,582,663,1242,1312,1001,2314,13186,12379,25567,5263,6403,11663,9.9,8.1,9.1,64.4,60.2,62.3,58,55.3,56.6,721,805,1520,244,531,774,2215,3573,5793,1436,1882,3325,5114,2365,7480,208,307,509,254,348,609,5574,3024,8600,17063,17068,34130,4701,4877,9573,10458,10077,20533,10488,11139,21621
SED30085,16443,15829,32273,8108,4515,12625,1420,3461,4879,575,555,1130,571,416,992,10676,8953,19629,3822,5135,8956,5.3,4.6,5.1,64.9,56.6,60.8,61.4,53.9,57.7,116,171,290,62,219,287,739,1789,2531,850,1380,2229,3740,1805,5548,180,312,494,234,318,551,4162,2428,6593,15205,14304,29509,2992,3187,6179,10065,9216,19285,6939,7173,14118
SED30086,24147,25967,50119,10761,6378,17143,2651,5185,7835,657,771,1433,1440,1405,2848,15510,13742,29256,6844,10310,17153,9.3,10.2,9.7,64.2,52.9,58.4,58.3,47.5,52.7,331,385,709,150,338,487,1386,2307,3689,1417,2474,3889,6395,3782,10180,304,527,824,456,605,1062,7154,4915,12072,22464,23531,45997,5580,5934,11507,13660,14019,27682,12732,13822,26557
SED30087,23846,23238,47082,12096,6579,18674,2278,5965,8248,830,825,1657,1117,1012,2126,16317,14382,30703,4798,6849,11646,6.8,7,6.9,68.4,61.9,65.2,63.8,57.5,60.7,324,355,685,198,391,586,1481,2855,4334,1565,2211,3769,7977,3168,11144,236,410,646,357,568,926,8564,4151,12710,21543,20801,42349,4892,5316,10209,13068,12332,25400,11936,12504,24442
SED30088,23411,23892,47296,9242,5054,14293,2730,4195,6928,717,638,1357,1864,1669,3531,14546,11553,26101,6875,10345,17212,12.8,14.4,13.5,62.1,48.4,55.2,54.2,41.4,47.7,431,401,829,131,203,335,1283,1818,3098,1276,2013,3295,4792,3235,8021,342,487,830,378,555,933,5513,4273,9787,22848,22904,45756,5227,5313,10536,13672,13720,27390,12429,12640,25068
SED30089,21067,21680,42744,9827,6701,16530,3239,5610,8854,520,741,1265,1126,892,2017,14713,13947,28662,4987,6459,11442,7.7,6.4,7,69.8,64.3,67.1,64.5,60.2,62.3,1827,1855,3681,537,958,1496,4522,5596,10117,1730,2058,3789,3530,1586,5121,168,209,377,274,344,622,3970,2145,6119,18172,18601,36768,4833,4938,9769,10931,11527,22459,11239,11210,22444
SED39494,6509,5179,11693,1106,640,1749,428,552,978,205,149,354,612,375,986,2360,1712,4074,2632,2514,5145,25.9,21.9,24.2,36.3,33.1,34.8,26.7,25.9,26.3,143,123,266,48,71,118,448,701,1147,327,452,779,1395,508,1898,48,67,113,95,112,202,1534,683,2221,1610,1127,2737,3598,3312,6907,1044,637,1684,4011,3681,7693
SED39797,65,81,144,23,11,32,7,11,16,4,13,10,0,0,4,30,35,68,27,32,57,0,0,5.9,46.2,43.2,47.2,52.3,43.2,40.3,0,0,3,0,0,0,0,3,5,3,7,12,11,6,18,0,3,3,0,0,0,13,12,26,52,57,102,6,17,22,33,49,84,25,21,45
