"","SED_NAME_2016","Tot_Population","Under_Age","Working_Age","Retired","Median_rent_weekly","Median_tot_fam_inc_weekly","Tot_P_Need_for_Asstn","Ave_Motor_Vehicle_per_Dwelling","Non_sch_quals_PostGrad_Dgre_P","Non_sch_quals_Gr_Dip_Gr_Crt_P","Non_sch_quals_Bchelr_Degree_P","Non_sch_quls_Advncd_Dip_Dip_P","Non_sch_quls_Cert3a4_Level_P","Non_sch_quls_Cert1a2_Level_P","Non_sch_quls_Certnfd_Level_P","Non_sch_quls_CertTot_Level_P","Full_time_Employ","Employ_away_from_work","Unemploy","One_method_Train_P","One_method_Bus_P","One_met_Tram_incl_lt_rail_P","One_method_Taxi_P","One_method_Car_as_driver_P","One_method_Car_as_passenger_P","One_method_Truck_P","One_method_Bicycle_P","One_method_Other_P","One_method_Walked_only_P","One_method_Tot_one_method_P","Two_methods_Train_Bus_P","Two_mt_trn_Trm_incl_lt_rl_P","Two_methods_Trn_Car_as_drvr_P","Two_methods_Trn_Car_as_pass_P","Two_methods_Train_Other_P","Two_methods_Train_Tot_P","Two_mth_Bu_Trm_inc_lt_rl_P","Two_methods_Bus_Car_as_drvr_P","Two_methods_Bus_Car_as_pass_P","Two_methods_Bus_Other_P","Two_methods_Bus_Tot_P","Two_methds_Othr_two_methds_P","Two_methods_Tot_two_methods_P","Three_meth_Trn_two_othr_met_P","Three_met_Bs_2_ot_met_ex_tr_P","Three_meth_Othr_three_meth_P","Three_meth_Tot_three_meth_P","Tot_P"
"1","Albert",69881,0.319285642735508,0.588371660394098,0.092399937035818,410,1806,69881,2.09285544742464,1091,668,4995,5384,12078,679,1180,13932,0.595365565713972,0.046316887680861,0.0675946517310491,479,202,8,17,24766,1686,414,53,193,327,28396,74,0,203,32,17,321,0,43,22,3,76,228,624,88,12,5,107,33958
"2","Algester",54310,0.293297735223716,0.602356840360891,0.104474314122629,370,1801,54310,1.94395786483608,1955,600,5802,4025,7379,494,809,8684,0.605632816057729,0.0444179773706519,0.0756646933127824,388,1308,4,28,18001,1439,241,69,134,235,22058,107,0,258,37,3,408,0,148,89,19,252,146,808,67,14,4,91,26390
"3","Ashgrove",46556,0.277150098805739,0.602715009880574,0.120048973279491,400,2502,46556,1.75442941512669,3299,1539,9563,3622,4097,306,504,4904,0.598198475633228,0.0408037570251751,0.0521595195935022,840,2241,0,41,13517,1188,81,613,127,974,19971,155,0,105,23,13,300,3,149,82,23,259,165,721,48,20,13,83,24631
"4","Aspley",44487,0.245217704048374,0.572212106907636,0.182750016858858,395,2115,44487,1.85670632598661,1996,910,6678,3700,5436,350,664,6442,0.594090068390038,0.0451202202245258,0.0585831648673061,956,1007,3,30,13659,1099,149,121,117,252,17637,125,0,326,56,18,526,0,73,61,7,148,107,785,55,9,4,67,21888
"5","Barron River",60957,0.266614170644881,0.608232032416293,0.12520301195925,335,1802,60957,1.81132429516348,1821,1090,6990,5270,9740,551,999,11297,0.582486122372607,0.0496164161417077,0.0635876005738165,4,517,0,28,21090,1601,194,394,312,627,25046,0,0,4,0,0,3,0,18,50,21,92,236,330,5,12,17,37,30028
"6","Beaudesert",58081,0.272447099740018,0.563247877963534,0.16416728362115,320,1544,58081,2.10583669997874,848,612,3859,4023,9623,664,1039,11323,0.580149029108395,0.0554270821862497,0.0594648166501487,53,128,0,11,17413,1094,535,44,177,640,20287,5,0,106,13,0,129,0,86,13,3,104,147,377,25,4,7,37,25622
"7","Brisbane Central",62513,0.127109561211268,0.787148273159183,0.0856461855933966,430,2322,62513,1.12621398347774,5645,1814,15961,4756,4677,442,671,5793,0.619467632698063,0.0383787473092876,0.0758912164645351,1693,4329,13,201,12211,1360,64,1106,280,7537,29386,363,4,50,22,36,482,0,63,69,84,263,170,919,81,53,18,158,35206
"8","Broadwater",51599,0.182813620419,0.568034264229927,0.249249016453807,355,1417,51599,1.57537331701346,1274,529,4894,4311,7998,498,1075,9573,0.550062893081761,0.0435220125786164,0.08,154,317,29,36,15116,1062,112,208,196,472,17924,63,0,87,16,5,167,53,13,21,4,95,170,428,49,23,12,81,21937
"9","Buderim",49957,0.259803430950618,0.552635266329043,0.187601337149949,410,1701,49957,1.87108053883634,1403,919,5884,4410,7717,445,910,9073,0.530569276864523,0.0426350311766135,0.0686290387885659,54,268,6,25,16069,1100,199,157,204,300,18547,11,0,65,4,0,77,0,19,27,13,58,145,275,14,16,10,43,23007
"10","Bulimba",52351,0.242211228056771,0.659261523180073,0.0984126377719623,429,2541,52351,1.68535708536782,3115,1444,10334,4239,5482,309,619,6412,0.646811722621509,0.0392832529290145,0.0486364083883036,1493,1448,3,73,16255,1279,126,552,187,631,23183,209,0,158,46,28,447,0,78,48,26,391,368,1203,72,72,14,164,28995
"11","Bundaberg",43702,0.240057663264839,0.525628117706283,0.23445151251659,255,1168,43702,1.54470137257327,355,314,2479,2067,6825,614,662,8108,0.51219512195122,0.0478139746432429,0.115754164534652,4,161,0,37,10962,1306,139,163,78,378,13414,0,0,8,0,0,8,0,8,3,4,17,99,126,0,0,7,7,15549
"12","Bundamba",79568,0.337786547355721,0.591167303438568,0.0709456062738789,340,1615,79568,1.81970809077871,1446,700,5713,5280,11386,954,1224,13556,0.596100714174008,0.049444820935203,0.09852473544284,1607,181,3,41,23567,2128,280,76,186,326,28755,207,0,528,117,48,901,0,22,25,5,60,249,1212,175,0,15,190,34584
"13","Burdekin",48265,0.23886874546773,0.593597845229462,0.167533409302807,250,1547,48265,1.8599185788305,545,388,3010,2231,7762,518,614,8899,0.615592761711483,0.0561474716725858,0.0682394723490614,4,234,0,25,14837,1442,350,214,220,1091,18600,0,0,3,0,0,6,0,20,6,3,34,127,162,0,4,3,6,22036
"14","Burleigh",51486,0.228877753175621,0.594336324437711,0.17684419065377,390,1695,51486,1.72066832337546,1372,761,6020,4328,8230,411,909,9546,0.562754256441163,0.0460675003766762,0.0581211390688564,184,428,26,26,17580,1012,152,354,151,502,20623,42,0,72,11,11,136,81,16,26,10,126,156,420,35,20,11,57,24998
"15","Burnett",48417,0.233822830823884,0.539872358882211,0.226222194683685,280,1218,48417,1.88118527042578,597,535,3227,2828,8390,598,766,9757,0.535362974621287,0.0524788510722015,0.0962522132598859,10,159,0,10,12529,1024,242,88,142,637,14982,0,0,10,0,0,9,0,14,3,0,21,98,124,0,9,4,11,18376
"16","Cairns",60238,0.234038314685083,0.625634981241077,0.1402603008068,266,1419,60238,1.45761664924451,1277,751,5960,4252,8484,753,906,10145,0.556409637723622,0.0506359656681948,0.092413222570749,17,509,7,171,16765,1864,125,833,377,1461,22433,0,0,12,3,0,12,0,13,43,33,86,217,315,0,27,20,44,26332
"17","Callide",46182,0.249880905980685,0.550019488112252,0.19996968515872,175,1259,46182,1.94952362925106,309,322,2265,2124,6457,568,693,7714,0.600456281307345,0.0625402965828498,0.0657640232108317,3,269,3,8,10604,1023,289,102,238,1303,13993,0,0,0,0,0,0,0,32,8,3,42,114,157,0,4,14,20,18835
"18","Caloundra",51095,0.235404638418632,0.538076132694001,0.226675799980429,350,1426,51095,1.75837269214255,916,694,4415,4056,8793,520,983,10292,0.523704089606668,0.0532690804897109,0.0738039419987844,113,245,0,15,14271,1129,250,164,183,573,17069,19,0,90,10,8,123,0,7,18,9,39,136,295,20,12,8,39,21329
"19","Capalaba",47361,0.258313802495724,0.600620763919681,0.141002090327485,370,1795,47361,1.96277381245385,803,556,3990,3695,8739,527,790,10060,0.594380010897486,0.0464699929944734,0.0630886588308554,455,573,3,33,16719,1110,274,88,118,284,19918,47,0,168,24,13,257,0,124,43,9,180,175,616,53,19,3,80,24073
"20","Chatsworth",51151,0.266329104025337,0.606557056558034,0.126859689937636,425,2272,51151,1.88888888888889,2427,1159,8491,4147,5935,326,704,6959,0.615376424235971,0.0408902140347141,0.0500124232421112,366,2202,3,37,16731,1256,196,167,128,354,21707,63,0,211,23,8,302,0,182,98,20,315,226,834,50,25,5,83,26771
"21","Clayfield",52226,0.211944242331406,0.670202581089879,0.117872324129744,360,2409,52226,1.54229249011858,3295,1387,10935,4351,4886,329,702,5922,0.633596540087153,0.0394154844205629,0.051767635398578,2614,1737,13,93,15755,1325,91,415,230,863,23503,321,0,244,78,36,692,0,89,40,20,172,158,1016,84,20,12,116,28940
"22","Cleveland",50283,0.247260505538651,0.556987451027186,0.195652606248633,400,1914,50283,1.86921211437595,1379,816,5322,4618,7778,438,933,9147,0.589872227012621,0.0410362937994826,0.0564004076193462,882,311,3,27,16050,1058,202,108,185,447,19478,68,0,178,44,22,320,0,52,29,3,85,235,639,58,15,23,92,24076
"23","Condamine",57395,0.295147660946075,0.559909399773499,0.145099747364753,255,1626,57395,2.10230752405949,837,520,4113,3301,9102,645,847,10594,0.596901131333005,0.0550207293935774,0.0597990302859954,8,131,0,20,18274,1439,451,129,215,866,21713,3,0,4,0,0,3,0,5,3,3,19,166,190,3,3,10,15,26761
"24","Cook",51639,0.290865431166366,0.581304827746471,0.127849106295629,150,1302,51639,1.5499271619653,519,432,2906,2575,7557,872,728,9154,0.574500136948781,0.0616726011138501,0.0973249338080891,0,264,0,41,10700,1428,200,371,384,2788,16351,3,0,3,0,0,3,0,6,8,9,30,179,216,3,10,15,27,19778
"25","Coomera",74650,0.289457468184863,0.5663496316142,0.144286671131949,395,1636,74650,1.87480705852906,1322,690,5529,5822,11543,739,1412,13700,0.582688108000794,0.0450665078419694,0.0794690717263677,523,223,8,26,22859,1761,338,79,270,415,26753,91,0,183,43,14,334,5,22,18,4,60,212,607,104,18,7,123,32455
"26","Currumbin",48520,0.224051937345425,0.577184666117065,0.198928276999176,367,1609,48520,1.78892773224827,1081,644,4949,4084,8091,384,943,9422,0.528087541243787,0.0502443302844255,0.0628158543206783,93,266,3,24,15625,890,173,248,155,581,18194,10,0,56,6,8,81,19,15,17,4,61,140,275,31,3,4,37,22435
"27","Dalrymple",48456,0.26706702988278,0.555122172692752,0.177769522866105,200,1427,48456,1.85023526498266,561,443,3106,2520,7486,526,690,8705,0.574110953058321,0.0630156472261735,0.0746325272641062,6,279,3,13,11939,1160,234,93,213,1111,15174,0,0,0,0,0,4,0,40,10,3,50,114,163,0,6,8,16,19520
"28","Everton",46194,0.269948478157336,0.594752565268217,0.135385547906655,385,2173,46194,1.8852099893597,1649,1035,6635,4142,6360,346,648,7348,0.605545301025017,0.0424144837607509,0.0508581078427522,1150,686,7,32,15315,1005,158,236,122,369,19379,139,0,483,64,21,705,0,82,42,3,126,141,974,77,12,9,95,24170
"29","Ferny Grove",45719,0.286248605612546,0.574465758218684,0.139088781469411,380,2192,45719,2.01390653205857,1870,1225,6931,3960,5993,322,696,7010,0.580893042575286,0.0466458982346833,0.0534994807892004,1754,139,0,25,13485,961,164,153,109,271,17369,141,0,665,135,39,973,0,45,16,3,63,157,1195,100,4,8,120,22789
"30","Gaven",58463,0.280433778629218,0.589381318098626,0.130150693601081,395,1665,58463,1.97975687103594,1025,643,4759,4684,9875,562,1009,11445,0.568963241602323,0.0434567412393585,0.0701181284234145,243,231,9,23,20623,1462,305,74,184,291,23674,63,0,104,24,15,199,23,12,32,6,71,170,441,52,12,9,70,28187
"31","Gladstone",55616,0.29594001726122,0.610417865362486,0.0936600978135788,250,2023,55616,1.89593004426212,629,511,3814,2824,10946,678,715,12339,0.592175777063237,0.0498749553411933,0.109610575205431,3,560,3,54,16535,1270,124,149,151,601,19971,0,0,7,0,0,4,0,18,6,5,170,538,715,3,637,18,656,24923
"32","Glass House",55380,0.25061394005056,0.568562657999278,0.180859516070784,320,1459,55380,2.10013877324452,991,802,4302,4265,9479,631,962,11068,0.531450980392157,0.0538039215686274,0.0710196078431373,366,135,4,14,15100,1141,508,54,161,627,18276,41,0,137,26,16,223,0,6,9,6,20,157,400,69,8,10,81,23690
"33","Greenslopes",47328,0.240639790398918,0.639156524678837,0.120330459770115,370,2316,47328,1.63942140118508,3065,1410,9824,3601,4690,337,551,5576,0.610667065063121,0.0432135653992679,0.0540823186673639,358,3425,3,54,14292,1134,75,506,138,482,20734,125,0,58,16,7,204,0,189,100,32,326,184,714,35,27,10,74,25323
"34","Gregory",41497,0.29098489047401,0.607080029881678,0.102055570282189,150,1924,41497,1.94515885022693,350,329,2622,1890,6412,496,528,7432,0.656713579307722,0.0635697984024344,0.050114111829593,4,581,0,20,11389,1102,203,167,257,1605,15447,0,0,0,0,0,0,0,85,9,6,98,119,219,0,4,19,23,19971
"35","Gympie",49300,0.238458417849899,0.540283975659229,0.221095334685598,255,1163,49300,1.82737230356544,521,485,2898,3240,8446,657,846,9952,0.502431364603384,0.0564279201701955,0.0923918549285787,7,148,0,17,11801,964,318,57,143,567,14148,5,0,8,0,0,16,0,10,5,3,23,96,127,0,8,4,16,17920
"36","Hervey Bay",53035,0.220910719336287,0.497916470255492,0.281191665881022,290,1093,53035,1.59500252397779,641,602,3435,3437,8952,607,1005,10565,0.481239296278997,0.0513259639836006,0.119310810109502,5,121,0,25,11608,1003,159,196,129,491,13912,3,0,6,0,0,4,0,7,6,3,22,150,175,4,8,4,16,16967
"37","Hinchinbrook",52783,0.258568099577515,0.580205748062823,0.16139666180399,275,1535,52783,1.90482705779335,488,426,3235,2892,9897,529,685,11115,0.596434234443284,0.0562323548748888,0.0717794020961442,3,477,0,18,16426,1362,300,134,295,781,20019,0,0,4,0,0,3,0,28,14,0,51,151,208,0,7,11,19,23999
"38","Inala",58495,0.28581930079494,0.612479699119583,0.101940336780921,310,1377,58495,1.77731748318924,1063,470,4107,3340,6704,585,752,8033,0.557690761437646,0.048484361180349,0.109753155905765,887,453,0,29,14657,1533,205,101,102,265,18442,191,0,296,63,21,573,0,38,35,7,84,149,803,81,8,6,103,22143
"39","Indooroopilly",49953,0.247893019438272,0.639421055792445,0.11258583068084,420,2424,49953,1.53412585758221,5873,1405,12050,3040,2669,280,454,3406,0.52083091563189,0.0444083401028974,0.0929557850760125,2174,1426,4,54,11076,907,44,800,151,1243,18203,329,0,150,74,48,613,0,71,40,28,172,145,929,105,21,15,139,23446
"40","Ipswich",52119,0.28008979450872,0.580172298010323,0.139929776089334,280,1502,52119,1.72269519435421,663,534,3441,3404,8736,653,779,10168,0.582122033341546,0.0494374640716104,0.0891024061755769,734,136,0,30,15202,1239,210,96,101,460,18435,102,0,268,65,15,443,0,14,9,0,28,156,630,59,3,14,72,22182
"41","Ipswich West",55108,0.290284532191333,0.572856935472164,0.136949263264862,289,1484,55108,1.9438089392333,638,530,3172,3489,9247,689,900,10836,0.583353255239461,0.0494063271973862,0.0825962228065981,343,120,0,16,16204,1099,356,70,123,375,18919,63,0,303,47,11,412,0,17,11,3,30,150,599,64,4,4,68,23025
"42","Kallangur",53146,0.287585142814135,0.589602227825236,0.122944342001279,345,1651,53146,1.87859263824304,706,599,3768,3988,9325,593,876,10797,0.597282568672214,0.0458060240076589,0.0771779954341262,1237,212,3,22,16687,1198,301,70,139,259,20409,213,0,390,101,39,745,0,37,7,3,46,164,951,97,10,5,110,25061
"43","Kawana",53503,0.263050670055885,0.531689811786255,0.205147374913556,415,1521,53503,1.76890263410472,987,676,4952,4094,9068,556,998,10621,0.527064732142857,0.0467952806122449,0.0735809948979592,57,306,5,17,16254,1050,204,252,197,403,18886,14,0,67,7,7,90,0,9,28,5,34,155,284,15,14,12,43,23246
"44","Keppel",54580,0.26987907658483,0.573671674606083,0.156430927079516,300,1657,54580,1.87181580666231,887,711,4247,3043,9119,618,737,10472,0.577151335311573,0.0526516016130259,0.0799284790382713,12,443,0,32,16991,1486,235,106,129,540,20158,0,0,3,0,0,3,0,33,24,5,60,119,186,0,12,8,17,24191
"45","Lockyer",55221,0.279241592872277,0.579344814472755,0.141522246971261,285,1542,55221,2.17509795894497,652,456,3241,3296,8863,640,850,10357,0.579953917050691,0.0550691244239631,0.0725806451612903,102,122,3,8,16527,1448,553,27,139,488,19603,10,0,142,25,3,182,0,37,11,0,49,133,359,21,13,3,44,24150
"46","Logan",50214,0.294798263432509,0.592663400645238,0.112617994981479,365,1652,50214,2.20868459788572,514,361,2775,3055,8765,537,821,10133,0.599264124070264,0.0495331539800601,0.0765943978477607,88,485,0,18,16461,1213,609,41,137,239,19468,34,0,116,15,3,165,0,163,66,12,243,139,550,28,12,6,48,23340
"47","Lytton",49425,0.25697521497218,0.582741527567021,0.160424886191199,390,1950,49425,1.7528745495109,1439,846,5677,3958,7134,411,835,8378,0.601311270683734,0.0470262254136747,0.0643927567905089,1707,271,3,33,15098,1185,189,212,164,429,19543,157,0,226,78,39,491,0,33,21,3,57,191,737,85,12,18,111,23983
"48","Mackay",43364,0.243496909879162,0.605594502352181,0.150654921132737,250,1596,43364,1.63364011424944,486,412,3108,2229,7989,439,546,8967,0.58207643194226,0.0492736189506801,0.104099194966226,3,369,0,61,13547,1282,134,286,98,581,16533,3,0,3,0,0,6,0,22,13,8,45,133,187,0,10,7,16,19367
"49","Mansfield",46906,0.257088645375858,0.596938557966998,0.145994115891357,400,1957,46906,1.81177235772358,2688,963,7905,3621,4737,361,643,5740,0.571023792658027,0.041751739655819,0.0726696945706071,57,2405,3,33,13548,1153,137,136,103,447,18251,72,0,34,0,0,106,0,252,123,33,413,138,656,32,20,10,61,22259
"50","Maroochydore",52691,0.193752253705566,0.60490406331252,0.201134918676814,350,1468,52691,1.63498804119686,1355,884,6077,4476,8929,499,989,10414,0.535871985507793,0.045967468015247,0.0704985470053214,43,456,0,19,16635,1056,180,316,208,958,20062,4,0,45,0,0,58,0,11,18,14,46,155,256,14,26,10,53,24630
"51","Maryborough",51102,0.226233806896012,0.531701303275801,0.24190834018238,240,1080,51102,1.77230200174064,359,408,2317,2747,8897,733,883,10509,0.498195340697802,0.0563272448867986,0.122826205840534,7,136,0,28,10745,853,249,179,108,507,12978,0,0,4,0,0,7,0,10,9,3,22,109,133,0,8,0,9,16038
"52","Mermaid Beach",53648,0.219840441395765,0.60490605427975,0.175253504324486,420,1723,53648,1.76502846398914,1927,709,6962,4868,7403,382,988,8773,0.556311198148478,0.0423713726188357,0.064910094356418,217,387,161,35,17777,1169,150,336,194,723,21341,49,3,70,12,9,141,83,16,25,0,134,205,481,39,26,5,67,26268
"53","Mirani",53528,0.266141085039605,0.608223733373188,0.125653863398595,200,1799,53528,2.06228435455086,327,354,2457,2185,9834,561,693,11087,0.617457231726283,0.0614696734059098,0.0715007776049767,4,629,0,12,15332,1164,310,111,216,896,18818,0,0,4,0,0,7,0,79,14,5,101,140,251,0,9,8,21,23876
"54","Moggill",47419,0.287374259263165,0.556085113562074,0.156456272802041,440,2446,47419,2.04476234425473,4267,1432,9527,3940,3910,293,642,4849,0.570139392474418,0.0396825396825397,0.0591410845217952,226,1226,0,26,14249,980,114,385,112,314,17896,131,0,347,55,3,544,0,183,67,20,269,231,1044,68,25,12,104,23357
"55","Morayfield",55741,0.311189250282557,0.577420570136883,0.111641341203064,330,1560,55741,1.99004975124378,486,474,3025,3845,9981,683,891,11555,0.563416960093897,0.0487089201877934,0.0857907863849765,1003,132,6,17,16599,1452,384,61,147,292,20337,110,0,309,86,46,553,0,11,14,5,30,162,738,106,5,7,116,24924
"56","Mount Coot-tha",46006,0.203495196278746,0.701821501543277,0.0946398295874451,420,2611,46006,1.53164931377189,4622,1527,12409,3050,3088,225,418,3733,0.596992807315574,0.0391441066975097,0.0646257274008747,1238,2655,13,113,11887,1157,43,1093,164,2008,20777,318,0,51,32,22,438,0,84,79,53,231,190,855,81,30,17,125,25879
"57","Mount Isa",32588,0.288326991530625,0.619399779059777,0.0923959739781515,180,2021,32588,1.74525252525253,390,266,2015,1299,4984,362,353,5696,0.695928597628072,0.0618657537596283,0.0638219831275217,3,174,0,82,8947,1070,151,197,248,1766,12843,0,0,0,0,0,3,0,6,0,3,9,104,117,0,0,16,23,15307
"58","Mount Ommaney",46446,0.264866726951729,0.592085432545321,0.143155492399776,400,2177,46446,1.85855792114234,2893,1172,8310,3814,4792,327,659,5785,0.595982322217758,0.0415026114905585,0.0595419847328244,1553,565,3,39,14370,994,99,296,134,315,18592,300,0,420,94,35,849,0,55,47,6,111,170,1130,107,10,8,128,23407
"59","Mudgeeraba",56410,0.26812621875554,0.572150327956036,0.159723453288424,420,1743,56410,1.97964307154942,1512,806,5798,4921,8554,469,1018,10037,0.554756195043965,0.0457025683800785,0.0599520383693046,238,195,7,17,19141,1355,234,116,182,374,22063,22,0,100,11,13,150,20,16,29,0,60,167,379,45,13,10,71,27040
"60","Mulgrave",52611,0.309459998859554,0.564615764764023,0.125810191784988,270,1449,52611,1.78207763937598,445,418,2914,2904,8783,653,786,10216,0.569635928341451,0.0530421860810699,0.0921324197143565,6,333,3,40,15431,1505,245,158,224,584,18713,0,0,3,3,0,10,0,8,23,7,43,159,212,0,8,9,22,21993
"61","Mundingburra",44724,0.273656202486361,0.58228244343082,0.143971916644307,300,1660,44724,1.75100295955278,1318,622,4697,2768,6416,503,508,7430,0.547839783978398,0.0502250225022502,0.0991899189918992,7,256,0,45,14025,1289,90,442,151,468,17041,4,0,0,0,0,8,0,16,28,13,58,143,206,0,9,11,15,20015
"62","Murrumba",73389,0.303505975009879,0.565057433675346,0.131600103557754,360,1653,73389,1.83092887876487,1179,776,5762,5479,11608,812,1158,13579,0.587611622962438,0.0490999291282778,0.0829482636428065,732,345,0,49,21928,1855,368,95,203,455,26371,177,0,592,94,13,880,0,28,33,3,70,201,1150,122,11,4,143,32344
"63","Nanango",50313,0.251942837835152,0.532764891777473,0.215391648281756,230,1221,50313,1.91556105239487,450,435,2882,2968,8000,669,877,9539,0.561781470389334,0.0574823688532509,0.0703796734615013,10,138,0,14,12153,967,328,87,154,882,14876,0,0,31,3,0,38,0,8,4,4,20,82,138,3,0,6,13,19243
"64","Nicklin",51460,0.248289933929265,0.557811892732219,0.19387874076953,330,1415,51460,1.89674460230451,865,710,4351,4114,9066,548,898,10516,0.515632232274353,0.0499894803282138,0.0747317483694509,48,206,0,21,15196,1004,306,49,181,562,17736,7,0,37,0,3,50,0,11,18,3,30,150,234,4,16,13,38,21987
"65","Noosa",52125,0.230848920863309,0.534829736211031,0.234455635491607,400,1468,52125,1.80634452231649,1420,924,6018,4850,8083,442,1077,9608,0.497975537747786,0.0449599325179249,0.0658371994938844,45,333,5,24,14171,1020,175,189,254,640,17070,0,0,25,0,0,23,0,11,30,7,54,133,211,6,9,8,28,22156
"66","Nudgee",54688,0.226375073142188,0.641639847864248,0.131893651258046,365,1892,54688,1.58729219081446,2012,1025,7754,4491,7403,514,745,8661,0.617443668729114,0.0485722793898686,0.0656122820368593,2936,1022,0,59,15965,1379,191,268,174,733,23048,281,0,411,117,43,845,0,51,50,11,116,163,1118,98,13,9,118,28245
"67","Pine Rivers",53732,0.2865517754783,0.59780019355319,0.1156852527358,350,1825,53732,1.97608633910821,974,713,4691,4332,9009,587,818,10416,0.598764342453663,0.0484377758164166,0.0659841129744042,1269,206,3,17,17222,1190,290,96,149,378,21149,155,0,538,86,37,812,0,48,24,8,76,164,1054,104,4,6,114,26462
"68","Pumicestone",54770,0.215957641044367,0.505513967500456,0.278510133284645,300,1179,54770,1.6310121339116,593,496,2979,3703,9179,664,993,10840,0.51074299634592,0.0551522533495737,0.111327649208283,374,181,0,10,11847,1149,259,110,140,399,14629,59,0,191,19,14,283,0,11,22,4,36,113,435,50,5,0,55,18244
"69","Redcliffe",49437,0.211622873556243,0.55970224730465,0.228452373728179,310,1468,49437,1.6006287687471,938,646,4044,3909,8116,505,938,9557,0.558558160106148,0.0514816452896948,0.0841220698805838,256,309,0,31,13441,1004,175,144,154,636,16387,160,0,430,45,9,652,0,20,31,12,61,145,858,95,13,8,114,20703
"70","Redlands",51755,0.256709496666989,0.548855183074099,0.194338711235629,395,1754,51755,1.93520249221184,964,670,4233,4205,9356,528,950,10838,0.578586412780378,0.0472406002904631,0.0631353880910118,111,419,0,10,15726,961,335,54,134,341,18307,14,0,117,12,3,142,0,155,33,5,240,600,985,43,66,61,171,23223
"71","Rockhampton",49573,0.277610796199544,0.565247211183507,0.157182337159341,270,1485,49573,1.65626094059984,664,517,3377,2261,7687,663,616,8959,0.570000869036239,0.0520552707047884,0.0988094203528287,4,292,0,83,14247,1477,222,208,89,726,17544,0,0,4,0,0,13,0,31,14,0,41,142,198,0,4,4,13,20742
"72","Sandgate",49956,0.248338537913364,0.593522299623669,0.158239250540476,365,1857,49956,1.70223560238613,1556,870,6080,4093,7142,426,732,8299,0.59608100796166,0.0465718481873696,0.0635000386488367,1749,772,7,39,14854,1107,188,139,116,352,19595,215,0,445,71,46,785,0,32,52,8,95,144,1025,84,9,8,101,24231
"73","South Brisbane",55671,0.159185213127122,0.74606168382102,0.0946094016633436,400,2169,55671,1.30482629983679,5312,1608,13452,4153,4534,352,592,5474,0.590464293150115,0.0380714434430862,0.0764403200380714,607,4521,3,140,12532,1228,66,1562,224,3570,25647,227,0,23,16,17,286,0,86,87,91,375,282,949,84,46,24,159,31048
"74","Southern Downs",49115,0.252265092130714,0.531181919983712,0.216491906749466,220,1260,49115,1.87231381466742,490,416,3076,2695,7034,538,830,8402,0.572176410636524,0.0586954507551191,0.0560085240433614,5,53,3,42,13048,1165,361,113,181,1043,16134,0,0,3,0,0,8,0,4,0,3,8,121,133,8,3,9,15,20373
"75","Southport",59729,0.214552394984011,0.614508865040433,0.170838286259606,365,1422,59729,1.58747802954729,2113,668,6657,4872,8058,498,1031,9583,0.519509017348968,0.0436124254268669,0.0929164095179318,233,419,581,52,17095,1547,134,306,203,1179,22006,70,10,80,14,3,181,104,13,15,15,155,245,577,63,33,26,121,26456
"76","Springwood",49374,0.266273747316401,0.602989427633977,0.130858346498157,370,1920,49374,2.0022510190424,1439,787,5719,4129,7865,433,773,9071,0.60555802908875,0.0430765805877115,0.0619620065301276,58,1514,0,36,17125,1184,245,79,131,263,20865,48,0,27,13,0,91,0,265,93,17,380,171,650,31,26,8,64,25280
"77","Stafford",47287,0.231374373506461,0.635481210480682,0.133102121090363,360,2174,47287,1.58721614802355,2522,1262,9043,3548,5235,359,582,6176,0.616710575837411,0.0450508091832894,0.0549115543846443,1110,2280,3,65,14136,1125,119,436,133,730,20486,196,0,283,46,23,543,0,96,63,39,198,175,918,53,19,7,79,25113
"78","Stretton",59141,0.265839265484182,0.631845927529125,0.102314806986693,400,1658,59141,1.91959397810219,4360,832,10197,4444,4892,361,692,5950,0.559340253283617,0.0425610534448587,0.086297826598139,448,2457,5,60,17311,1642,152,93,136,264,22712,129,0,106,24,7,268,0,259,140,20,427,202,890,63,34,3,97,27204
"79","Sunnybank",54785,0.217358766085607,0.637108697636214,0.145605548964133,370,1420,54785,1.72377063731582,3668,755,8661,3920,5110,439,659,6209,0.513280468088382,0.0434598506428516,0.108938332435137,695,2193,5,71,13596,1534,143,142,137,644,19329,195,0,105,19,6,329,0,138,97,18,257,167,746,71,23,5,94,23146
"80","Surfers Paradise",58376,0.177178977662053,0.636340276826093,0.186360833219131,380,1627,58376,1.54395832372874,2121,784,7929,5270,7159,472,1066,8692,0.540176482385186,0.0416805936225684,0.073200080219266,270,408,806,64,16509,1247,115,413,298,1993,22394,65,16,100,13,12,201,172,19,14,8,214,228,644,54,31,22,107,27729
"81","Thuringowa",52997,0.31197992339189,0.582731097986678,0.105100288695587,300,1631,52997,1.90233520543896,568,485,3466,3146,9261,583,666,10511,0.579172719626883,0.0502331982567475,0.0959553482682162,9,271,3,24,17419,1457,209,188,194,318,20365,0,0,0,3,0,4,0,13,17,12,49,152,201,0,8,9,19,23650
"82","Toowoomba North",50427,0.262656909988697,0.561683225256311,0.175759017986396,275,1538,50427,1.69301241394265,1262,826,5040,3342,7405,608,726,8744,0.580002511195748,0.0443644582095174,0.0732432093081656,9,103,0,73,15567,1392,185,209,109,867,18705,0,0,5,0,0,7,0,5,11,10,24,161,193,0,3,9,10,22145
"83","Toowoomba South",51015,0.257728119180633,0.54331079094384,0.199274723120651,295,1546,51015,1.61772395027477,1597,758,5506,3302,7143,543,726,8414,0.579529620402821,0.044504496896508,0.0743149094287041,11,96,3,77,15780,1542,141,224,101,608,18755,3,0,15,0,0,14,0,5,6,4,25,162,200,0,11,3,12,21918
"84","Townsville",49815,0.2343671584864,0.634226638562682,0.131225534477567,265,1691,49815,1.53597988336633,1520,774,5793,3325,7480,509,609,8600,0.59259983572574,0.0485782453944538,0.090507294559393,3,343,3,54,15557,1412,149,489,188,1210,19765,3,0,5,0,3,8,0,8,17,10,46,277,328,0,26,47,77,23254
"85","Warrego",41111,0.269660188270779,0.570261000705407,0.160176108584077,180,1480,41111,1.96782940055694,290,287,2531,2229,5548,494,551,6593,0.6431810076927,0.0575678842528911,0.0505374700697947,5,94,0,16,10655,1009,316,154,269,1422,14083,3,0,3,0,0,6,0,7,0,4,11,125,144,0,3,20,28,18642
"86","Waterford",64271,0.286505577943396,0.579437071151841,0.134026232671034,330,1419,64271,1.7555351000436,709,487,3689,3889,10180,824,1062,12072,0.585965272080941,0.0489814055236533,0.097347552638775,636,488,3,29,18447,1657,319,72,127,341,22386,86,0,117,45,28,277,0,108,47,10,163,187,623,79,7,6,91,26408
"87","Whitsunday",59648,0.271241282188841,0.612225053648069,0.116550429184549,300,1817,59648,1.89571458729153,685,586,4334,3769,11144,646,926,12710,0.608214181024656,0.0539686675569163,0.0692440478129173,14,678,3,52,18565,1461,229,161,415,1569,23444,0,0,7,0,0,7,0,45,22,9,84,262,357,3,17,18,43,28572
"88","Woodridge",63578,0.331026455692221,0.573169964453113,0.0958822234106137,310,1268,63578,1.70592094472691,829,335,3098,3295,8021,830,933,9787,0.547603540094249,0.051990345197502,0.135282173096816,414,692,0,59,15416,1724,247,74,124,286,19268,111,0,73,35,11,227,0,140,51,9,205,152,585,50,6,3,59,22576
"89","Yeerongpilly",51391,0.227958202798155,0.654628242299235,0.117277344282073,360,2157,51391,1.62146800021862,3681,1496,10117,3789,5121,377,622,6119,0.576721791919615,0.0441350917591236,0.070371921010397,1356,2488,0,60,14361,1228,111,862,114,638,21540,283,0,112,43,32,475,0,139,81,39,269,173,921,76,22,8,99,26645
