Electorate,TotalEstimatedCost,Party,Safety,Margin,MarginPower,Tot_P_M,Tot_P_F,Tot_P_P,Indigenous_psns_Aboriginal_M,Indigenous_psns_Aboriginal_F,Indigenous_psns_Aboriginal_P,Indig_psns_Torres_Strait_Is_M,Indig_psns_Torres_Strait_Is_F,Indig_psns_Torres_Strait_Is_P,Indig_Bth_Abor_Torres_St_Is_M,Indig_Bth_Abor_Torres_St_Is_F,Indig_Bth_Abor_Torres_St_Is_P,Indigenous_P_Tot_M,Indigenous_P_Tot_F,Indigenous_P_Tot_P,Birthplace_Australia_M,Birthplace_Australia_F,Birthplace_Australia_P,Birthplace_Elsewhere_M,Birthplace_Elsewhere_F,Birthplace_Elsewhere_P,Lang_spoken_home_Eng_only_M,Lang_spoken_home_Eng_only_F,Lang_spoken_home_Eng_only_P,Lang_spoken_home_Oth_Lang_M,Lang_spoken_home_Oth_Lang_F,Lang_spoken_home_Oth_Lang_P,Australian_citizen_M,Australian_citizen_F,Australian_citizen_P,Tot_Population,Under_Age,Working_Age,Retired,Median_rent_weekly,Median_tot_fam_inc_weekly,Tot_P_Need_for_Asstn,Ave_Motor_Vehicle_per_Dwelling,Non_sch_quals_PostGrad_Dgre_P,Non_sch_quals_Gr_Dip_Gr_Crt_P,Non_sch_quals_Bchelr_Degree_P,Non_sch_quls_Advncd_Dip_Dip_P,Non_sch_quls_Cert3a4_Level_P,Non_sch_quls_Cert1a2_Level_P,Non_sch_quls_Certnfd_Level_P,Non_sch_quls_CertTot_Level_P,Full_time_Employ,Employ_away_from_work,Unemploy,One_method_Train_P,One_method_Bus_P,One_met_Tram_incl_lt_rail_P,One_method_Taxi_P,One_method_Car_as_driver_P,One_method_Car_as_passenger_P,One_method_Truck_P,One_method_Bicycle_P,One_method_Other_P,One_method_Walked_only_P,One_method_Tot_one_method_P,Two_methods_Train_Bus_P,Two_mt_trn_Trm_incl_lt_rl_P,Two_methods_Trn_Car_as_drvr_P,Two_methods_Trn_Car_as_pass_P,Two_methods_Train_Other_P,Two_methods_Train_Tot_P,Two_mth_Bu_Trm_inc_lt_rl_P,Two_methods_Bus_Car_as_drvr_P,Two_methods_Bus_Car_as_pass_P,Two_methods_Bus_Other_P,Two_methods_Bus_Tot_P,Two_methds_Othr_two_methds_P,Two_methods_Tot_two_methods_P,Three_meth_Trn_two_othr_met_P,Three_met_Bs_2_ot_met_ex_tr_P,Three_meth_Othr_three_meth_P,Three_meth_Tot_three_meth_P,Tot_P
ALGESTER,7700000,ALP,Safe,28.85,28.85,26679.0,27634.0,54310.0,450.0,442.0,890.0,43.0,31.0,69.0,43.0,37.0,83.0,534.0,512.0,1042.0,16096.0,16546.0,32643.0,9388.0,9932.0,19324.0,18365.0,18773.0,37139.0,7145.0,7756.0,14898.0,21293.0,22026.0,43311.0,54310.0,0.293297735,0.60235684,0.104474314,370.0,1801.0,54310.0,1.943957865,1955.0,600.0,5802.0,4025.0,7379.0,494.0,809.0,8684.0,0.605632816,0.044417977000000004,0.07566469299999999,388.0,1308.0,4.0,28.0,18001.0,1439.0,241.0,69.0,134.0,235.0,22058.0,107.0,0.0,258.0,37.0,3.0,408.0,0.0,148.0,89.0,19.0,252.0,146.0,808.0,67.0,14.0,4.0,91.0,26390.0
ASPLEY,15000000,ALP,Marginal,2.34,2.34,21419.0,23070.0,44487.0,269.0,281.0,547.0,12.0,10.0,16.0,17.0,24.0,42.0,290.0,309.0,602.0,14983.0,16196.0,31180.0,5546.0,5922.0,11469.0,17099.0,18297.0,35398.0,3463.0,3915.0,7376.0,18548.0,20039.0,38585.0,44487.0,0.24521770399999998,0.572212107,0.182750017,395.0,2115.0,44487.0,1.8567063259999999,1996.0,910.0,6678.0,3700.0,5436.0,350.0,664.0,6442.0,0.594090068,0.04512022,0.058583165,956.0,1007.0,3.0,30.0,13659.0,1099.0,149.0,121.0,117.0,252.0,17637.0,125.0,0.0,326.0,56.0,18.0,526.0,0.0,73.0,61.0,7.0,148.0,107.0,785.0,55.0,9.0,4.0,67.0,21888.0
BARRON RIVER,169975000,ALP,Marginal,3.72,3.72,29957.0,31001.0,60957.0,934.0,930.0,1865.0,268.0,266.0,533.0,194.0,192.0,388.0,1402.0,1389.0,2794.0,21017.0,21158.0,42176.0,6438.0,7443.0,13886.0,25020.0,25413.0,50429.0,2620.0,3374.0,5996.0,24972.0,25481.0,50456.0,60957.0,0.266614171,0.608232032,0.125203012,335.0,1802.0,60957.0,1.811324295,1821.0,1090.0,6990.0,5270.0,9740.0,551.0,999.0,11297.0,0.582486122,0.049616415999999997,0.063587601,4.0,517.0,0.0,28.0,21090.0,1601.0,194.0,394.0,312.0,627.0,25046.0,0.0,0.0,4.0,0.0,0.0,3.0,0.0,18.0,50.0,21.0,92.0,236.0,330.0,5.0,12.0,17.0,37.0,30028.0
BONNEY,48017000,LNP,Marginal,3.38,-3.38,,,,,,,,,,,,,,,,,,,,,,,,,,,,,,,,,,,,,,,,,,,,,,,,,,,,,,,,,,,,,,,,,,,,,,,,,,,,,,
BUDERIM,6871000,LNP,Safe,22.81,-22.81,23704.0,26250.0,49957.0,305.0,328.0,629.0,21.0,20.0,41.0,13.0,15.0,24.0,333.0,362.0,695.0,17174.0,19067.0,36240.0,5200.0,5849.0,11054.0,21337.0,23503.0,44844.0,1161.0,1567.0,2730.0,20257.0,22625.0,42882.0,49957.0,0.25980343100000003,0.552635266,0.18760133699999998,410.0,1701.0,49957.0,1.871080539,1403.0,919.0,5884.0,4410.0,7717.0,445.0,910.0,9073.0,0.530569277,0.042635031,0.068629039,54.0,268.0,6.0,25.0,16069.0,1100.0,199.0,157.0,204.0,300.0,18547.0,11.0,0.0,65.0,4.0,0.0,77.0,0.0,19.0,27.0,13.0,58.0,145.0,275.0,14.0,16.0,10.0,43.0,23007.0
BULIMBA,12950000,ALP,Safe,21.56,21.56,25467.0,26878.0,52351.0,301.0,321.0,613.0,30.0,31.0,66.0,20.0,16.0,34.0,349.0,368.0,714.0,17906.0,19103.0,37009.0,5942.0,6157.0,12095.0,20952.0,22059.0,43012.0,2928.0,3272.0,6206.0,21010.0,22369.0,43383.0,52351.0,0.242211228,0.659261523,0.09841263800000001,429.0,2541.0,52351.0,1.685357085,3115.0,1444.0,10334.0,4239.0,5482.0,309.0,619.0,6412.0,0.646811723,0.039283253,0.048636408,1493.0,1448.0,3.0,73.0,16255.0,1279.0,126.0,552.0,187.0,631.0,23183.0,209.0,0.0,158.0,46.0,28.0,447.0,0.0,78.0,48.0,26.0,391.0,368.0,1203.0,72.0,72.0,14.0,164.0,28995.0
BUNDABERG,6379214,LNP,Fairly Safe,8.4,-8.4,21015.0,22684.0,43702.0,945.0,1027.0,1967.0,68.0,48.0,117.0,73.0,60.0,137.0,1082.0,1136.0,2219.0,17066.0,18381.0,35449.0,2284.0,2540.0,4826.0,18390.0,19834.0,38225.0,1075.0,1231.0,2311.0,18386.0,19886.0,38267.0,43702.0,0.240057663,0.525628118,0.234451513,255.0,1168.0,43702.0,1.544701373,355.0,314.0,2479.0,2067.0,6825.0,614.0,662.0,8108.0,0.5121951220000001,0.047813975,0.115754165,4.0,161.0,0.0,37.0,10962.0,1306.0,139.0,163.0,78.0,378.0,13414.0,0.0,0.0,8.0,0.0,0.0,8.0,0.0,8.0,3.0,4.0,17.0,99.0,126.0,0.0,0.0,7.0,7.0,15549.0
BUNDAMBA,2000000,ALP,Safe,43.11,43.11,39316.0,40254.0,79568.0,1308.0,1435.0,2747.0,94.0,82.0,180.0,76.0,74.0,149.0,1483.0,1591.0,3075.0,24847.0,25194.0,50041.0,11709.0,12239.0,23952.0,29000.0,29229.0,58231.0,7733.0,8402.0,16140.0,30039.0,30650.0,60691.0,79568.0,0.33778654700000005,0.591167303,0.070945606,340.0,1615.0,79568.0,1.8197080909999999,1446.0,700.0,5713.0,5280.0,11386.0,954.0,1224.0,13556.0,0.596100714,0.04944482099999999,0.098524735,1607.0,181.0,3.0,41.0,23567.0,2128.0,280.0,76.0,186.0,326.0,28755.0,207.0,0.0,528.0,117.0,48.0,901.0,0.0,22.0,25.0,5.0,60.0,249.0,1212.0,175.0,0.0,15.0,190.0,34584.0
BURDEKIN,4300000,LNP,Swing,1.6,-1.6,25405.0,22862.0,48265.0,1498.0,1187.0,2689.0,184.0,151.0,338.0,194.0,199.0,395.0,1885.0,1542.0,3421.0,20107.0,18206.0,38315.0,2502.0,2613.0,5117.0,20735.0,19300.0,40038.0,1390.0,1578.0,2971.0,21098.0,19759.0,40859.0,48265.0,0.238868745,0.593597845,0.167533409,250.0,1547.0,48265.0,1.8599185790000001,545.0,388.0,3010.0,2231.0,7762.0,518.0,614.0,8899.0,0.615592762,0.056147472000000004,0.068239472,4.0,234.0,0.0,25.0,14837.0,1442.0,350.0,214.0,220.0,1091.0,18600.0,0.0,0.0,3.0,0.0,0.0,6.0,0.0,20.0,6.0,3.0,34.0,127.0,162.0,0.0,4.0,3.0,6.0,22036.0
BURLEIGH,498000,LNP,Fairly Safe,9.71,-9.71,24643.0,26841.0,51486.0,348.0,393.0,743.0,19.0,25.0,46.0,17.0,16.0,33.0,384.0,433.0,821.0,17562.0,18869.0,36433.0,5272.0,6004.0,11277.0,21116.0,22561.0,43677.0,1874.0,2480.0,4348.0,20479.0,22227.0,42705.0,51486.0,0.22887775300000002,0.594336324,0.176844191,390.0,1695.0,51486.0,1.7206683230000002,1372.0,761.0,6020.0,4328.0,8230.0,411.0,909.0,9546.0,0.5627542560000001,0.046067500000000004,0.058121139,184.0,428.0,26.0,26.0,17580.0,1012.0,152.0,354.0,151.0,502.0,20623.0,42.0,0.0,72.0,11.0,11.0,136.0,81.0,16.0,26.0,10.0,126.0,156.0,420.0,35.0,20.0,11.0,57.0,24998.0
BURNETT,20927000,LNP,Safe,21.31,-21.31,24353.0,24066.0,48417.0,665.0,679.0,1341.0,32.0,28.0,54.0,38.0,34.0,77.0,737.0,741.0,1475.0,19446.0,19013.0,38462.0,2954.0,3237.0,6200.0,21897.0,21574.0,43472.0,775.0,962.0,1738.0,21632.0,21283.0,42908.0,48417.0,0.233822831,0.539872359,0.226222195,280.0,1218.0,48417.0,1.88118527,597.0,535.0,3227.0,2828.0,8390.0,598.0,766.0,9757.0,0.535362975,0.05247885099999999,0.096252213,10.0,159.0,0.0,10.0,12529.0,1024.0,242.0,88.0,142.0,637.0,14982.0,0.0,0.0,10.0,0.0,0.0,9.0,0.0,14.0,3.0,0.0,21.0,98.0,124.0,0.0,9.0,4.0,11.0,18376.0
CAIRNS,448503000,ALP,Fairly Safe,6.78,6.78,29778.0,30456.0,60238.0,1381.0,1623.0,3005.0,1092.0,1328.0,2423.0,672.0,700.0,1375.0,3153.0,3658.0,6806.0,18899.0,18725.0,37624.0,7071.0,8040.0,15115.0,20935.0,20725.0,41662.0,5225.0,6242.0,11467.0,22767.0,22707.0,45475.0,60238.0,0.234038315,0.625634981,0.140260301,266.0,1419.0,60238.0,1.457616649,1277.0,751.0,5960.0,4252.0,8484.0,753.0,906.0,10145.0,0.556409638,0.050635966,0.092413223,17.0,509.0,7.0,171.0,16765.0,1864.0,125.0,833.0,377.0,1461.0,22433.0,0.0,0.0,12.0,3.0,0.0,12.0,0.0,13.0,43.0,33.0,86.0,217.0,315.0,0.0,27.0,20.0,44.0,26332.0
CALLIDE,43954210,LNP,Safe,12.23,-12.23,23735.0,22449.0,46182.0,1664.0,1714.0,3378.0,44.0,33.0,78.0,83.0,86.0,175.0,1790.0,1833.0,3626.0,19031.0,18197.0,37228.0,2089.0,2027.0,4109.0,20485.0,19677.0,40163.0,915.0,811.0,1727.0,20405.0,19623.0,40023.0,46182.0,0.249880906,0.550019488,0.199969685,175.0,1259.0,46182.0,1.949523629,309.0,322.0,2265.0,2124.0,6457.0,568.0,693.0,7714.0,0.600456281,0.06254029700000001,0.065764023,3.0,269.0,3.0,8.0,10604.0,1023.0,289.0,102.0,238.0,1303.0,13993.0,0.0,0.0,0.0,0.0,0.0,0.0,0.0,32.0,8.0,3.0,42.0,114.0,157.0,0.0,4.0,14.0,20.0,18835.0
CALOUNDRA,101000000,LNP,Fairly Safe,6.81,-6.81,24619.0,26478.0,51095.0,499.0,532.0,1033.0,18.0,18.0,40.0,21.0,14.0,33.0,540.0,569.0,1106.0,18503.0,19825.0,38323.0,4524.0,4963.0,9485.0,22231.0,23762.0,45991.0,965.0,1250.0,2211.0,21283.0,22911.0,44194.0,51095.0,0.235404638,0.538076133,0.22667579999999998,350.0,1426.0,51095.0,1.7583726919999998,916.0,694.0,4415.0,4056.0,8793.0,520.0,983.0,10292.0,0.52370409,0.05326908,0.073803942,113.0,245.0,0.0,15.0,14271.0,1129.0,250.0,164.0,183.0,573.0,17069.0,19.0,0.0,90.0,10.0,8.0,123.0,0.0,7.0,18.0,9.0,39.0,136.0,295.0,20.0,12.0,8.0,39.0,21329.0
CAPALABA,13893000,ALP,Safe,15.72,15.72,23399.0,23960.0,47361.0,530.0,591.0,1118.0,36.0,19.0,60.0,17.0,43.0,60.0,581.0,654.0,1234.0,17697.0,17972.0,35670.0,4694.0,4993.0,9681.0,20912.0,21176.0,42086.0,1614.0,1914.0,3527.0,20392.0,20912.0,41299.0,47361.0,0.258313802,0.600620764,0.14100209,370.0,1795.0,47361.0,1.9627738119999998,803.0,556.0,3990.0,3695.0,8739.0,527.0,790.0,10060.0,0.594380011,0.046469993,0.063088659,455.0,573.0,3.0,33.0,16719.0,1110.0,274.0,88.0,118.0,284.0,19918.0,47.0,0.0,168.0,24.0,13.0,257.0,0.0,124.0,43.0,9.0,180.0,175.0,616.0,53.0,19.0,3.0,80.0,24073.0
CHATSWORTH,2778197,LNP,Marginal,5.8,-5.8,24904.0,26242.0,51151.0,284.0,337.0,625.0,14.0,22.0,34.0,17.0,16.0,34.0,319.0,375.0,694.0,17495.0,18367.0,35861.0,6314.0,6821.0,13134.0,19864.0,20544.0,40411.0,4012.0,4717.0,8734.0,21347.0,22578.0,43924.0,51151.0,0.266329104,0.6065570570000001,0.12685969,425.0,2272.0,51151.0,1.888888889,2427.0,1159.0,8491.0,4147.0,5935.0,326.0,704.0,6959.0,0.615376424,0.040890214,0.050012423,366.0,2202.0,3.0,37.0,16731.0,1256.0,196.0,167.0,128.0,354.0,21707.0,63.0,0.0,211.0,23.0,8.0,302.0,0.0,182.0,98.0,20.0,315.0,226.0,834.0,50.0,25.0,5.0,83.0,26771.0
CLAYFIELD,27281000,LNP,Marginal,4.83,-4.83,25560.0,26671.0,52226.0,251.0,284.0,535.0,32.0,28.0,58.0,10.0,13.0,25.0,297.0,325.0,620.0,17524.0,18399.0,35922.0,6169.0,6456.0,12628.0,20082.0,20893.0,40976.0,3623.0,4018.0,7639.0,20587.0,21550.0,42137.0,52226.0,0.211944242,0.670202581,0.117872324,360.0,2409.0,52226.0,1.54229249,3295.0,1387.0,10935.0,4351.0,4886.0,329.0,702.0,5922.0,0.63359654,0.039415484,0.051767635,2614.0,1737.0,13.0,93.0,15755.0,1325.0,91.0,415.0,230.0,863.0,23503.0,321.0,0.0,244.0,78.0,36.0,692.0,0.0,89.0,40.0,20.0,172.0,158.0,1016.0,84.0,20.0,12.0,116.0,28940.0
CONDAMINE,5256880,LNP,Safe,19.81,-19.81,28821.0,28577.0,57395.0,1229.0,1191.0,2417.0,31.0,26.0,55.0,31.0,31.0,63.0,1292.0,1248.0,2542.0,23864.0,23790.0,47657.0,2732.0,2658.0,5381.0,25156.0,25218.0,50369.0,1689.0,1502.0,3189.0,25281.0,25284.0,50566.0,57395.0,0.295147661,0.5599094,0.145099747,255.0,1626.0,57395.0,2.102307524,837.0,520.0,4113.0,3301.0,9102.0,645.0,847.0,10594.0,0.596901131,0.055020729000000004,0.05979903,8.0,131.0,0.0,20.0,18274.0,1439.0,451.0,129.0,215.0,866.0,21713.0,3.0,0.0,4.0,0.0,0.0,3.0,0.0,5.0,3.0,3.0,19.0,166.0,190.0,3.0,3.0,10.0,15.0,26761.0
COOK,102876437,ALP,Safe,11.67,11.67,26287.0,25357.0,51639.0,3986.0,4201.0,8185.0,3425.0,3394.0,6817.0,1871.0,1922.0,3793.0,9278.0,9517.0,18797.0,20493.0,19487.0,39982.0,2989.0,3253.0,6241.0,16391.0,15408.0,31802.0,6942.0,7252.0,14192.0,22491.0,21576.0,44064.0,51639.0,0.290865431,0.5813048279999999,0.127849106,150.0,1302.0,51639.0,1.549927162,519.0,432.0,2906.0,2575.0,7557.0,872.0,728.0,9154.0,0.574500137,0.061672600999999994,0.097324934,0.0,264.0,0.0,41.0,10700.0,1428.0,200.0,371.0,384.0,2788.0,16351.0,3.0,0.0,3.0,0.0,0.0,3.0,0.0,6.0,8.0,9.0,30.0,179.0,216.0,3.0,10.0,15.0,27.0,19778.0
COOMERA,72009000,LNP,Fairly Safe,6.94,-6.94,36454.0,38192.0,74650.0,753.0,799.0,1552.0,51.0,38.0,93.0,33.0,41.0,71.0,840.0,881.0,1719.0,23602.0,24377.0,47976.0,9854.0,10836.0,20684.0,30543.0,31801.0,62344.0,3104.0,3621.0,6725.0,28122.0,29483.0,57601.0,74650.0,0.289457468,0.566349632,0.144286671,395.0,1636.0,74650.0,1.874807059,1322.0,690.0,5529.0,5822.0,11543.0,739.0,1412.0,13700.0,0.5826881079999999,0.045066508,0.079469072,523.0,223.0,8.0,26.0,22859.0,1761.0,338.0,79.0,270.0,415.0,26753.0,91.0,0.0,183.0,43.0,14.0,334.0,5.0,22.0,18.0,4.0,60.0,212.0,607.0,104.0,18.0,7.0,123.0,32455.0
COOPER,5000000,ALP,Safe,21.29,21.29,,,,,,,,,,,,,,,,,,,,,,,,,,,,,,,,,,,,,,,,,,,,,,,,,,,,,,,,,,,,,,,,,,,,,,,,,,,,,,
EVERTON,18045333,LNP,Fairly Safe,9.88,-9.88,22466.0,23727.0,46194.0,304.0,320.0,626.0,35.0,35.0,69.0,20.0,23.0,45.0,361.0,377.0,738.0,17352.0,18361.0,35710.0,4235.0,4459.0,8694.0,19905.0,20826.0,40731.0,1725.0,2061.0,3783.0,19995.0,21094.0,41093.0,46194.0,0.269948478,0.594752565,0.135385548,385.0,2173.0,46194.0,1.885209989,1649.0,1035.0,6635.0,4142.0,6360.0,346.0,648.0,7348.0,0.605545301,0.042414484,0.050858108,1150.0,686.0,7.0,32.0,15315.0,1005.0,158.0,236.0,122.0,369.0,19379.0,139.0,0.0,483.0,64.0,21.0,705.0,0.0,82.0,42.0,3.0,126.0,141.0,974.0,77.0,12.0,9.0,95.0,24170.0
FERNY GROVE,53094182,ALP,Fairly Safe,9.26,9.26,22580.0,23144.0,45719.0,326.0,309.0,635.0,40.0,34.0,74.0,11.0,8.0,24.0,380.0,349.0,730.0,17812.0,18214.0,36022.0,3886.0,4027.0,7910.0,20456.0,20838.0,41301.0,1298.0,1514.0,2810.0,20429.0,20927.0,41359.0,45719.0,0.286248606,0.574465758,0.139088781,380.0,2192.0,45719.0,2.013906532,1870.0,1225.0,6931.0,3960.0,5993.0,322.0,696.0,7010.0,0.580893043,0.046645898,0.053499480999999995,1754.0,139.0,0.0,25.0,13485.0,961.0,164.0,153.0,109.0,271.0,17369.0,141.0,0.0,665.0,135.0,39.0,973.0,0.0,45.0,16.0,3.0,63.0,157.0,1195.0,100.0,4.0,8.0,120.0,22789.0
GAVEN,6993000,ALP,Swing,1.43,1.43,28598.0,29861.0,58463.0,521.0,560.0,1083.0,22.0,23.0,42.0,23.0,21.0,48.0,566.0,606.0,1169.0,19385.0,20017.0,39406.0,7476.0,8046.0,15522.0,24311.0,25104.0,49411.0,2706.0,3103.0,5808.0,23002.0,24026.0,47029.0,58463.0,0.280433779,0.5893813179999999,0.130150694,395.0,1665.0,58463.0,1.979756871,1025.0,643.0,4759.0,4684.0,9875.0,562.0,1009.0,11445.0,0.568963242,0.04345674099999999,0.070118128,243.0,231.0,9.0,23.0,20623.0,1462.0,305.0,74.0,184.0,291.0,23674.0,63.0,0.0,104.0,24.0,15.0,199.0,23.0,12.0,32.0,6.0,71.0,170.0,441.0,52.0,12.0,9.0,70.0,28187.0
GLADSTONE,46635000,ALP,Safe,41.39,41.39,28442.0,27173.0,55616.0,989.0,1029.0,2019.0,35.0,44.0,80.0,98.0,100.0,200.0,1121.0,1180.0,2300.0,22045.0,21084.0,43124.0,4129.0,4042.0,8174.0,24506.0,23463.0,47972.0,1821.0,1836.0,3649.0,24030.0,22867.0,46901.0,55616.0,0.295940017,0.610417865,0.09366009800000001,250.0,2023.0,55616.0,1.895930044,629.0,511.0,3814.0,2824.0,10946.0,678.0,715.0,12339.0,0.592175777,0.049874955,0.109610575,3.0,560.0,3.0,54.0,16535.0,1270.0,124.0,149.0,151.0,601.0,19971.0,0.0,0.0,7.0,0.0,0.0,4.0,0.0,18.0,6.0,5.0,170.0,538.0,715.0,3.0,637.0,18.0,656.0,24923.0
GLASS HOUSE,3000000,LNP,Fairly Safe,6.86,-6.86,27887.0,27495.0,55380.0,834.0,609.0,1443.0,47.0,30.0,83.0,39.0,31.0,63.0,921.0,670.0,1590.0,21656.0,20910.0,42566.0,4251.0,4639.0,8895.0,24154.0,24518.0,48678.0,982.0,1229.0,2213.0,23638.0,23970.0,47611.0,55380.0,0.25061394,0.5685626579999999,0.18085951600000003,320.0,1459.0,55380.0,2.1001387730000003,991.0,802.0,4302.0,4265.0,9479.0,631.0,962.0,11068.0,0.53145098,0.053803922000000004,0.071019608,366.0,135.0,4.0,14.0,15100.0,1141.0,508.0,54.0,161.0,627.0,18276.0,41.0,0.0,137.0,26.0,16.0,223.0,0.0,6.0,9.0,6.0,20.0,157.0,400.0,69.0,8.0,10.0,81.0,23690.0
GREENSLOPES,21931000,ALP,Safe,20.27,20.27,22909.0,24419.0,47328.0,258.0,257.0,514.0,23.0,34.0,64.0,22.0,25.0,46.0,308.0,313.0,624.0,16612.0,17557.0,34171.0,5043.0,5522.0,10560.0,18225.0,19154.0,37384.0,3496.0,3976.0,7465.0,19317.0,20561.0,39875.0,47328.0,0.24063979,0.639156525,0.12033046,370.0,2316.0,47328.0,1.639421401,3065.0,1410.0,9824.0,3601.0,4690.0,337.0,551.0,5576.0,0.610667065,0.043213565,0.054082319000000004,358.0,3425.0,3.0,54.0,14292.0,1134.0,75.0,506.0,138.0,482.0,20734.0,125.0,0.0,58.0,16.0,7.0,204.0,0.0,189.0,100.0,32.0,326.0,184.0,714.0,35.0,27.0,10.0,74.0,25323.0
GREGORY,32100000,LNP,Safe,27.88,-27.88,21543.0,19956.0,41497.0,1316.0,1289.0,2602.0,50.0,35.0,86.0,69.0,77.0,148.0,1437.0,1396.0,2836.0,16885.0,15811.0,32700.0,1871.0,1938.0,3813.0,18182.0,17124.0,35307.0,815.0,857.0,1670.0,17956.0,16848.0,34806.0,41497.0,0.29098489,0.60708003,0.10205557,150.0,1924.0,41497.0,1.94515885,350.0,329.0,2622.0,1890.0,6412.0,496.0,528.0,7432.0,0.6567135789999999,0.063569798,0.050114112,4.0,581.0,0.0,20.0,11389.0,1102.0,203.0,167.0,257.0,1605.0,15447.0,0.0,0.0,0.0,0.0,0.0,0.0,0.0,85.0,9.0,6.0,98.0,119.0,219.0,0.0,4.0,19.0,23.0,19971.0
GYMPIE,6999000,LNP,Safe,17.36,-17.36,24399.0,24902.0,49300.0,775.0,702.0,1475.0,45.0,49.0,94.0,33.0,35.0,73.0,861.0,790.0,1646.0,19612.0,19711.0,39321.0,2632.0,3044.0,5672.0,21889.0,22303.0,44198.0,573.0,765.0,1340.0,21481.0,22001.0,43487.0,49300.0,0.238458418,0.540283976,0.221095335,255.0,1163.0,49300.0,1.827372304,521.0,485.0,2898.0,3240.0,8446.0,657.0,846.0,9952.0,0.502431365,0.05642792,0.092391855,7.0,148.0,0.0,17.0,11801.0,964.0,318.0,57.0,143.0,567.0,14148.0,5.0,0.0,8.0,0.0,0.0,16.0,0.0,10.0,5.0,3.0,23.0,96.0,127.0,0.0,8.0,4.0,16.0,17920.0
HERVEY BAY,50600000,LNP,Safe,18.2,-18.2,25362.0,27672.0,53035.0,943.0,1001.0,1948.0,44.0,39.0,85.0,51.0,38.0,85.0,1038.0,1080.0,2120.0,18972.0,20509.0,39482.0,4265.0,4981.0,9241.0,22479.0,24392.0,46876.0,976.0,1312.0,2291.0,22018.0,24047.0,46067.0,53035.0,0.22091071899999998,0.49791647,0.281191666,290.0,1093.0,53035.0,1.595002524,641.0,602.0,3435.0,3437.0,8952.0,607.0,1005.0,10565.0,0.48123929600000004,0.051325964,0.11931081,5.0,121.0,0.0,25.0,11608.0,1003.0,159.0,196.0,129.0,491.0,13912.0,3.0,0.0,6.0,0.0,0.0,4.0,0.0,7.0,6.0,3.0,22.0,150.0,175.0,4.0,8.0,4.0,16.0,16967.0
HILL,1800000,KAP,Safe,39.5,-39.5,,,,,,,,,,,,,,,,,,,,,,,,,,,,,,,,,,,,,,,,,,,,,,,,,,,,,,,,,,,,,,,,,,,,,,,,,,,,,,
HINCHINBROOK,5113000,KAP,Safe,15.11,-15.11,27038.0,25748.0,52783.0,1208.0,1149.0,2361.0,200.0,158.0,357.0,140.0,146.0,279.0,1543.0,1456.0,2996.0,21778.0,20442.0,42223.0,2840.0,3168.0,6008.0,23476.0,22396.0,45875.0,1437.0,1563.0,2998.0,23768.0,22560.0,46331.0,52783.0,0.2585681,0.580205748,0.161396662,275.0,1535.0,52783.0,1.9048270580000002,488.0,426.0,3235.0,2892.0,9897.0,529.0,685.0,11115.0,0.596434234,0.056232355,0.071779402,3.0,477.0,0.0,18.0,16426.0,1362.0,300.0,134.0,295.0,781.0,20019.0,0.0,0.0,4.0,0.0,0.0,3.0,0.0,28.0,14.0,0.0,51.0,151.0,208.0,0.0,7.0,11.0,19.0,23999.0
INALA,5689000,ALP,Safe,52.19,52.19,29987.0,28512.0,58495.0,1284.0,1051.0,2332.0,81.0,52.0,132.0,67.0,73.0,138.0,1428.0,1175.0,2604.0,17466.0,15384.0,32852.0,10239.0,10771.0,21006.0,15719.0,15689.0,31406.0,9506.0,10274.0,19780.0,21350.0,21617.0,42967.0,58495.0,0.285819301,0.612479699,0.10194033699999999,310.0,1377.0,58495.0,1.777317483,1063.0,470.0,4107.0,3340.0,6704.0,585.0,752.0,8033.0,0.557690761,0.048484361,0.10975315599999999,887.0,453.0,0.0,29.0,14657.0,1533.0,205.0,101.0,102.0,265.0,18442.0,191.0,0.0,296.0,63.0,21.0,573.0,0.0,38.0,35.0,7.0,84.0,149.0,803.0,81.0,8.0,6.0,103.0,22143.0
IPSWICH WEST,8700000,ALP,Safe,17.43,17.43,27287.0,27823.0,55108.0,1225.0,1239.0,2467.0,56.0,38.0,93.0,42.0,38.0,74.0,1321.0,1312.0,2638.0,22141.0,22524.0,44662.0,3043.0,3213.0,6260.0,24312.0,24925.0,49238.0,850.0,1029.0,1882.0,23870.0,24502.0,48372.0,55108.0,0.290284532,0.572856935,0.13694926300000002,289.0,1484.0,55108.0,1.943808939,638.0,530.0,3172.0,3489.0,9247.0,689.0,900.0,10836.0,0.583353255,0.049406327,0.082596223,343.0,120.0,0.0,16.0,16204.0,1099.0,356.0,70.0,123.0,375.0,18919.0,63.0,0.0,303.0,47.0,11.0,412.0,0.0,17.0,11.0,3.0,30.0,150.0,599.0,64.0,4.0,4.0,68.0,23025.0
JORDAN,9230000,ALP,Safe,19.81,19.81,,,,,,,,,,,,,,,,,,,,,,,,,,,,,,,,,,,,,,,,,,,,,,,,,,,,,,,,,,,,,,,,,,,,,,,,,,,,,,
KAWANA,8008000,LNP,Safe,26.14,-26.14,25627.0,27877.0,53503.0,521.0,459.0,982.0,25.0,20.0,51.0,16.0,11.0,26.0,558.0,499.0,1055.0,19201.0,20528.0,39732.0,5016.0,5847.0,10861.0,23040.0,24899.0,47937.0,1290.0,1619.0,2905.0,22140.0,24018.0,46154.0,53503.0,0.26305067,0.531689812,0.205147375,415.0,1521.0,53503.0,1.768902634,987.0,676.0,4952.0,4094.0,9068.0,556.0,998.0,10621.0,0.527064732,0.046795280999999994,0.073580995,57.0,306.0,5.0,17.0,16254.0,1050.0,204.0,252.0,197.0,403.0,18886.0,14.0,0.0,67.0,7.0,7.0,90.0,0.0,9.0,28.0,5.0,34.0,155.0,284.0,15.0,14.0,12.0,43.0,23246.0
KEPPEL,5700000,ALP,Fairly Safe,6.28,6.28,27395.0,27187.0,54580.0,1229.0,1262.0,2488.0,92.0,86.0,178.0,88.0,93.0,181.0,1413.0,1438.0,2847.0,21906.0,22040.0,43945.0,3063.0,3131.0,6194.0,23705.0,23962.0,47669.0,1492.0,1443.0,2936.0,23726.0,23937.0,47667.0,54580.0,0.26987907699999997,0.573671675,0.156430927,300.0,1657.0,54580.0,1.871815807,887.0,711.0,4247.0,3043.0,9119.0,618.0,737.0,10472.0,0.577151335,0.052651602,0.07992847900000001,12.0,443.0,0.0,32.0,16991.0,1486.0,235.0,106.0,129.0,540.0,20158.0,0.0,0.0,3.0,0.0,0.0,3.0,0.0,33.0,24.0,5.0,60.0,119.0,186.0,0.0,12.0,8.0,17.0,24191.0
KURWONGBAH,5000000,ALP,Safe,13.99,13.99,,,,,,,,,,,,,,,,,,,,,,,,,,,,,,,,,,,,,,,,,,,,,,,,,,,,,,,,,,,,,,,,,,,,,,,,,,,,,,
LOCKYER,11762000,LNP,Fairly Safe,8.15,-8.15,27682.0,27539.0,55221.0,952.0,841.0,1794.0,42.0,45.0,89.0,42.0,31.0,70.0,1040.0,913.0,1954.0,21877.0,21442.0,43313.0,3611.0,3838.0,7454.0,23861.0,23835.0,47696.0,1563.0,1741.0,3301.0,23723.0,23809.0,47533.0,55221.0,0.279241593,0.5793448139999999,0.141522247,285.0,1542.0,55221.0,2.175097959,652.0,456.0,3241.0,3296.0,8863.0,640.0,850.0,10357.0,0.579953917,0.055069124000000004,0.072580645,102.0,122.0,3.0,8.0,16527.0,1448.0,553.0,27.0,139.0,488.0,19603.0,10.0,0.0,142.0,25.0,3.0,182.0,0.0,37.0,11.0,0.0,49.0,133.0,359.0,21.0,13.0,3.0,44.0,24150.0
LOGAN,3960000,ALP,Safe,13.65,13.65,25050.0,25162.0,50214.0,656.0,664.0,1318.0,27.0,39.0,67.0,42.0,31.0,76.0,726.0,731.0,1452.0,17605.0,17378.0,34980.0,5919.0,6266.0,12178.0,20336.0,20248.0,40587.0,3316.0,3524.0,6839.0,20935.0,20912.0,41847.0,50214.0,0.294798263,0.592663401,0.112617995,365.0,1652.0,50214.0,2.208684598,514.0,361.0,2775.0,3055.0,8765.0,537.0,821.0,10133.0,0.599264124,0.049533154,0.076594398,88.0,485.0,0.0,18.0,16461.0,1213.0,609.0,41.0,137.0,239.0,19468.0,34.0,0.0,116.0,15.0,3.0,165.0,0.0,163.0,66.0,12.0,243.0,139.0,550.0,28.0,12.0,6.0,48.0,23340.0
MACALISTER,10320000,ALP,Safe,14.9,14.9,,,,,,,,,,,,,,,,,,,,,,,,,,,,,,,,,,,,,,,,,,,,,,,,,,,,,,,,,,,,,,,,,,,,,,,,,,,,,,
MAIWAR,79731000,GRN,Marginal,3.25,-3.25,,,,,,,,,,,,,,,,,,,,,,,,,,,,,,,,,,,,,,,,,,,,,,,,,,,,,,,,,,,,,,,,,,,,,,,,,,,,,,
MANSFIELD,49986786,ALP,Marginal,3.24,3.24,22738.0,24177.0,46906.0,267.0,244.0,507.0,27.0,24.0,54.0,19.0,28.0,47.0,315.0,291.0,604.0,13908.0,14499.0,28406.0,7758.0,8621.0,16378.0,15139.0,15649.0,30787.0,6583.0,7508.0,14094.0,18157.0,19093.0,37255.0,46906.0,0.257088645,0.596938558,0.145994116,400.0,1957.0,46906.0,1.811772358,2688.0,963.0,7905.0,3621.0,4737.0,361.0,643.0,5740.0,0.571023793,0.04175174,0.072669695,57.0,2405.0,3.0,33.0,13548.0,1153.0,137.0,136.0,103.0,447.0,18251.0,72.0,0.0,34.0,0.0,0.0,106.0,0.0,252.0,123.0,33.0,413.0,138.0,656.0,32.0,20.0,10.0,61.0,22259.0
MAROOCHYDORE,4921000,LNP,Safe,17.03,-17.03,25416.0,27280.0,52691.0,407.0,419.0,825.0,37.0,35.0,76.0,33.0,25.0,50.0,475.0,479.0,950.0,18436.0,19401.0,37834.0,4923.0,5693.0,10618.0,21950.0,23469.0,45420.0,1525.0,1790.0,3315.0,21069.0,22505.0,43576.0,52691.0,0.19375225399999998,0.604904063,0.201134919,350.0,1468.0,52691.0,1.634988041,1355.0,884.0,6077.0,4476.0,8929.0,499.0,989.0,10414.0,0.535871986,0.045967468,0.07049854700000001,43.0,456.0,0.0,19.0,16635.0,1056.0,180.0,316.0,208.0,958.0,20062.0,4.0,0.0,45.0,0.0,0.0,58.0,0.0,11.0,18.0,14.0,46.0,155.0,256.0,14.0,26.0,10.0,53.0,24630.0
MARYBOROUGH,6612240,ALP,Marginal,4.92,4.92,25767.0,25333.0,51102.0,1056.0,922.0,1983.0,51.0,50.0,103.0,64.0,61.0,123.0,1170.0,1029.0,2200.0,20951.0,20398.0,41350.0,2480.0,2760.0,5238.0,22657.0,22810.0,45467.0,471.0,665.0,1135.0,22352.0,22526.0,44877.0,51102.0,0.22623380699999998,0.531701303,0.24190834,240.0,1080.0,51102.0,1.772302002,359.0,408.0,2317.0,2747.0,8897.0,733.0,883.0,10509.0,0.498195341,0.056327245,0.122826206,7.0,136.0,0.0,28.0,10745.0,853.0,249.0,179.0,108.0,507.0,12978.0,0.0,0.0,4.0,0.0,0.0,7.0,0.0,10.0,9.0,3.0,22.0,109.0,133.0,0.0,8.0,0.0,9.0,16038.0
MCCONNEL,124760000,ALP,Safe,15.73,15.73,,,,,,,,,,,,,,,,,,,,,,,,,,,,,,,,,,,,,,,,,,,,,,,,,,,,,,,,,,,,,,,,,,,,,,,,,,,,,,
MIRANI,268500000,ONP,Fairly Safe,9.63,-9.63,28510.0,25023.0,53528.0,1106.0,952.0,2060.0,171.0,171.0,345.0,141.0,121.0,255.0,1416.0,1247.0,2668.0,22971.0,20671.0,43637.0,1909.0,1923.0,3834.0,23961.0,22087.0,46050.0,689.0,795.0,1487.0,23842.0,22027.0,45867.0,53528.0,0.266141085,0.608223733,0.125653863,200.0,1799.0,53528.0,2.062284355,327.0,354.0,2457.0,2185.0,9834.0,561.0,693.0,11087.0,0.617457232,0.061469672999999996,0.071500778,4.0,629.0,0.0,12.0,15332.0,1164.0,310.0,111.0,216.0,896.0,18818.0,0.0,0.0,4.0,0.0,0.0,7.0,0.0,79.0,14.0,5.0,101.0,140.0,251.0,0.0,9.0,8.0,21.0,23876.0
MOGGILL,6492500,LNP,Safe,10.06,-10.06,23240.0,24178.0,47419.0,139.0,127.0,268.0,7.0,15.0,20.0,9.0,3.0,14.0,160.0,140.0,302.0,15505.0,16043.0,31555.0,6893.0,7326.0,14218.0,19579.0,20064.0,39648.0,2807.0,3216.0,6018.0,20204.0,20966.0,41163.0,47419.0,0.28737425899999997,0.5560851139999999,0.156456273,440.0,2446.0,47419.0,2.044762344,4267.0,1432.0,9527.0,3940.0,3910.0,293.0,642.0,4849.0,0.5701393920000001,0.03968254,0.059141085,226.0,1226.0,0.0,26.0,14249.0,980.0,114.0,385.0,112.0,314.0,17896.0,131.0,0.0,347.0,55.0,3.0,544.0,0.0,183.0,67.0,20.0,269.0,231.0,1044.0,68.0,25.0,12.0,104.0,23357.0
MORAYFIELD,70915061,ALP,Safe,17.45,17.45,27237.0,28508.0,55741.0,908.0,1016.0,1926.0,42.0,52.0,93.0,50.0,54.0,105.0,1003.0,1123.0,2125.0,21262.0,21965.0,43226.0,4443.0,4965.0,9403.0,24481.0,25414.0,49892.0,1376.0,1682.0,3059.0,23614.0,24667.0,48274.0,55741.0,0.31118925,0.57742057,0.11164134099999999,330.0,1560.0,55741.0,1.990049751,486.0,474.0,3025.0,3845.0,9981.0,683.0,891.0,11555.0,0.56341696,0.04870892,0.085790786,1003.0,132.0,6.0,17.0,16599.0,1452.0,384.0,61.0,147.0,292.0,20337.0,110.0,0.0,309.0,86.0,46.0,553.0,0.0,11.0,14.0,5.0,30.0,162.0,738.0,106.0,5.0,7.0,116.0,24924.0
MOUNT OMMANEY,14334000,ALP,Safe,11.52,11.52,22708.0,23739.0,46446.0,208.0,227.0,434.0,10.0,15.0,20.0,15.0,16.0,36.0,237.0,256.0,490.0,14866.0,15152.0,30019.0,6930.0,7598.0,14535.0,17232.0,17515.0,34742.0,4639.0,5297.0,9936.0,19397.0,20171.0,39570.0,46446.0,0.26486672699999997,0.5920854329999999,0.143155492,400.0,2177.0,46446.0,1.8585579209999998,2893.0,1172.0,8310.0,3814.0,4792.0,327.0,659.0,5785.0,0.595982322,0.041502611,0.059541985,1553.0,565.0,3.0,39.0,14370.0,994.0,99.0,296.0,134.0,315.0,18592.0,300.0,0.0,420.0,94.0,35.0,849.0,0.0,55.0,47.0,6.0,111.0,170.0,1130.0,107.0,10.0,8.0,128.0,23407.0
MUNDINGBURRA,52000000,ALP,Marginal,2.25,2.25,21827.0,22892.0,44724.0,944.0,1093.0,2036.0,244.0,277.0,517.0,183.0,205.0,389.0,1371.0,1576.0,2945.0,16748.0,17474.0,34224.0,3733.0,4051.0,7788.0,18118.0,18918.0,37032.0,2438.0,2756.0,5189.0,18748.0,19643.0,38388.0,44724.0,0.273656202,0.582282443,0.143971917,300.0,1660.0,44724.0,1.75100296,1318.0,622.0,4697.0,2768.0,6416.0,503.0,508.0,7430.0,0.547839784,0.050225023,0.099189919,7.0,256.0,0.0,45.0,14025.0,1289.0,90.0,442.0,151.0,468.0,17041.0,4.0,0.0,0.0,0.0,0.0,8.0,0.0,16.0,28.0,13.0,58.0,143.0,206.0,0.0,9.0,11.0,15.0,20015.0
MURRUMBA,36454000,ALP,Safe,19.04,19.04,35507.0,37886.0,73389.0,1018.0,1095.0,2110.0,65.0,81.0,143.0,58.0,54.0,116.0,1146.0,1228.0,2372.0,24240.0,25802.0,50051.0,9036.0,9709.0,18744.0,29760.0,31508.0,61268.0,3635.0,4173.0,7814.0,28484.0,30504.0,58995.0,73389.0,0.303505975,0.565057434,0.131600104,360.0,1653.0,73389.0,1.830928879,1179.0,776.0,5762.0,5479.0,11608.0,812.0,1158.0,13579.0,0.5876116229999999,0.049099929,0.08294826400000001,732.0,345.0,0.0,49.0,21928.0,1855.0,368.0,95.0,203.0,455.0,26371.0,177.0,0.0,592.0,94.0,13.0,880.0,0.0,28.0,33.0,3.0,70.0,201.0,1150.0,122.0,11.0,4.0,143.0,32344.0
NANANGO,15700001,LNP,Safe,26.72,-26.72,25358.0,24958.0,50313.0,871.0,904.0,1781.0,29.0,23.0,57.0,34.0,42.0,78.0,938.0,974.0,1906.0,20712.0,20322.0,41033.0,2496.0,2641.0,5139.0,22735.0,22503.0,45241.0,704.0,808.0,1514.0,22457.0,22339.0,44796.0,50313.0,0.251942838,0.532764892,0.21539164800000002,230.0,1221.0,50313.0,1.915561052,450.0,435.0,2882.0,2968.0,8000.0,669.0,877.0,9539.0,0.56178147,0.057482369000000005,0.070379673,10.0,138.0,0.0,14.0,12153.0,967.0,328.0,87.0,154.0,882.0,14876.0,0.0,0.0,31.0,3.0,0.0,38.0,0.0,8.0,4.0,4.0,20.0,82.0,138.0,3.0,0.0,6.0,13.0,19243.0
NICKLIN,9040000,LNP,Safe,10.56,-10.56,24973.0,26485.0,51460.0,644.0,627.0,1269.0,38.0,27.0,64.0,39.0,39.0,73.0,720.0,688.0,1407.0,19320.0,20366.0,39682.0,3909.0,4413.0,8326.0,22429.0,23734.0,46162.0,936.0,1221.0,2159.0,21817.0,23271.0,45094.0,51460.0,0.248289934,0.557811893,0.19387874100000002,330.0,1415.0,51460.0,1.8967446019999998,865.0,710.0,4351.0,4114.0,9066.0,548.0,898.0,10516.0,0.5156322320000001,0.04998948,0.074731748,48.0,206.0,0.0,21.0,15196.0,1004.0,306.0,49.0,181.0,562.0,17736.0,7.0,0.0,37.0,0.0,3.0,50.0,0.0,11.0,18.0,3.0,30.0,150.0,234.0,4.0,16.0,13.0,38.0,21987.0
NINDERRY,16860000,LNP,Safe,16.76,-16.76,,,,,,,,,,,,,,,,,,,,,,,,,,,,,,,,,,,,,,,,,,,,,,,,,,,,,,,,,,,,,,,,,,,,,,,,,,,,,,
NOOSA,12984000,LNP,Safe,23.06,-23.06,25318.0,26813.0,52125.0,289.0,316.0,602.0,20.0,22.0,44.0,8.0,9.0,12.0,314.0,345.0,666.0,17930.0,18770.0,36695.0,5744.0,6407.0,12146.0,22456.0,23568.0,46025.0,1244.0,1619.0,2860.0,21636.0,22847.0,44488.0,52125.0,0.230848921,0.5348297360000001,0.234455635,400.0,1468.0,52125.0,1.8063445219999998,1420.0,924.0,6018.0,4850.0,8083.0,442.0,1077.0,9608.0,0.497975538,0.044959933,0.065837199,45.0,333.0,5.0,24.0,14171.0,1020.0,175.0,189.0,254.0,640.0,17070.0,0.0,0.0,25.0,0.0,0.0,23.0,0.0,11.0,30.0,7.0,54.0,133.0,211.0,6.0,9.0,8.0,28.0,22156.0
OODGEROO,7763000,LNP,Safe,14.47,-14.47,,,,,,,,,,,,,,,,,,,,,,,,,,,,,,,,,,,,,,,,,,,,,,,,,,,,,,,,,,,,,,,,,,,,,,,,,,,,,,
PINE RIVERS,19100000,ALP,Safe,12.38,12.38,26596.0,27138.0,53732.0,565.0,642.0,1208.0,38.0,34.0,69.0,25.0,41.0,70.0,626.0,716.0,1340.0,20267.0,20543.0,40809.0,5028.0,5360.0,10390.0,23341.0,23635.0,46978.0,2015.0,2359.0,4376.0,23252.0,23759.0,47002.0,53732.0,0.286551775,0.597800194,0.115685253,350.0,1825.0,53732.0,1.976086339,974.0,713.0,4691.0,4332.0,9009.0,587.0,818.0,10416.0,0.5987643420000001,0.048437775999999995,0.065984113,1269.0,206.0,3.0,17.0,17222.0,1190.0,290.0,96.0,149.0,378.0,21149.0,155.0,0.0,538.0,86.0,37.0,812.0,0.0,48.0,24.0,8.0,76.0,164.0,1054.0,104.0,4.0,6.0,114.0,26462.0
PUMICESTONE,7645000,LNP,Swing,1.68,-1.68,26517.0,28257.0,54770.0,935.0,963.0,1896.0,44.0,39.0,83.0,64.0,52.0,118.0,1040.0,1053.0,2091.0,19581.0,20440.0,40025.0,4663.0,5286.0,9946.0,23291.0,24395.0,47687.0,1226.0,1611.0,2834.0,22547.0,23809.0,46357.0,54770.0,0.215957641,0.5055139679999999,0.278510133,300.0,1179.0,54770.0,1.6310121340000001,593.0,496.0,2979.0,3703.0,9179.0,664.0,993.0,10840.0,0.5107429960000001,0.055152253,0.111327649,374.0,181.0,0.0,10.0,11847.0,1149.0,259.0,110.0,140.0,399.0,14629.0,59.0,0.0,191.0,19.0,14.0,283.0,0.0,11.0,22.0,4.0,36.0,113.0,435.0,50.0,5.0,0.0,55.0,18244.0
REDCLIFFE,502850000,ALP,Fairly Safe,9.71,9.71,23704.0,25734.0,49437.0,583.0,649.0,1235.0,40.0,43.0,79.0,28.0,32.0,63.0,658.0,717.0,1373.0,16880.0,17940.0,34821.0,5117.0,5870.0,10989.0,20797.0,22249.0,43050.0,1381.0,1733.0,3110.0,20017.0,21542.0,41560.0,49437.0,0.211622874,0.559702247,0.22845237399999999,310.0,1468.0,49437.0,1.600628769,938.0,646.0,4044.0,3909.0,8116.0,505.0,938.0,9557.0,0.55855816,0.051481645,0.08412207,256.0,309.0,0.0,31.0,13441.0,1004.0,175.0,144.0,154.0,636.0,16387.0,160.0,0.0,430.0,45.0,9.0,652.0,0.0,20.0,31.0,12.0,61.0,145.0,858.0,95.0,13.0,8.0,114.0,20703.0
REDLANDS,9900000,ALP,Fairly Safe,6.11,6.11,25412.0,26339.0,51755.0,460.0,453.0,909.0,46.0,33.0,74.0,18.0,29.0,47.0,522.0,514.0,1040.0,18753.0,19235.0,37985.0,5306.0,5734.0,11039.0,22965.0,23618.0,46588.0,1232.0,1516.0,2750.0,22153.0,23032.0,45189.0,51755.0,0.256709497,0.548855183,0.19433871100000003,395.0,1754.0,51755.0,1.935202492,964.0,670.0,4233.0,4205.0,9356.0,528.0,950.0,10838.0,0.578586413,0.0472406,0.063135388,111.0,419.0,0.0,10.0,15726.0,961.0,335.0,54.0,134.0,341.0,18307.0,14.0,0.0,117.0,12.0,3.0,142.0,0.0,155.0,33.0,5.0,240.0,600.0,985.0,43.0,66.0,61.0,171.0,23223.0
ROCKHAMPTON,9700000,ALP,Safe,10.38,10.38,24174.0,25403.0,49573.0,1502.0,1721.0,3229.0,117.0,115.0,229.0,136.0,122.0,258.0,1759.0,1964.0,3720.0,19970.0,21275.0,41243.0,2115.0,2218.0,4340.0,21070.0,22448.0,43517.0,1216.0,1263.0,2476.0,21063.0,22508.0,43571.0,49573.0,0.277610796,0.565247211,0.157182337,270.0,1485.0,49573.0,1.656260941,664.0,517.0,3377.0,2261.0,7687.0,663.0,616.0,8959.0,0.570000869,0.05205527099999999,0.09880942,4.0,292.0,0.0,83.0,14247.0,1477.0,222.0,208.0,89.0,726.0,17544.0,0.0,0.0,4.0,0.0,0.0,13.0,0.0,31.0,14.0,0.0,41.0,142.0,198.0,0.0,4.0,4.0,13.0,20742.0
SANDGATE,956766000,ALP,Safe,26.96,26.96,24111.0,25846.0,49956.0,502.0,539.0,1033.0,38.0,41.0,84.0,36.0,32.0,69.0,576.0,613.0,1187.0,17165.0,18211.0,35382.0,5762.0,6354.0,12115.0,19614.0,20910.0,40522.0,3352.0,3785.0,7142.0,20408.0,21924.0,42331.0,49956.0,0.248338538,0.5935223000000001,0.158239251,365.0,1857.0,49956.0,1.7022356019999998,1556.0,870.0,6080.0,4093.0,7142.0,426.0,732.0,8299.0,0.596081008,0.046571848,0.06350003900000001,1749.0,772.0,7.0,39.0,14854.0,1107.0,188.0,139.0,116.0,352.0,19595.0,215.0,0.0,445.0,71.0,46.0,785.0,0.0,32.0,52.0,8.0,95.0,144.0,1025.0,84.0,9.0,8.0,101.0,24231.0
SCENIC RIM,11739000,LNP,Safe,26.25,-26.25,,,,,,,,,,,,,,,,,,,,,,,,,,,,,,,,,,,,,,,,,,,,,,,,,,,,,,,,,,,,,,,,,,,,,,,,,,,,,,
SOUTH BRISBANE,320746000,ALP,Fairly Safe,7.1,7.1,28326.0,27348.0,55671.0,261.0,266.0,531.0,26.0,25.0,51.0,17.0,24.0,47.0,305.0,326.0,629.0,15714.0,14914.0,30627.0,10069.0,10155.0,20225.0,18468.0,17272.0,35739.0,7383.0,7871.0,15251.0,19846.0,19143.0,38996.0,55671.0,0.15918521300000002,0.7460616840000001,0.094609402,400.0,2169.0,55671.0,1.3048263,5312.0,1608.0,13452.0,4153.0,4534.0,352.0,592.0,5474.0,0.5904642929999999,0.038071442999999996,0.07644032,607.0,4521.0,3.0,140.0,12532.0,1228.0,66.0,1562.0,224.0,3570.0,25647.0,227.0,0.0,23.0,16.0,17.0,286.0,0.0,86.0,87.0,91.0,375.0,282.0,949.0,84.0,46.0,24.0,159.0,31048.0
SOUTHPORT,14911000,LNP,Safe,14.49,-14.49,29111.0,30624.0,59729.0,530.0,528.0,1058.0,25.0,27.0,55.0,15.0,11.0,29.0,566.0,572.0,1134.0,16605.0,16954.0,33556.0,9794.0,11185.0,20980.0,20675.0,21525.0,42205.0,5843.0,6785.0,12627.0,20995.0,22173.0,43165.0,59729.0,0.214552395,0.614508865,0.170838286,365.0,1422.0,59729.0,1.58747803,2113.0,668.0,6657.0,4872.0,8058.0,498.0,1031.0,9583.0,0.5195090170000001,0.043612425,0.09291641,233.0,419.0,581.0,52.0,17095.0,1547.0,134.0,306.0,203.0,1179.0,22006.0,70.0,10.0,80.0,14.0,3.0,181.0,104.0,13.0,15.0,15.0,155.0,245.0,577.0,63.0,33.0,26.0,121.0,26456.0
SPRINGWOOD,24003500,ALP,Fairly Safe,7.19,7.19,24360.0,25015.0,49374.0,326.0,388.0,714.0,33.0,38.0,69.0,16.0,24.0,35.0,378.0,447.0,826.0,16507.0,16894.0,33408.0,6672.0,6915.0,13581.0,20095.0,20401.0,40496.0,3191.0,3514.0,6708.0,20406.0,20943.0,41347.0,49374.0,0.266273747,0.602989428,0.130858346,370.0,1920.0,49374.0,2.002251019,1439.0,787.0,5719.0,4129.0,7865.0,433.0,773.0,9071.0,0.605558029,0.043076580999999996,0.061962007,58.0,1514.0,0.0,36.0,17125.0,1184.0,245.0,79.0,131.0,263.0,20865.0,48.0,0.0,27.0,13.0,0.0,91.0,0.0,265.0,93.0,17.0,380.0,171.0,650.0,31.0,26.0,8.0,64.0,25280.0
STAFFORD,5734000,ALP,Safe,24.21,24.21,22855.0,24430.0,47287.0,354.0,401.0,757.0,30.0,47.0,74.0,33.0,25.0,55.0,412.0,474.0,890.0,16815.0,17812.0,34629.0,4746.0,5123.0,9869.0,18754.0,19659.0,38417.0,2886.0,3337.0,6221.0,19310.0,20539.0,39850.0,47287.0,0.231374374,0.63548121,0.133102121,360.0,2174.0,47287.0,1.5872161480000002,2522.0,1262.0,9043.0,3548.0,5235.0,359.0,582.0,6176.0,0.616710576,0.045050809000000004,0.054911554,1110.0,2280.0,3.0,65.0,14136.0,1125.0,119.0,436.0,133.0,730.0,20486.0,196.0,0.0,283.0,46.0,23.0,543.0,0.0,96.0,63.0,39.0,198.0,175.0,918.0,53.0,19.0,7.0,79.0,25113.0
STRETTON,695095000,ALP,Safe,19.77,19.77,29073.0,30066.0,59141.0,152.0,179.0,327.0,14.0,14.0,30.0,21.0,24.0,47.0,188.0,213.0,400.0,12234.0,12282.0,24521.0,15577.0,16559.0,32145.0,12119.0,12078.0,24198.0,15740.0,16841.0,32578.0,20503.0,20951.0,41455.0,59141.0,0.265839265,0.631845928,0.102314807,400.0,1658.0,59141.0,1.9195939780000002,4360.0,832.0,10197.0,4444.0,4892.0,361.0,692.0,5950.0,0.559340253,0.042561053,0.086297827,448.0,2457.0,5.0,60.0,17311.0,1642.0,152.0,93.0,136.0,264.0,22712.0,129.0,0.0,106.0,24.0,7.0,268.0,0.0,259.0,140.0,20.0,427.0,202.0,890.0,63.0,34.0,3.0,97.0,27204.0
THURINGOWA,19525000,ALP,Fairly Safe,8.3,8.3,25922.0,27074.0,52997.0,1701.0,1831.0,3529.0,325.0,357.0,685.0,308.0,348.0,652.0,2333.0,2536.0,4872.0,21375.0,22335.0,43710.0,2648.0,2969.0,5619.0,22834.0,23974.0,46806.0,1298.0,1487.0,2779.0,22989.0,24168.0,47159.0,52997.0,0.311979923,0.582731098,0.105100289,300.0,1631.0,52997.0,1.902335205,568.0,485.0,3466.0,3146.0,9261.0,583.0,666.0,10511.0,0.57917272,0.050233198,0.09595534800000001,9.0,271.0,3.0,24.0,17419.0,1457.0,209.0,188.0,194.0,318.0,20365.0,0.0,0.0,0.0,3.0,0.0,4.0,0.0,13.0,17.0,12.0,49.0,152.0,201.0,0.0,8.0,9.0,19.0,23650.0
TOOHEY,6110000,ALP,Safe,20.03,20.03,,,,,,,,,,,,,,,,,,,,,,,,,,,,,,,,,,,,,,,,,,,,,,,,,,,,,,,,,,,,,,,,,,,,,,,,,,,,,,
TOOWOOMBA NORTH,4270000,LNP,Safe,11.44,-11.44,24317.0,26114.0,50427.0,1055.0,1113.0,2170.0,29.0,21.0,51.0,42.0,48.0,90.0,1131.0,1186.0,2312.0,19928.0,21564.0,41492.0,2538.0,2783.0,5325.0,21495.0,23242.0,44740.0,1067.0,1222.0,2287.0,21445.0,23259.0,44708.0,50427.0,0.26265691,0.561683225,0.17575901800000002,275.0,1538.0,50427.0,1.693012414,1262.0,826.0,5040.0,3342.0,7405.0,608.0,726.0,8744.0,0.580002511,0.044364457999999996,0.073243209,9.0,103.0,0.0,73.0,15567.0,1392.0,185.0,209.0,109.0,867.0,18705.0,0.0,0.0,5.0,0.0,0.0,7.0,0.0,5.0,11.0,10.0,24.0,161.0,193.0,0.0,3.0,9.0,10.0,22145.0
TOWNSVILLE,248900000,ALP,Swing,0.76,0.76,24932.0,24882.0,49815.0,1908.0,2008.0,3917.0,211.0,262.0,470.0,346.0,325.0,669.0,2461.0,2593.0,5053.0,18806.0,18642.0,37452.0,3694.0,4024.0,7715.0,20825.0,20772.0,41596.0,1802.0,2037.0,3843.0,20945.0,20914.0,41863.0,49815.0,0.23436715800000002,0.634226639,0.131225534,265.0,1691.0,49815.0,1.5359798830000002,1520.0,774.0,5793.0,3325.0,7480.0,509.0,609.0,8600.0,0.592599836,0.048578245,0.090507295,3.0,343.0,3.0,54.0,15557.0,1412.0,149.0,489.0,188.0,1210.0,19765.0,3.0,0.0,5.0,0.0,3.0,8.0,0.0,8.0,17.0,10.0,46.0,277.0,328.0,0.0,26.0,47.0,77.0,23254.0
TRAEGER,11027000,KAP,Safe,56.98,-56.98,,,,,,,,,,,,,,,,,,,,,,,,,,,,,,,,,,,,,,,,,,,,,,,,,,,,,,,,,,,,,,,,,,,,,,,,,,,,,,
WARREGO,100207000,LNP,Safe,18.91,-18.91,21061.0,20050.0,41111.0,1651.0,1755.0,3403.0,39.0,48.0,86.0,39.0,41.0,80.0,1732.0,1841.0,3566.0,17120.0,16297.0,33415.0,1347.0,1390.0,2734.0,18047.0,17297.0,35349.0,674.0,657.0,1327.0,17958.0,17148.0,35104.0,41111.0,0.269660188,0.570261001,0.160176109,180.0,1480.0,41111.0,1.967829401,290.0,287.0,2531.0,2229.0,5548.0,494.0,551.0,6593.0,0.643181008,0.05756788400000001,0.05053747,5.0,94.0,0.0,16.0,10655.0,1009.0,316.0,154.0,269.0,1422.0,14083.0,3.0,0.0,3.0,0.0,0.0,6.0,0.0,7.0,0.0,4.0,11.0,125.0,144.0,0.0,3.0,20.0,28.0,18642.0
WATERFORD,21100000,ALP,Safe,21.5,21.5,31380.0,32897.0,64271.0,1065.0,1162.0,2226.0,66.0,91.0,149.0,76.0,70.0,144.0,1205.0,1316.0,2517.0,20537.0,21122.0,41661.0,8425.0,9230.0,17661.0,24716.0,25573.0,50291.0,4480.0,4986.0,9467.0,24320.0,25576.0,49896.0,64271.0,0.286505578,0.579437071,0.134026233,330.0,1419.0,64271.0,1.7555351000000003,709.0,487.0,3689.0,3889.0,10180.0,824.0,1062.0,12072.0,0.585965272,0.048981406,0.097347553,636.0,488.0,3.0,29.0,18447.0,1657.0,319.0,72.0,127.0,341.0,22386.0,86.0,0.0,117.0,45.0,28.0,277.0,0.0,108.0,47.0,10.0,163.0,187.0,623.0,79.0,7.0,6.0,91.0,26408.0
WHITSUNDAY,7338000,LNP,Swing,1.36,-1.36,30344.0,29304.0,59648.0,735.0,837.0,1573.0,208.0,195.0,401.0,148.0,183.0,332.0,1089.0,1213.0,2305.0,22874.0,22155.0,45023.0,4082.0,4537.0,8621.0,25775.0,25232.0,51010.0,1458.0,1696.0,3161.0,25123.0,24655.0,49774.0,59648.0,0.271241282,0.6122250539999999,0.116550429,300.0,1817.0,59648.0,1.8957145869999998,685.0,586.0,4334.0,3769.0,11144.0,646.0,926.0,12710.0,0.608214181,0.053968668,0.069244048,14.0,678.0,3.0,52.0,18565.0,1461.0,229.0,161.0,415.0,1569.0,23444.0,0.0,0.0,7.0,0.0,0.0,7.0,0.0,45.0,22.0,9.0,84.0,262.0,357.0,3.0,17.0,18.0,43.0,28572.0
