SED_CODE_2016,M_15_19_Prvided_unpaid_assist,M_15_19_No_unpad_asst_prvided,M_15_19_Unpaid_assist_ns,M_15_19_Tot,M_20_24_Prvided_unpaid_assist,M_20_24_No_unpad_asst_prvided,M_20_24_Unpaid_assist_ns,M_20_24_Tot,M_25_34_Prvided_unpaid_assist,M_25_34_No_unpad_asst_prvided,M_25_34_Unpaid_assist_ns,M_25_34_Tot,M_35_44_Prvided_unpaid_assist,M_35_44_No_unpad_asst_prvided,M_35_44_Unpaid_assist_ns,M_35_44_Tot,M_45_54_Prvided_unpaid_assist,M_45_54_No_unpad_asst_prvided,M_45_54_Unpaid_assist_ns,M_45_54_Tot,M_55_64_Prvided_unpaid_assist,M_55_64_No_unpad_asst_prvided,M_55_64_Unpaid_assist_ns,M_55_64_Tot,M_65_74_Prvided_unpaid_assist,M_65_74_No_unpad_asst_prvided,M_65_74_Unpaid_assist_ns,M_65_74_Tot,M_75_84_Prvided_unpaid_assist,M_75_84_No_unpad_asst_prvided,M_75_84_Unpaid_assist_ns,M_75_84_Tot,M_85_ov_Prvided_unpaid_assist,M_85_ov_No_unpad_asst_prvided,M_85_ov_Unpaid_assist_ns,M_85_ov_Tot,M_Tot_prvided_unpaid_assist,M_Tot_No_unpaid_asst_prvided,M_Tot_Unpaid_assist_ns,M_Tot_Tot,F_15_19_Prvided_unpaid_assist,F_15_19_No_unpad_asst_prvided,F_15_19_Unpaid_assist_ns,F_15_19_Tot,F_20_24_Prvided_unpaid_assist,F_20_24_No_unpad_asst_prvided,F_20_24_Unpaid_assist_ns,F_20_24_Tot,F_25_34_Prvided_unpaid_assist,F_25_34_No_unpad_asst_prvided,F_25_34_Unpaid_assist_ns,F_25_34_Tot,F_35_44_Prvided_unpaid_assist,F_35_44_No_unpad_asst_prvided,F_35_44_Unpaid_assist_ns,F_35_44_Tot,F_45_54_Prvided_unpaid_assist,F_45_54_No_unpad_asst_prvided,F_45_54_Unpaid_assist_ns,F_45_54_Tot,F_55_64_Prvided_unpaid_assist,F_55_64_No_unpad_asst_prvided,F_55_64_Unpaid_assist_ns,F_55_64_Tot,F_65_74_Prvided_unpaid_assist,F_65_74_No_unpad_asst_prvided,F_65_74_Unpaid_assist_ns,F_65_74_Tot,F_75_84_Prvided_unpaid_assist,F_75_84_No_unpad_asst_prvided,F_75_84_Unpaid_assist_ns,F_75_84_Tot,F_85_ov_Prvided_unpaid_assist,F_85_ov_No_unpad_asst_prvided,F_85_ov_Unpaid_assist_ns,F_85_ov_Tot,F_Tot_prvided_unpaid_assist,F_Tot_No_unpaid_asst_prvided,F_Tot_Unpaid_assist_ns,F_Tot_Tot,P_15_19_Prvided_unpaid_assist,P_15_19_No_unpad_asst_prvided,P_15_19_Unpaid_assist_ns,P_15_19_Tot,P_20_24_Prvided_unpaid_assist,P_20_24_No_unpad_asst_prvided,P_20_24_Unpaid_assist_ns,P_20_24_Tot,P_25_34_Prvided_unpaid_assist,P_25_34_No_unpad_asst_prvided,P_25_34_Unpaid_assist_ns,P_25_34_Tot,P_35_44_Prvided_unpaid_assist,P_35_44_No_unpad_asst_prvided,P_35_44_Unpaid_assist_ns,P_35_44_Tot,P_45_54_Prvided_unpaid_assist,P_45_54_No_unpad_asst_prvided,P_45_54_Unpaid_assist_ns,P_45_54_Tot,P_55_64_Prvided_unpaid_assist,P_55_64_No_unpad_asst_prvided,P_55_64_Unpaid_assist_ns,P_55_64_Tot,P_65_74_Prvided_unpaid_assist,P_65_74_No_unpad_asst_prvided,P_65_74_Unpaid_assist_ns,P_65_74_Tot,P_75_84_Prvided_unpaid_assist,P_75_84_No_unpad_asst_prvided,P_75_84_Unpaid_assist_ns,P_75_84_Tot,P_85_ov_Prvided_unpaid_assist,P_85_ov_No_unpad_asst_prvided,P_85_ov_Unpaid_assist_ns,P_85_ov_Tot,P_Tot_prvided_unpaid_assist,P_Tot_No_unpaid_asst_prvided,P_Tot_Unpaid_assist_ns,P_Tot_Tot
SED30001,78,2198,193,2475,90,1922,155,2164,315,4121,379,4810,431,4485,385,5301,429,3761,310,4501,342,2576,225,3146,246,1798,177,2220,91,590,99,782,18,132,41,187,2039,21579,1958,25577,115,2186,227,2528,116,1899,148,2165,480,4438,389,5305,765,4498,360,5622,702,3692,285,4684,623,2566,238,3425,364,1622,177,2165,84,598,119,795,10,219,81,311,3257,21715,2019,26992,194,4381,420,5001,206,3817,304,4324,793,8561,765,10116,1197,8984,740,10920,1136,7456,596,9186,966,5144,455,6570,606,3421,353,4381,169,1187,216,1577,25,348,118,499,5295,43298,3976,52573
SED30002,90,1781,132,2001,81,1660,99,1839,235,3462,236,3933,339,3324,192,3852,338,2975,200,3514,317,2259,137,2719,191,1395,114,1697,69,549,66,684,23,203,31,256,1684,17614,1200,20499,102,1658,116,1878,98,1542,85,1728,424,3558,219,4200,570,3322,181,4067,639,3158,189,3982,520,2223,142,2884,264,1361,120,1745,76,671,88,832,12,373,70,455,2699,17868,1201,21764,192,3440,246,3882,183,3199,186,3564,663,7022,451,8136,913,6646,373,7922,971,6135,384,7494,838,4482,278,5598,454,2751,235,3443,144,1222,151,1516,35,583,96,715,4388,35481,2403,42267
SED30003,58,1568,76,1703,66,1839,94,1996,136,2647,167,2946,237,2865,165,3268,386,2785,187,3358,363,1781,132,2280,234,1206,79,1520,95,541,64,708,21,188,43,254,1601,15426,1001,18029,47,1392,62,1502,84,1508,81,1680,187,2529,171,2890,367,3172,162,3701,611,2712,173,3491,588,1749,113,2445,299,1342,100,1739,109,693,107,913,28,354,83,471,2316,15460,1049,18827,106,2956,137,3199,151,3355,177,3677,323,5178,333,5842,607,6033,325,6968,996,5498,360,6847,951,3532,241,4726,533,2548,175,3253,208,1240,174,1617,47,550,125,719,3912,30880,2053,36848
SED30004,69,1294,66,1433,70,1244,67,1382,114,2348,157,2619,258,2459,154,2868,369,2445,148,2969,422,1975,135,2530,261,1599,109,1968,155,881,94,1132,45,330,60,434,1760,14576,997,17336,58,1304,55,1421,75,1229,63,1373,202,2348,132,2677,398,2499,123,3015,568,2498,138,3212,671,2025,112,2812,424,1681,130,2229,180,1163,169,1507,35,674,144,852,2607,15419,1070,19098,127,2597,123,2852,146,2476,134,2757,318,4691,286,5293,658,4959,274,5888,940,4948,289,6176,1089,4004,248,5342,680,3272,242,4196,336,2047,263,2646,75,1001,209,1288,4376,29993,2062,36427
SED30005,80,1677,198,1959,74,1238,144,1447,182,2820,343,3341,334,3515,372,4217,390,3785,470,4643,416,3229,383,4030,251,2143,319,2710,96,723,135,953,8,178,39,224,1829,19306,2393,23525,90,1539,173,1801,81,1263,140,1485,306,3104,296,3711,566,3950,387,4902,720,4051,443,5210,641,3096,348,4080,334,1875,281,2490,103,632,175,905,15,271,71,354,2848,19777,2310,24938,171,3213,373,3754,151,2504,282,2939,496,5925,638,7053,896,7464,754,9119,1104,7835,915,9852,1057,6327,730,8113,588,4014,597,5197,198,1349,311,1856,25,450,109,579,4676,39082,4704,48463
SED30006,79,1611,254,1944,82,1265,156,1502,178,2404,347,2931,348,2912,356,3618,507,3266,412,4177,479,2892,369,3739,340,2356,359,3058,122,990,184,1301,28,282,72,387,2160,17967,2512,22639,84,1528,229,1841,97,1247,138,1480,341,2514,269,3122,625,2946,311,3880,801,3254,373,4424,802,2664,375,3848,431,2196,314,2947,147,981,222,1346,23,404,86,512,3349,17728,2322,23397,165,3134,478,3785,173,2507,295,2980,522,4919,619,6055,964,5856,669,7495,1307,6517,778,8603,1279,5555,744,7581,770,4549,679,6001,266,1973,408,2641,50,684,160,893,5504,35701,4836,46037
SED30007,50,1153,109,1316,109,3592,458,4154,301,8584,1173,10058,282,4073,716,5066,315,2730,575,3619,312,2012,400,2720,143,1213,290,1640,59,461,148,666,14,140,71,227,1580,23958,3933,29476,57,1360,147,1563,140,4005,442,4580,366,7968,1052,9383,356,3337,493,4186,443,2199,337,2974,438,1730,301,2463,212,1062,253,1530,71,490,174,735,10,293,249,553,2084,22435,3449,27967,112,2513,261,2883,244,7596,897,8737,665,16549,2221,19435,638,7408,1207,9254,752,4927,913,6595,744,3737,700,5186,355,2271,541,3170,130,956,324,1403,25,436,324,781,3665,46393,7384,57447
SED30008,46,1039,127,1213,67,1285,142,1495,175,2473,293,2931,257,2512,292,3054,353,2561,308,3223,368,2433,294,3096,304,2670,331,3301,217,1351,287,1847,62,437,148,642,1835,16755,2215,20804,67,1020,121,1208,85,1393,180,1652,229,2564,296,3090,443,2559,272,3279,587,2708,321,3618,705,2858,310,3880,526,2879,426,3832,215,1553,393,2159,48,794,238,1078,2900,18320,2564,23782,107,2059,250,2421,144,2676,319,3144,404,5033,586,6023,699,5065,564,6333,938,5268,629,6836,1075,5292,607,6974,833,5546,761,7135,428,2902,672,4007,107,1233,383,1719,4735,35075,4776,44588
SED30009,55,1465,123,1647,72,1174,89,1335,140,2140,173,2461,205,2500,191,2898,343,2810,240,3389,349,2369,169,2890,263,2021,149,2441,155,1009,142,1310,47,365,92,505,1633,15859,1375,18877,65,1498,103,1669,62,1234,83,1381,220,2278,143,2636,401,2863,157,3420,654,3027,202,3881,623,2512,173,3305,425,2156,196,2769,174,1169,217,1560,27,603,162,789,2654,17335,1426,21415,126,2968,227,3319,141,2407,173,2721,360,4420,324,5094,610,5360,345,6321,997,5839,441,7271,979,4878,339,6201,688,4174,346,5212,330,2176,358,2861,75,972,257,1299,4295,33196,2807,40291
SED30010,43,1180,97,1327,57,1627,142,1819,204,4163,387,4752,288,3742,303,4334,329,2930,260,3517,301,1902,185,2392,145,1034,149,1331,73,502,90,665,24,193,42,258,1464,17277,1659,20396,45,1255,90,1390,91,1719,119,1928,311,4370,430,5112,468,3701,264,4439,568,2867,222,3652,511,1869,186,2566,211,1118,127,1458,78,665,100,845,21,493,85,604,2304,18054,1630,21989,88,2438,189,2715,142,3343,264,3754,510,8538,820,9866,753,7448,563,8766,898,5794,479,7172,818,3771,372,4955,352,2160,278,2785,152,1168,191,1507,43,684,130,860,3764,35333,3291,42388
SED30011,75,1159,142,1378,75,1181,123,1374,185,2079,241,2503,256,1727,197,2173,318,1941,246,2501,376,1900,235,2513,295,1764,296,2347,168,1175,254,1603,47,406,136,593,1793,13325,1873,16988,70,1104,112,1289,104,1119,124,1343,339,2126,206,2668,467,1739,176,2376,602,1892,200,2699,604,1961,241,2808,404,1907,328,2642,189,1476,366,2035,35,777,215,1029,2816,14103,1967,18890,147,2265,257,2666,178,2300,245,2720,526,4205,449,5177,722,3465,369,4556,917,3832,447,5199,983,3856,477,5319,702,3673,616,4992,361,2653,617,3634,83,1184,351,1620,4612,27426,3841,35880
SED30012,143,2465,300,2915,141,2487,281,2909,426,5639,531,6596,530,4723,418,5676,467,3640,395,4500,416,2459,292,3169,210,1349,195,1757,58,521,122,699,21,121,39,177,2413,23412,2567,28394,174,2262,276,2709,254,2624,244,3121,784,6067,539,7391,874,4613,420,5910,746,3454,371,4571,603,2312,287,3200,276,1354,205,1843,83,631,141,849,10,247,59,319,3799,23574,2546,29911,315,4732,576,5624,388,5115,528,6035,1212,11709,1064,13989,1408,9336,838,11582,1206,7099,764,9063,1018,4771,578,6369,489,2704,403,3593,138,1153,262,1549,27,368,104,503,6213,46986,5113,58314
SED30013,46,1356,352,1757,69,1633,569,2278,157,2459,667,3279,231,2276,476,2990,346,2507,430,3281,361,2591,360,3317,253,1948,386,2586,124,854,213,1191,30,229,72,330,1619,15856,3530,21008,78,1090,193,1369,67,1190,205,1462,269,2268,291,2831,391,2207,282,2876,546,2396,306,3252,596,2197,281,3075,348,1599,300,2254,121,872,243,1235,9,356,137,503,2421,14192,2240,18857,128,2449,547,3126,135,2831,776,3743,424,4724,957,6110,623,4484,755,5867,887,4910,739,6537,957,4794,644,6393,598,3545,686,4834,244,1730,455,2422,41,582,207,830,4039,30053,5774,39861
SED30014,51,1212,101,1362,57,1206,109,1367,158,3138,278,3575,294,3137,307,3739,310,2598,256,3159,344,2168,230,2744,228,1866,220,2316,132,1009,177,1321,40,325,98,463,1600,16662,1780,20039,54,1184,110,1355,77,1261,120,1458,250,3418,292,3955,455,3198,298,3963,583,2626,243,3451,604,2329,265,3197,414,1978,262,2655,157,1134,237,1530,42,619,165,822,2640,17749,1993,22382,103,2402,211,2722,133,2464,225,2822,402,6554,569,7531,750,6340,608,7696,892,5218,497,6607,953,4499,492,5944,640,3848,484,4973,290,2135,417,2848,79,942,261,1284,4238,34411,3769,42425
SED30015,78,1234,163,1473,65,810,94,969,136,1571,166,1876,233,2125,210,2571,356,2737,309,3403,486,3122,352,3961,378,3071,411,3859,176,1158,229,1566,22,228,64,317,1937,16052,1992,19978,74,1153,152,1373,70,753,67,892,250,1697,148,2104,421,2131,200,2754,657,2680,276,3620,820,2875,322,4018,554,2593,364,3507,151,982,227,1363,18,261,65,347,3019,15131,1822,19968,154,2385,311,2850,139,1563,159,1859,391,3268,317,3975,648,4253,414,5316,1013,5412,590,7015,1308,5999,673,7974,929,5662,776,7362,328,2144,456,2928,46,492,132,663,4952,31177,3817,39946
SED30016,61,1425,272,1765,109,1558,318,1985,234,3600,695,4530,334,3199,571,4094,395,3150,627,4175,365,2813,481,3655,226,2033,369,2635,90,835,227,1148,27,242,70,337,1837,18854,3630,24329,90,1364,244,1702,121,1586,315,2022,406,3808,716,4930,563,3376,559,4500,590,3055,501,4144,585,2620,449,3647,314,1740,328,2381,136,881,236,1258,18,492,190,697,2817,18920,3539,25275,153,2789,522,3461,226,3145,632,4007,639,7411,1407,9464,891,6572,1127,8595,987,6206,1126,8316,950,5433,926,7305,542,3771,700,5011,226,1718,464,2404,45,726,256,1034,4653,37777,7166,49601
SED30017,50,1092,199,1341,65,893,140,1095,171,1956,332,2455,242,1987,348,2575,347,2571,426,3338,412,2628,392,3431,308,2266,436,3000,140,1024,300,1463,20,280,76,376,1754,14702,2643,19095,60,999,175,1238,86,821,121,1032,272,1849,223,2342,414,2004,259,2683,588,2288,363,3246,666,2213,324,3204,405,1865,361,2630,130,846,278,1254,17,371,113,507,2646,13253,2220,18125,113,2093,372,2574,150,1717,264,2128,441,3798,553,4796,660,3996,602,5257,938,4865,789,6586,1078,4846,717,6634,712,4126,792,5634,270,1868,585,2718,38,651,192,883,4401,27953,4863,37220
SED30018,52,1369,158,1577,56,1029,80,1162,148,2006,201,2355,285,2550,238,3070,348,2740,238,3326,419,2542,225,3188,345,2560,266,3165,186,1281,197,1666,39,419,109,566,1872,16487,1711,20074,75,1278,116,1468,90,973,85,1143,248,2188,191,2624,485,2657,177,3322,606,2816,212,3645,749,2676,231,3652,541,2609,297,3449,174,1355,248,1773,40,739,186,966,3009,17274,1750,22038,127,2641,272,3039,141,1999,163,2303,397,4196,393,4988,768,5205,423,6396,960,5553,449,6966,1165,5220,458,6840,882,5163,563,6615,362,2631,443,3435,83,1153,298,1532,4884,33764,3463,42111
SED30019,72,1421,78,1571,76,1445,67,1591,177,2793,142,3118,288,2661,165,3117,363,2574,155,3094,421,2447,161,3032,266,1612,128,2003,88,618,106,808,23,189,56,263,1773,15766,1052,18589,68,1298,60,1431,107,1290,43,1445,290,2727,131,3150,484,2621,141,3244,625,2647,128,3403,737,2388,144,3265,326,1642,146,2120,90,726,150,968,14,401,103,518,2744,15751,1042,19542,140,2721,137,3002,183,2734,107,3031,463,5523,275,6264,769,5285,301,6358,989,5223,284,6493,1160,4833,303,6300,593,3255,276,4125,175,1349,250,1773,35,588,159,780,4520,31514,2096,38132
SED30020,70,1512,78,1656,74,1539,91,1695,157,2963,183,3302,305,3190,216,3704,381,2855,198,3433,428,2228,147,2800,231,1427,92,1757,115,710,85,905,25,212,46,287,1777,16631,1126,19536,72,1483,83,1644,86,1533,74,1698,251,3035,183,3474,475,3371,171,4022,695,2976,162,3829,701,2228,143,3069,333,1572,104,2012,116,784,130,1030,26,400,79,509,2757,17390,1135,21286,139,2996,161,3301,160,3074,166,3390,408,5999,368,6772,779,6559,390,7727,1079,5831,358,7265,1122,4461,291,5872,563,3003,196,3765,225,1494,217,1931,58,617,126,793,4535,34024,2262,40824
SED30021,59,1136,90,1286,74,1666,180,1920,210,4243,476,4934,271,3317,330,3914,411,2989,330,3724,364,2167,238,2774,214,1361,158,1734,66,580,85,737,26,206,64,294,1699,17668,1951,21316,59,1368,94,1518,94,1868,171,2139,270,4381,464,5112,404,3310,296,4007,590,2807,272,3674,576,2027,215,2810,278,1336,150,1767,91,794,117,995,24,475,120,624,2382,18373,1897,22648,114,2509,186,2807,169,3535,347,4055,483,8623,942,10049,672,6629,624,7919,994,5797,601,7395,940,4192,452,5584,492,2704,309,3503,160,1369,204,1733,51,680,183,920,4075,36038,3850,43966
SED30022,57,1685,93,1841,42,1358,49,1451,143,1963,141,2247,247,2347,141,2738,347,3017,202,3567,450,2835,204,3488,283,2107,193,2585,158,994,182,1334,42,327,140,514,1768,16647,1346,19760,72,1555,69,1695,75,1181,72,1326,233,1939,129,2303,445,2609,116,3160,698,3175,173,4049,776,2708,198,3679,541,2144,212,2893,170,1232,251,1650,33,560,267,856,3029,17106,1488,21619,124,3245,169,3538,118,2541,117,2781,381,3898,266,4547,691,4956,254,5900,1041,6196,378,7611,1224,5546,406,7168,826,4257,405,5482,325,2226,434,2984,77,886,409,1372,4802,33749,2832,41382
SED30023,88,1808,231,2132,84,1690,188,1966,230,2852,293,3374,332,2850,301,3476,394,3037,325,3765,439,2737,302,3475,276,2016,253,2547,105,922,191,1215,33,244,79,349,1974,18154,2164,22301,90,1636,227,1953,122,1459,111,1691,343,2779,239,3368,536,2843,261,3639,748,2882,295,3925,769,2419,271,3460,353,1836,299,2488,132,872,202,1206,14,392,114,516,3098,17128,2021,22246,175,3451,458,4081,208,3150,296,3655,576,5629,535,6742,869,5693,558,7113,1140,5925,619,7689,1208,5155,575,6937,631,3851,555,5037,232,1794,395,2418,42,631,194,873,5075,35283,4185,44544
SED30024,90,1224,324,1637,115,1237,264,1618,244,2587,518,3347,287,2537,434,3260,306,2770,433,3518,281,2523,450,3255,185,1697,371,2245,68,733,207,1001,11,171,84,266,1592,15472,3088,20153,111,1129,308,1544,150,1271,239,1663,343,2775,505,3625,436,2489,363,3289,477,2462,415,3357,493,2186,405,3085,253,1380,303,1935,83,611,160,851,12,215,71,299,2361,14523,2765,19654,201,2349,632,3186,269,2507,505,3288,585,5365,1019,6972,729,5027,795,6550,782,5234,851,6873,774,4705,853,6335,437,3079,672,4185,148,1337,365,1851,22,387,155,566,3949,29996,5853,39805
SED30025,72,2056,272,2403,106,1983,204,2290,318,4039,473,4829,388,4022,422,4829,413,3847,455,4714,399,2958,330,3688,342,2594,308,3242,153,1134,179,1470,34,265,85,383,2223,22902,2723,27851,119,2072,242,2431,151,2069,190,2410,531,4303,487,5325,727,4137,425,5286,718,3782,438,4935,750,2894,319,3969,485,2641,356,3490,142,1189,240,1570,30,443,140,612,3652,23541,2840,30029,187,4129,514,4832,254,4049,393,4701,846,8342,963,10156,1114,8166,842,10121,1131,7625,890,9646,1153,5856,647,7654,831,5233,664,6734,295,2320,420,3043,64,714,223,994,5874,46445,5557,57875
SED30026,53,1250,108,1414,59,1162,123,1342,147,2230,259,2637,213,2515,248,2974,355,2606,247,3210,400,2579,308,3286,294,2061,298,2647,111,1032,169,1316,66,400,113,573,1693,15834,1861,19389,48,1173,108,1330,61,1085,98,1246,229,2382,245,2852,403,2601,219,3220,627,2730,276,3630,768,2530,321,3615,434,1974,275,2678,147,1124,267,1545,41,714,137,892,2752,16307,1949,21010,97,2426,219,2746,120,2245,222,2583,372,4613,504,5491,615,5111,462,6190,977,5342,524,6843,1163,5112,623,6898,730,4030,573,5331,262,2159,435,2856,102,1111,246,1465,4446,32135,3815,40394
SED30027,76,1182,256,1518,62,881,346,1290,152,2042,652,2845,260,2207,601,3062,314,2369,521,3204,346,2557,463,3360,252,2048,388,2686,110,928,243,1279,32,244,75,355,1601,14455,3540,19602,66,1126,219,1410,66,891,124,1078,251,2199,281,2737,405,2187,303,2896,564,2345,360,3269,598,2219,331,3151,363,1780,379,2520,97,913,258,1265,27,387,99,512,2436,14057,2352,18848,149,2312,473,2935,127,1768,476,2373,402,4240,936,5581,671,4395,900,5959,876,4720,878,6476,940,4775,792,6510,616,3832,761,5203,208,1844,503,2549,53,629,176,862,4038,28508,5899,38446
SED30028,61,1391,64,1517,60,1423,82,1567,149,2565,153,2862,292,2887,145,3320,377,2735,158,3273,323,1930,114,2363,226,1392,72,1688,101,586,82,767,30,196,46,271,1620,15096,921,17638,53,1397,74,1522,72,1324,72,1467,213,2695,133,3049,476,3035,131,3644,596,2680,122,3407,593,1813,115,2515,337,1489,105,1932,118,774,121,1015,24,461,100,588,2488,15679,968,19132,119,2790,135,3045,131,2750,150,3036,361,5262,288,5913,766,5921,276,6963,978,5418,283,6679,912,3741,229,4883,559,2878,175,3617,217,1357,200,1778,55,658,147,859,4102,30775,1890,36772
SED30029,47,1532,85,1672,60,1098,66,1215,133,2018,98,2239,259,2951,143,3352,397,2799,146,3341,408,2026,125,2562,277,1672,119,2074,81,578,63,729,23,172,36,224,1686,14842,885,17405,48,1352,74,1481,63,1008,45,1117,220,2151,99,2469,457,3063,131,3648,618,2843,138,3601,625,1985,115,2726,377,1628,115,2124,79,606,107,789,14,325,89,427,2505,14954,915,18380,96,2891,161,3151,122,2098,107,2331,346,4165,199,4710,722,6009,270,6998,1020,5638,285,6939,1033,4011,243,5286,656,3300,231,4193,166,1183,170,1513,34,493,128,653,4193,29796,1795,35785
SED30030,60,1792,153,2009,74,1542,138,1757,219,3190,272,3675,353,3515,281,4147,399,3359,273,4022,348,2408,232,2989,245,1761,187,2197,119,780,149,1045,26,226,109,364,1849,18569,1790,22208,103,1654,137,1895,95,1544,132,1771,406,3390,265,4058,611,3643,257,4510,677,3299,265,4233,617,2443,228,3278,327,1776,206,2308,124,857,189,1168,23,350,153,533,2971,18964,1829,23762,162,3448,292,3899,174,3086,275,3534,618,6579,537,7737,960,7157,539,8655,1071,6651,537,8261,959,4851,455,6270,573,3544,394,4509,243,1637,332,2209,55,576,265,891,4814,37533,3618,45966
SED30031,65,1627,200,1889,68,1581,160,1805,215,3370,362,3943,317,3447,359,4122,359,3487,424,4272,349,2669,307,3323,153,1349,165,1670,70,513,101,681,13,123,33,169,1603,18160,2111,21875,70,1363,178,1616,77,1447,154,1670,367,3505,335,4209,474,3227,317,4015,529,3010,297,3839,421,2110,228,2757,192,1232,180,1607,67,584,124,771,11,240,52,305,2213,16708,1868,20785,132,2985,384,3503,143,3023,313,3476,580,6875,698,8150,796,6673,672,8136,890,6497,719,8105,771,4779,533,6082,340,2585,348,3275,135,1095,231,1457,28,363,81,477,3811,34871,3976,42661
SED30032,76,1465,232,1778,58,1250,319,1630,183,2231,566,2977,312,2647,497,3451,424,3040,363,3822,475,2926,358,3760,342,2709,312,3357,153,1050,157,1356,35,265,56,351,2056,17572,2858,22482,83,1426,153,1663,97,1180,130,1403,338,2311,204,2854,558,2660,249,3463,772,3103,286,4167,865,2792,294,3952,496,2449,280,3230,162,932,175,1276,19,369,68,456,3386,17224,1849,22459,163,2898,383,3441,154,2425,452,3031,519,4543,773,5832,871,5300,744,6919,1200,6142,651,7993,1339,5719,660,7712,834,5159,594,6584,310,1983,338,2630,52,634,118,802,5440,34794,4707,44946
SED30033,64,1200,87,1349,75,1634,104,1820,223,3568,306,4097,276,3240,220,3740,371,2442,175,2989,339,1590,114,2039,162,1007,90,1260,93,573,85,749,26,257,55,335,1631,15503,1247,18377,58,1088,81,1224,84,1606,137,1827,318,3904,293,4520,400,3167,183,3750,634,2355,187,3171,524,1645,127,2302,226,1192,124,1545,126,831,124,1080,24,575,124,728,2402,16357,1382,20138,121,2288,165,2578,159,3239,245,3650,541,7474,601,8619,675,6409,403,7486,1005,4797,361,6160,860,3237,242,4335,393,2192,214,2803,219,1397,204,1822,53,830,185,1070,4033,31860,2628,38519
SED30034,56,950,208,1212,43,1051,186,1276,176,2500,471,3144,214,2296,470,2979,262,2339,467,3072,195,2030,350,2577,103,1154,225,1481,47,438,125,609,12,106,35,149,1093,12862,2537,16488,58,856,185,1099,65,1012,161,1235,288,2574,365,3226,320,2114,320,2753,348,2108,325,2780,309,1587,259,2153,117,910,181,1212,57,413,114,579,8,164,36,210,1562,11737,1949,15241,108,1811,395,2307,111,2059,349,2513,459,5071,837,6371,528,4410,789,5735,605,4447,794,5847,504,3612,611,4726,221,2067,403,2691,96,848,233,1181,14,276,69,363,2656,24593,4484,31735
SED30035,72,1210,152,1441,67,927,98,1092,170,1707,198,2076,266,2030,239,2536,434,2569,333,3336,535,2899,375,3819,399,2642,415,3460,155,1109,273,1543,41,277,109,426,2143,15374,2194,19715,65,1110,161,1333,69,877,83,1035,318,1814,178,2312,466,2130,201,2796,734,2672,303,3709,866,2732,341,3939,530,2446,375,3354,175,1038,309,1519,31,385,187,606,3269,15203,2137,20607,145,2324,308,2774,135,1809,178,2123,488,3518,376,4383,733,4158,439,5333,1167,5242,637,7043,1406,5635,716,7754,926,5094,787,6812,334,2144,580,3060,75,659,301,1028,5412,30578,4331,40324
SED30036,77,1228,148,1451,70,903,110,1084,156,1801,202,2157,287,1982,242,2513,383,2317,265,2961,491,2691,353,3535,491,3278,411,4185,268,1732,345,2341,48,440,133,621,2258,16370,2218,20847,106,1177,147,1429,108,930,108,1147,322,1924,184,2430,516,2183,227,2925,691,2544,278,3519,890,2891,347,4126,681,3307,453,4440,266,1764,400,2428,44,656,196,893,3621,17382,2344,23350,177,2411,291,2878,178,1832,218,2234,480,3720,391,4593,802,4166,471,5438,1071,4861,541,6475,1378,5586,701,7667,1175,6581,870,8622,531,3492,743,4774,89,1100,332,1517,5879,33754,4563,44195
SED30037,63,1298,186,1547,59,1326,148,1538,217,2936,369,3520,282,2666,308,3252,388,2814,367,3563,441,2811,394,3646,249,2174,384,2808,104,995,199,1301,27,240,71,331,1831,17256,2416,21500,57,1161,168,1392,99,1211,134,1443,329,2945,272,3544,468,2559,257,3283,608,2529,291,3427,688,2425,304,3416,355,1758,302,2421,127,840,201,1174,17,377,93,489,2739,15803,2029,20574,124,2462,349,2938,158,2536,282,2980,546,5881,644,7065,750,5228,561,6537,987,5339,652,6986,1127,5232,696,7057,596,3933,685,5224,238,1832,402,2475,41,619,163,820,4575,33061,4439,42081
SED30038,114,1736,355,2207,118,1773,584,2480,290,3198,1330,4814,339,2932,1042,4315,414,2950,627,3995,332,2234,388,2950,199,1275,263,1735,75,576,161,817,26,164,56,240,1913,16840,4807,23556,150,1658,204,2013,149,1702,277,2125,449,3406,600,4452,588,2949,427,3966,651,2813,362,3829,542,2093,259,2899,259,1322,249,1837,94,690,184,974,9,233,107,352,2894,16871,2668,22436,257,3393,563,4216,264,3477,861,4603,742,6603,1926,9266,923,5886,1471,8284,1072,5760,993,7827,878,4325,643,5847,460,2600,514,3575,172,1271,345,1796,35,393,158,592,4805,33711,7481,45993
SED30039,72,2047,119,2236,119,3600,232,3944,157,3612,267,4031,237,2602,197,3034,265,2156,142,2563,329,1642,110,2082,195,1232,93,1521,80,554,56,693,36,210,46,290,1484,17652,1261,20397,78,2312,124,2511,139,3831,261,4230,229,3361,258,3843,347,2667,154,3163,486,2173,139,2793,512,1618,115,2247,320,1354,94,1773,106,656,83,848,20,406,77,507,2236,18364,1314,21915,146,4359,241,4743,253,7425,491,8175,387,6965,527,7879,580,5271,348,6198,746,4326,287,5356,846,3254,229,4333,518,2589,187,3292,184,1209,144,1538,53,613,127,794,3722,36020,2575,42311
SED30040,76,1530,166,1771,91,1611,158,1863,297,3123,299,3718,354,2627,275,3260,422,2581,247,3249,430,2131,212,2775,240,1475,184,1897,112,766,143,1018,34,262,50,347,2051,16101,1736,19890,87,1465,159,1711,128,1541,144,1811,470,3144,301,3916,598,2527,239,3369,671,2453,227,3353,640,2067,211,2920,315,1542,207,2065,119,1016,177,1318,27,513,114,648,3062,16268,1783,21115,161,3001,320,3483,220,3149,307,3677,767,6266,596,7634,955,5155,517,6627,1094,5030,478,6602,1071,4199,425,5698,550,3016,397,3964,229,1787,319,2334,53,778,163,995,5117,32370,3519,40999
SED30041,103,1627,236,1957,82,1559,180,1821,245,2703,394,3335,371,2697,359,3424,450,2926,317,3691,462,2459,313,3238,254,1768,249,2273,109,778,143,1028,18,230,49,299,2087,16741,2230,21063,115,1538,173,1827,152,1502,159,1809,444,2898,291,3639,630,2638,248,3518,794,2803,294,3899,751,2181,273,3199,330,1699,265,2297,118,882,196,1197,5,384,61,458,3350,16525,1968,21840,214,3164,409,3787,230,3061,337,3628,690,5605,683,6973,1001,5336,604,6942,1250,5729,610,7589,1214,4638,578,6437,580,3463,521,4563,228,1660,336,2228,22,615,118,756,5437,33271,4201,42907
SED30042,66,1490,111,1671,91,1569,120,1778,254,3196,241,3690,323,3043,218,3577,389,2688,228,3297,353,2328,156,2830,254,1547,164,1967,94,577,113,777,17,172,75,261,1837,16596,1426,19860,88,1477,127,1693,104,1610,113,1828,424,3284,250,3962,605,3029,213,3846,675,2692,192,3561,603,2175,170,2950,340,1615,183,2132,78,709,119,910,12,329,134,480,2932,16929,1505,21363,159,2966,237,3363,194,3175,236,3605,679,6480,492,7651,933,6072,425,7431,1067,5374,417,6860,959,4503,328,5788,590,3164,344,4104,170,1280,237,1688,26,507,212,742,4769,33525,2930,41222
SED30043,60,1670,113,1852,62,1426,131,1619,155,2478,199,2822,282,2761,231,3278,333,2685,218,3233,371,2108,162,2640,258,1960,188,2405,193,1380,178,1745,70,490,97,654,1786,16952,1512,20247,82,1663,114,1863,88,1404,107,1605,278,2629,178,3078,485,2871,176,3528,629,2775,191,3603,653,2233,159,3040,486,2350,210,3049,237,1600,279,2113,53,781,184,1014,2983,18308,1600,22892,143,3334,227,3709,152,2833,235,3221,429,5098,378,5909,769,5629,407,6802,964,5458,411,6837,1023,4340,323,5678,742,4313,394,5453,428,2981,456,3860,118,1270,277,1663,4772,35256,3108,43138
SED30044,87,1570,182,1842,90,1405,136,1634,182,2687,335,3206,257,2714,375,3348,407,2921,428,3756,493,2763,375,3634,261,2027,305,2593,108,852,212,1174,29,227,126,379,1929,17174,2474,21575,91,1511,173,1775,112,1290,106,1510,363,2637,224,3223,503,2719,257,3485,698,2870,300,3865,764,2593,285,3645,366,1872,291,2530,147,939,236,1321,17,363,150,529,3051,16800,2034,21887,175,3077,359,3612,201,2699,250,3142,544,5326,561,6431,762,5436,630,6835,1109,5787,726,7626,1260,5359,663,7277,629,3900,599,5126,255,1794,446,2502,50,591,271,910,4979,33977,4510,43461
SED30045,91,1657,241,1987,82,1419,199,1698,185,2633,419,3235,345,2832,373,3546,412,3156,401,3967,386,2623,360,3365,274,2015,324,2619,88,800,163,1058,24,186,54,261,1889,17316,2533,21735,96,1659,223,1985,135,1535,151,1826,364,2726,239,3332,580,2854,298,3737,776,2922,356,4057,684,2249,303,3233,365,1794,297,2454,108,714,186,1009,16,323,78,413,3113,16785,2138,22037,184,3317,467,3973,218,2955,354,3523,550,5357,655,6567,924,5688,667,7281,1188,6083,754,8022,1067,4872,659,6599,637,3809,621,5076,198,1518,355,2068,33,508,131,671,5003,34101,4668,43772
SED30046,84,1734,169,1987,93,1449,89,1634,213,2590,232,3036,342,2690,238,3270,336,2990,263,3590,394,2505,208,3109,209,1517,183,1905,83,550,93,726,11,128,21,163,1766,16151,1496,19415,106,1588,160,1855,109,1430,102,1638,381,2586,202,3165,596,2676,246,3520,696,2780,241,3714,597,2270,214,3083,316,1381,176,1876,62,601,98,764,7,189,31,225,2867,15494,1471,19837,186,3324,327,3841,203,2879,194,3266,594,5171,432,6202,939,5368,488,6791,1034,5766,505,7308,997,4767,425,6193,524,2897,352,3776,140,1156,189,1489,20,313,54,390,4639,31646,2967,39252
SED30047,57,1429,122,1608,43,1206,80,1329,152,2378,180,2706,282,2966,225,3479,388,2993,228,3615,388,2232,183,2801,225,1633,180,2041,132,759,142,1038,29,291,82,407,1698,15907,1429,19026,69,1327,126,1530,102,1115,79,1295,220,2581,180,2977,492,3182,187,3859,645,2892,206,3746,685,2146,159,2990,352,1718,188,2257,142,1018,209,1368,23,639,143,812,2726,16631,1476,20827,133,2757,252,3138,137,2325,156,2625,368,4965,359,5685,777,6149,413,7339,1035,5893,435,7359,1074,4380,339,5794,573,3356,368,4299,273,1778,358,2407,58,932,233,1223,4422,32535,2897,39857
SED30048,58,1154,107,1322,60,1201,154,1414,164,2585,369,3118,209,2258,368,2832,291,2505,384,3184,318,2185,361,2863,153,1338,227,1724,80,690,128,893,25,255,50,324,1354,14179,2147,17680,58,1098,82,1236,71,1178,102,1345,262,2583,243,3082,361,2164,199,2730,482,2293,248,3023,500,1934,222,2663,258,1318,215,1794,131,882,162,1177,28,537,66,631,2148,13985,1541,17678,116,2250,192,2561,130,2375,258,2759,426,5166,614,6204,566,4429,567,5565,772,4803,631,6210,821,4118,583,5523,411,2659,445,3515,213,1572,292,2067,46,789,110,951,3505,28163,3691,35360
SED30049,75,1533,101,1705,74,1710,124,1913,166,2845,198,3215,259,2697,158,3110,398,2528,192,3123,320,1813,148,2280,233,1368,125,1720,111,789,93,994,23,272,40,334,1667,15556,1177,18398,75,1553,93,1716,90,1788,107,1987,242,2899,193,3330,464,2765,153,3377,615,2490,140,3239,555,1744,122,2424,347,1485,131,1966,145,934,146,1226,19,524,69,611,2551,16171,1152,19870,145,3087,191,3419,168,3496,231,3895,410,5746,394,6548,725,5462,311,6492,1015,5019,330,6365,876,3555,268,4700,577,2852,258,3686,254,1718,240,2217,46,794,103,945,4218,31729,2324,38269
SED30050,42,1154,121,1320,65,1313,168,1548,146,2992,321,3458,210,2750,285,3246,329,2797,278,3404,409,2828,306,3539,286,2357,282,2928,174,1080,218,1468,47,346,111,509,1713,17618,2087,21423,50,1145,106,1306,86,1491,164,1745,247,3046,308,3602,400,2642,235,3277,643,3053,281,3978,738,3010,316,4066,381,2330,306,3019,162,1319,330,1806,36,631,203,872,2755,18672,2259,23679,100,2298,228,2627,155,2805,333,3295,393,6042,635,7067,615,5391,521,6527,972,5847,557,7380,1146,5835,624,7604,668,4687,587,5944,332,2399,544,3278,86,980,309,1376,4466,36296,4342,45101
SED30051,87,1191,203,1469,63,908,196,1174,192,1601,381,2167,307,2006,435,2738,381,2551,397,3333,596,3023,452,4066,482,3133,517,4139,178,1274,305,1749,26,313,96,430,2307,15987,2971,21270,92,1127,146,1362,79,810,83,970,344,1613,188,2152,543,2012,241,2793,734,2516,299,3550,965,2887,389,4237,615,2682,481,3778,149,1167,318,1638,25,485,117,630,3537,15293,2264,21100,173,2310,344,2829,142,1719,280,2142,538,3211,568,4320,842,4011,673,5529,1117,5068,699,6879,1557,5907,837,8301,1099,5819,999,7912,325,2440,622,3387,56,798,210,1063,5850,31288,5242,42373
SED30052,52,1529,136,1715,75,1745,154,1976,174,3364,320,3857,254,2937,248,3435,333,2837,248,3420,347,2271,204,2826,254,2061,200,2511,121,1002,183,1307,52,285,146,481,1656,18036,1842,21533,63,1523,128,1716,89,1949,193,2233,273,3405,319,3992,391,2961,222,3582,546,2937,257,3741,661,2473,247,3379,389,2176,229,2797,154,1091,260,1505,29,504,259,793,2599,19030,2121,23754,116,3055,269,3431,167,3691,349,4208,439,6771,641,7851,648,5898,473,7021,880,5774,509,7160,1002,4749,457,6212,637,4241,424,5308,280,2098,445,2817,79,792,401,1277,4250,37066,3964,45280
SED30053,56,1383,275,1709,64,1159,311,1533,195,2743,851,3786,272,2921,736,3922,379,3216,701,4293,412,3012,543,3963,231,1842,345,2417,85,713,193,995,9,154,51,218,1700,17130,4003,22833,70,1266,204,1535,73,1164,184,1416,360,2647,361,3363,400,2645,313,3355,565,2731,370,3663,613,2322,328,3259,272,1477,265,2006,99,589,157,838,6,210,37,255,2444,15034,2211,19693,122,2647,479,3246,136,2318,497,2952,550,5388,1215,7153,669,5559,1043,7280,940,5946,1072,7953,1020,5337,867,7219,506,3316,608,4423,181,1302,349,1835,20,361,90,468,4147,32165,6218,42530
SED30054,55,1725,81,1855,55,1329,68,1453,109,1669,78,1854,245,2686,128,3064,407,3026,166,3594,373,2177,123,2672,273,1785,90,2153,110,812,92,1021,43,229,66,345,1673,15433,898,18003,78,1627,77,1781,80,1189,53,1320,152,1804,71,2035,441,2978,134,3547,673,3070,130,3868,680,2169,117,2969,412,1683,116,2206,126,863,127,1113,24,345,219,587,2663,15728,1034,19420,131,3352,154,3634,133,2515,123,2771,257,3474,150,3884,687,5667,261,6609,1079,6096,289,7463,1051,4345,237,5642,682,3470,205,4357,240,1675,216,2129,73,574,284,933,4332,31164,1926,37424
SED30055,107,1892,171,2167,100,1636,126,1862,241,2942,234,3421,350,3026,218,3588,413,3054,220,3677,396,2291,196,2875,263,1564,185,2010,89,587,91,760,24,146,56,226,1973,17128,1496,20596,121,1830,123,2085,139,1688,147,1971,466,3038,233,3738,678,3039,218,3936,734,3025,210,3969,690,2231,221,3137,352,1563,178,2099,87,610,130,830,16,228,58,301,3286,17258,1513,22054,226,3723,298,4251,238,3325,270,3834,706,5980,466,7158,1027,6063,437,7528,1144,6081,427,7651,1079,4522,411,6015,614,3129,360,4107,180,1199,212,1592,34,372,111,524,5253,34389,3010,42650
SED30056,50,1194,84,1333,95,2555,267,2923,187,4452,472,5119,231,2754,228,3206,336,2189,226,2744,249,1541,152,1942,145,1006,105,1253,42,439,58,537,26,130,22,177,1356,16267,1613,19233,48,1322,93,1467,116,2999,249,3368,236,4297,375,4908,352,2773,201,3325,418,2112,156,2687,422,1482,158,2066,247,1013,123,1383,66,487,76,630,19,285,74,376,1927,16768,1512,20213,101,2514,184,2795,212,5557,517,6284,427,8755,850,10026,577,5529,430,6536,756,4295,380,5431,670,3029,306,4011,388,2013,227,2636,115,927,135,1167,39,416,92,551,3282,33034,3128,39446
SED30057,42,776,168,981,45,970,184,1195,132,2292,432,2858,181,1764,307,2246,157,1804,310,2272,132,1509,287,1933,59,903,198,1166,34,291,77,405,5,56,27,89,781,10369,1993,13144,50,687,157,891,60,955,153,1167,204,2217,366,2791,201,1615,249,2065,242,1584,293,2126,189,1129,220,1541,85,667,141,892,26,255,70,346,0,84,29,107,1054,9191,1682,11925,86,1463,321,1872,98,1928,335,2362,334,4510,804,5645,381,3380,561,4312,402,3386,607,4391,319,2637,509,3475,149,1570,340,2059,56,548,154,750,10,139,55,202,1837,19557,3674,25072
SED30058,70,1335,73,1475,62,1286,69,1413,167,2601,155,2926,294,2897,154,3347,312,2560,154,3026,394,2170,129,2694,241,1537,115,1895,85,597,112,795,24,204,88,314,1643,15178,1054,17877,57,1362,69,1479,83,1192,85,1360,250,2680,166,3091,423,2924,135,3483,594,2631,146,3369,600,2075,118,2788,327,1534,147,2014,93,717,167,975,21,318,316,657,2441,15433,1341,19220,124,2693,134,2957,142,2478,155,2779,417,5277,321,6014,719,5822,286,6826,909,5188,299,6396,986,4249,249,5485,573,3073,269,3908,176,1316,273,1770,46,517,406,971,4088,30613,2394,37098
SED30059,61,1724,162,1942,74,1295,103,1474,147,2529,238,2918,281,3162,274,3714,395,3244,265,3908,399,2571,266,3248,245,2138,248,2637,110,949,193,1255,28,224,155,406,1742,17829,1911,21485,102,1562,136,1801,78,1303,101,1483,297,2761,287,3343,524,3458,323,4304,697,3364,270,4327,701,2575,283,3558,350,2096,241,2688,124,926,259,1307,22,335,371,729,2889,18376,2270,23541,162,3285,295,3739,157,2595,209,2958,444,5287,525,6258,803,6621,599,8020,1095,6609,540,8238,1107,5147,546,6801,596,4230,493,5319,237,1873,456,2559,51,560,521,1132,4632,36208,4186,45023
SED30060,88,1530,264,1877,79,1349,129,1558,216,2673,325,3220,293,2613,305,3213,363,2743,358,3459,386,2303,311,3004,197,1618,252,2069,79,715,149,941,21,200,44,266,1722,15734,2147,19605,98,1433,246,1772,112,1298,132,1539,335,2838,338,3511,593,2802,306,3699,623,2641,307,3572,562,2067,309,2937,269,1425,237,1932,75,705,163,954,20,386,50,460,2691,15581,2098,20368,184,2959,507,3647,191,2646,258,3093,550,5511,662,6724,877,5415,615,6908,990,5380,664,7036,946,4370,622,5944,472,3036,497,4003,157,1422,315,1895,45,584,98,721,4408,31320,4243,39976
SED30061,99,1685,108,1885,89,1924,145,2166,163,2516,243,2923,245,2172,210,2622,316,2182,197,2691,348,1838,156,2344,196,1325,142,1659,78,687,115,872,26,222,52,305,1557,14556,1366,17476,91,1688,130,1908,108,1861,130,2104,303,2411,195,2909,379,2351,161,2894,585,2158,182,2924,568,1738,156,2465,308,1365,170,1840,146,908,161,1215,20,457,67,539,2513,14941,1345,18800,188,3373,233,3792,201,3789,279,4266,471,4932,434,5839,621,4527,371,5512,902,4338,379,5617,918,3576,314,4808,501,2686,311,3503,221,1592,271,2084,51,681,116,852,4072,29494,2707,36278
SED30062,93,2145,182,2420,113,2050,173,2341,301,4175,384,4858,434,4279,401,5114,462,3694,309,4466,398,2395,221,3015,293,2008,217,2521,148,990,167,1306,44,316,118,480,2283,22060,2177,26515,110,2101,171,2377,142,2135,169,2446,604,4573,385,5555,820,4470,323,5615,786,3569,304,4660,649,2512,233,3400,456,2163,242,2868,152,1226,266,1643,25,592,222,836,3750,23342,2313,29396,202,4243,353,4800,255,4190,337,4784,897,8753,762,10411,1261,8749,721,10730,1245,7265,616,9125,1047,4913,461,6419,749,4175,462,5390,305,2212,437,2954,72,904,336,1314,6033,45398,4487,55917
SED30063,70,1190,237,1496,72,957,112,1142,170,1969,222,2360,312,2099,298,2715,415,2557,350,3322,485,2821,355,3661,423,2729,420,3576,162,1215,265,1641,31,296,76,401,2153,15833,2335,20313,76,1078,160,1314,88,919,85,1095,330,1918,191,2444,533,2092,234,2860,673,2434,247,3358,879,2648,326,3850,531,2396,358,3289,162,1000,244,1406,17,411,91,523,3299,14890,1943,20136,150,2265,394,2814,155,1878,199,2235,502,3886,411,4802,843,4191,537,5578,1086,4988,593,6673,1368,5470,684,7517,956,5124,780,6866,329,2211,510,3046,55,701,172,925,5451,30724,4276,40448
SED30064,51,1249,129,1433,61,1094,108,1259,169,2238,205,2607,271,2590,269,3125,376,2727,273,3379,448,2718,249,3413,292,2313,251,2860,148,1085,165,1403,43,341,79,461,1855,16343,1736,19935,80,1295,108,1487,87,1002,107,1190,304,2340,187,2825,501,2680,216,3402,744,2890,242,3877,819,2556,251,3622,440,2243,265,2952,157,1120,239,1513,28,622,143,800,3168,16749,1748,21666,136,2543,240,2916,149,2095,208,2453,471,4577,392,5435,774,5269,484,6530,1124,5615,515,7254,1261,5278,502,7033,732,4554,519,5805,306,2203,407,2912,74,962,227,1260,5022,33092,3480,41599
SED30065,41,1348,111,1506,36,823,70,933,99,1603,144,1846,226,2558,258,3049,355,2974,276,3604,462,2990,282,3731,342,3077,325,3744,177,1330,196,1706,49,382,104,535,1791,17085,1766,20641,62,1232,123,1411,55,732,75,859,166,1701,121,1988,391,2768,224,3376,663,3377,275,4310,782,3123,285,4183,547,2889,295,3731,174,1289,255,1709,39,521,241,799,2868,17618,1877,22367,106,2583,237,2919,93,1550,138,1791,264,3302,261,3830,616,5326,484,6425,1019,6344,555,7919,1241,6109,566,7913,885,5963,624,7473,345,2615,446,3413,90,903,342,1335,4661,34704,3647,43014
SED30066,54,1290,100,1449,89,1832,136,2049,271,4594,359,5231,360,3630,267,4256,361,2652,220,3234,365,2169,172,2707,213,1439,144,1795,100,693,107,902,41,274,73,389,1856,18571,1570,22001,73,1184,80,1335,108,1753,160,2020,389,4510,329,5226,490,3388,236,4112,595,2571,190,3357,613,2099,197,2909,303,1532,162,1996,139,1001,204,1340,24,522,260,805,2722,18562,1819,23099,132,2474,180,2780,194,3584,297,4068,655,9105,686,10453,856,7013,499,8369,957,5230,405,6586,979,4266,370,5614,514,2969,306,3783,237,1696,307,2238,62,800,330,1192,4581,37134,3384,45097
SED30067,81,1686,112,1877,68,1554,109,1734,206,3200,235,3635,309,3356,234,3903,380,2980,192,3555,412,2311,160,2885,249,1609,151,2003,82,542,106,731,20,127,61,204,1800,17363,1359,20524,89,1530,112,1736,112,1548,87,1739,376,3286,183,3845,544,3261,182,3983,713,2871,172,3753,656,2274,159,3092,360,1593,159,2114,88,588,130,805,13,225,117,362,2946,17180,1306,21431,167,3221,228,3611,177,3101,190,3470,580,6482,420,7485,860,6613,409,7886,1088,5855,368,7305,1069,4585,325,5975,609,3204,315,4122,167,1137,239,1536,33,350,176,558,4750,34540,2660,41954
SED30068,71,1223,145,1431,75,1113,131,1313,215,2108,226,2543,306,2089,220,2615,347,2513,250,3112,460,2859,345,3662,477,3294,458,4225,230,1677,390,2294,62,450,247,761,2229,17324,2393,21950,90,1211,143,1442,102,1100,97,1295,359,2125,222,2710,521,2173,211,2909,687,2453,245,3384,853,2986,310,4149,719,3312,478,4508,255,1657,457,2368,39,575,485,1097,3623,17598,2643,23868,152,2437,288,2880,173,2212,220,2609,569,4236,445,5251,823,4261,429,5521,1030,4971,497,6497,1310,5840,654,7809,1195,6608,932,8737,480,3339,848,4663,100,1024,732,1854,5848,34928,5038,45820
SED30069,73,1212,119,1408,77,1058,82,1212,165,1993,197,2356,269,2412,214,2901,403,2853,281,3539,429,2653,235,3314,331,2337,297,2966,177,1089,235,1500,39,339,157,529,1966,15939,1815,19717,94,1072,110,1271,100,931,68,1104,240,2074,182,2499,500,2503,230,3228,690,2804,233,3728,781,2746,266,3791,540,2502,349,3389,178,1410,359,1946,31,648,292,971,3155,16678,2094,21932,168,2283,231,2673,179,1984,155,2311,405,4071,384,4860,773,4920,445,6129,1094,5654,518,7264,1210,5399,503,7106,872,4840,653,6355,356,2501,592,3442,68,986,449,1497,5120,32618,3913,41649
SED30070,74,1558,111,1738,71,1122,69,1262,163,2165,150,2475,275,2676,192,3148,406,2961,216,3592,463,2600,201,3260,348,2360,231,2945,117,1104,151,1378,36,345,96,471,1954,16901,1423,20270,75,1424,104,1607,89,1139,59,1284,275,2245,142,2664,493,2680,178,3355,673,3010,181,3863,737,2582,185,3502,471,2316,252,3039,162,1161,200,1515,26,562,129,709,2994,17119,1425,21538,147,2983,212,3342,158,2266,126,2548,439,4413,289,5142,764,5361,374,6504,1080,5976,401,7449,1202,5179,388,6763,824,4674,479,5978,279,2266,348,2898,59,904,221,1182,4950,34012,2847,41806
SED30071,86,1458,144,1698,91,1435,174,1696,227,2980,348,3557,263,2250,297,2810,367,2308,355,3031,364,2101,302,2761,194,1418,214,1831,116,799,221,1136,26,290,101,422,1733,15038,2160,18933,111,1499,205,1815,119,1521,176,1808,345,2988,263,3594,473,2193,221,2892,610,2309,250,3173,577,1895,238,2707,275,1467,244,1983,142,1146,291,1581,27,591,214,837,2671,15618,2097,20385,197,2959,352,3508,211,2955,347,3508,569,5971,611,7149,734,4444,519,5695,972,4614,608,6199,936,3990,540,5470,468,2890,457,3818,255,1951,515,2718,61,883,313,1256,4405,30660,4264,39326
SED30072,65,1317,99,1484,67,1217,93,1380,180,2767,177,3124,308,3033,227,3561,420,2806,206,3429,373,2246,155,2772,233,1604,139,1974,118,803,114,1035,32,322,64,420,1792,16129,1261,19181,73,1212,91,1373,67,1239,82,1387,275,2974,194,3445,487,3228,193,3915,657,2801,212,3670,650,2173,133,2959,376,1760,157,2293,130,1091,203,1422,19,644,88,756,2744,17125,1354,21224,135,2527,192,2855,136,2457,169,2764,456,5747,372,6573,795,6262,422,7477,1076,5603,416,7101,1026,4421,290,5735,611,3365,297,4269,243,1898,311,2461,58,970,150,1175,4533,33254,2620,40402
SED30073,52,1285,132,1474,117,3054,338,3501,273,6574,758,7610,271,3613,412,4304,343,2570,340,3250,324,1970,248,2540,138,1256,177,1571,70,548,98,717,22,193,35,249,1610,21072,2549,25226,44,1287,131,1460,142,3144,315,3599,333,6230,676,7236,376,3230,346,3952,514,2286,292,3092,487,1705,255,2446,220,1144,140,1503,79,593,90,758,10,405,61,472,2213,20016,2293,24515,97,2577,264,2935,255,6196,647,7101,612,12808,1436,14850,653,6845,762,8254,858,4851,629,6340,814,3680,502,4989,361,2398,316,3071,152,1137,189,1475,32,599,98,721,3819,41081,4841,49745
SED30074,74,1264,213,1548,66,1080,111,1254,151,1920,260,2336,245,2013,211,2469,387,2489,305,3183,445,2739,368,3547,343,2422,382,3144,139,1148,252,1543,43,304,93,443,1896,15378,2194,19464,81,1119,170,1377,89,962,98,1149,303,1978,195,2475,477,2109,216,2796,654,2382,266,3291,702,2542,340,3582,450,2214,405,3071,159,1233,287,1683,34,572,138,748,2950,15113,2110,20170,158,2380,379,2918,157,2041,201,2406,457,3893,457,4804,719,4119,427,5264,1042,4870,568,6481,1142,5284,709,7134,791,4641,790,6221,307,2383,535,3227,77,878,232,1185,4845,30492,4307,39641
SED30075,69,1651,368,2093,107,2662,272,3041,265,3845,455,4556,306,3057,318,3680,361,2896,365,3625,349,2465,277,3089,244,2052,254,2550,134,1022,212,1369,40,407,135,583,1876,20056,2660,24592,76,1730,212,2020,129,2615,262,3010,339,3777,397,4513,502,3010,323,3829,560,3069,355,3979,612,2473,294,3380,396,2206,281,2884,144,1282,319,1746,29,752,298,1080,2778,20913,2742,26430,145,3385,581,4107,241,5278,537,6051,608,7618,845,9070,802,6068,641,7508,920,5962,720,7605,957,4944,572,6470,640,4259,531,5434,276,2297,534,3110,66,1161,437,1660,4652,40967,5404,51019
SED30076,58,1498,119,1674,80,1395,97,1578,206,2942,193,3345,291,3049,186,3534,331,2642,197,3165,360,2327,168,2859,241,1879,144,2264,91,533,69,690,10,133,17,163,1671,16406,1190,19266,71,1417,93,1577,75,1300,93,1468,335,2910,205,3446,462,3076,180,3718,521,2643,176,3335,681,2443,192,3317,351,1797,128,2275,64,588,78,739,13,271,45,329,2568,16445,1192,20208,132,2911,214,3249,149,2693,199,3046,537,5859,400,6793,759,6123,371,7246,846,5284,372,6509,1044,4775,362,6178,596,3676,267,4544,160,1120,150,1430,26,403,64,487,4244,32853,2382,39478
SED30077,44,1078,68,1188,69,1695,148,1914,211,3739,275,4225,282,2933,210,3430,394,2516,164,3078,325,1608,130,2057,162,1056,112,1327,105,672,117,894,41,264,109,419,1639,15558,1334,18532,53,1162,84,1293,97,1790,121,2003,269,3767,290,4324,429,3024,190,3645,607,2404,146,3152,504,1571,142,2214,278,1221,108,1606,131,890,174,1199,21,526,291,841,2386,16353,1553,20289,95,2235,148,2479,164,3485,272,3919,481,7509,563,8553,711,5960,404,7076,1000,4923,308,6231,829,3178,273,4271,445,2276,221,2936,237,1564,294,2096,66,795,399,1262,4025,31912,2883,38825
SED30078,85,1772,119,1980,100,2407,153,2665,319,4742,307,5366,422,3537,198,4166,334,2786,166,3285,326,2330,135,2798,213,1560,91,1862,73,609,66,753,18,197,22,242,1896,19950,1275,23119,90,1644,102,1841,123,2054,112,2292,460,4854,268,5587,548,3669,204,4431,566,2897,158,3618,542,2481,137,3155,324,1461,109,1894,80,661,80,816,13,417,63,488,2738,20143,1238,24114,180,3415,224,3818,226,4462,269,4962,778,9603,578,10952,975,7211,409,8595,898,5683,325,6907,864,4809,269,5952,537,3020,198,3758,152,1275,144,1567,33,611,82,726,4636,40088,2504,47236
SED30079,83,1447,148,1674,114,2609,207,2925,305,5010,395,5717,344,3039,230,3619,338,2251,197,2782,338,1970,160,2471,242,1612,199,2055,127,832,138,1092,36,303,76,413,1934,19070,1747,22745,89,1302,90,1478,142,2543,202,2888,408,4500,329,5234,485,2750,232,3470,496,2249,214,2958,521,2132,171,2829,338,1723,233,2291,144,1043,182,1369,18,595,143,760,2644,18845,1801,23286,170,2749,240,3160,259,5150,407,5816,715,9516,721,10955,835,5796,463,7087,837,4499,410,5747,863,4104,335,5299,584,3329,429,4341,268,1876,319,2460,52,898,223,1176,4572,37907,3550,46032
SED30080,49,1261,174,1490,66,1906,357,2327,197,4006,731,4941,236,3029,466,3728,357,2985,500,3843,361,2737,473,3566,263,2605,416,3281,130,1211,245,1586,31,317,94,438,1694,20057,3452,25202,62,1244,179,1484,108,1949,343,2407,239,3838,655,4726,368,2858,454,3679,575,3047,509,4129,650,2699,449,3801,440,2448,417,3307,133,1186,283,1606,35,472,160,666,2626,19734,3445,25809,117,2507,350,2975,176,3857,700,4730,438,7847,1386,9668,606,5890,919,7407,935,6034,1006,7975,1011,5434,921,7367,703,5051,839,6587,269,2396,529,3189,70,781,255,1103,4317,39793,6894,51006
SED30081,99,1767,201,2064,100,1710,173,1983,241,2921,317,3476,288,2713,279,3286,373,2720,303,3399,331,2081,238,2652,192,1379,191,1757,75,536,89,698,12,138,27,178,1709,15969,1819,19494,112,1651,184,1950,133,1732,151,2013,428,3253,277,3954,563,2896,252,3713,611,2733,242,3588,581,2029,216,2824,308,1300,199,1813,88,622,120,825,13,251,26,296,2837,16478,1658,20975,214,3416,386,4010,238,3441,320,3998,667,6177,591,7433,854,5607,530,6994,983,5452,546,6986,911,4112,451,5472,497,2685,385,3571,155,1158,209,1526,27,396,55,473,4549,32440,3478,40473
SED30082,63,1479,208,1750,81,1459,159,1691,195,2602,252,3048,279,2347,250,2876,369,2477,258,3101,412,2291,259,2961,262,1839,267,2369,133,918,168,1215,32,278,67,381,1829,15680,1892,19394,76,1487,176,1735,116,1443,129,1685,330,2616,220,3164,449,2372,221,3042,703,2515,225,3445,696,2356,249,3296,384,2034,277,2695,165,1121,250,1537,25,504,124,654,2942,16448,1876,21263,141,2960,381,3485,194,2897,288,3381,525,5216,477,6216,732,4718,468,5919,1075,4990,481,6546,1105,4644,508,6262,648,3874,548,5067,304,2033,421,2758,54,787,192,1038,4771,32125,3763,40663
SED30083,71,1461,125,1653,73,1448,138,1657,240,2936,253,3432,295,2367,202,2868,315,2194,203,2710,373,1943,212,2528,242,1653,184,2081,137,1015,260,1413,53,389,174,613,1803,15404,1741,18958,78,1411,131,1619,116,1454,121,1684,402,2934,220,3563,505,2479,186,3170,605,2292,197,3095,692,2102,215,3006,425,2005,268,2698,201,1469,390,2061,35,806,452,1289,3058,16951,2181,22186,145,2869,258,3270,185,2895,257,3343,648,5875,471,6991,804,4850,382,6041,927,4485,402,5808,1062,4042,424,5534,667,3661,451,4783,340,2483,652,3475,89,1194,622,1908,4862,32352,3922,41138
SED30084,52,1253,156,1462,74,1631,243,1948,202,3223,455,3883,259,2717,372,3350,368,2761,404,3532,349,2412,350,3108,162,1616,267,2043,67,652,121,845,32,219,67,313,1568,16482,2436,20484,68,1225,157,1445,112,1668,203,1979,315,3224,357,3897,424,2636,302,3354,565,2609,325,3498,573,2187,296,3057,274,1389,250,1912,72,719,169,956,22,362,89,475,2419,16014,2134,20568,118,2474,310,2908,184,3299,444,3923,520,6444,811,7773,680,5349,671,6706,930,5370,730,7029,920,4600,638,6163,428,3008,513,3953,143,1372,288,1800,53,579,155,784,3983,32495,4567,41046
SED30085,59,948,187,1195,48,909,127,1083,158,2114,343,2614,183,1977,326,2488,292,2219,390,2910,274,2109,358,2746,175,1553,377,2107,92,719,209,1021,15,198,70,281,1304,12742,2396,16443,53,818,183,1046,75,937,134,1145,276,2083,296,2663,334,1946,284,2568,428,1990,327,2746,437,1733,326,2493,228,1232,286,1741,88,686,211,988,24,316,110,442,1944,11741,2149,15829,110,1765,368,2245,122,1844,260,2231,437,4199,638,5272,519,3919,617,5052,728,4207,717,5648,712,3845,687,5241,398,2782,662,3846,182,1408,421,2008,40,511,178,731,3248,24483,4540,32273
SED30086,120,1816,227,2169,153,2090,231,2473,333,4063,433,4832,399,3371,349,4120,394,2847,347,3584,399,2382,283,3066,285,1833,287,2403,124,802,173,1095,28,320,64,409,2227,19515,2405,24147,150,1708,231,2091,192,1969,202,2368,592,4119,455,5167,686,3291,333,4313,672,2885,373,3926,638,2444,317,3400,386,1886,336,2607,123,1046,211,1385,16,592,99,708,3454,19953,2560,25967,273,3522,463,4260,337,4065,434,4835,928,8184,884,9996,1087,6664,686,8434,1064,5739,716,7515,1031,4827,605,6461,675,3719,620,5011,242,1847,386,2482,46,913,167,1121,5685,39468,4964,50119
SED30087,66,1543,222,1831,53,1465,240,1757,191,3372,674,4243,291,3349,566,4206,380,3513,590,4485,370,2932,437,3740,207,1873,299,2380,83,728,169,973,15,176,40,234,1666,18954,3231,23846,68,1507,212,1783,96,1480,232,1807,337,3498,473,4308,484,3359,375,4216,596,3304,388,4282,618,2540,312,3467,295,1526,245,2068,88,694,162,942,11,256,81,354,2594,18160,2477,23238,131,3052,432,3616,154,2950,465,3569,532,6874,1143,8550,773,6710,942,8421,972,6822,978,8768,992,5464,751,7210,497,3405,550,4450,171,1415,332,1919,29,425,122,583,4260,37115,5706,47082
SED30088,166,2007,319,2495,167,2084,270,2525,395,3998,491,4885,422,3409,447,4274,352,2777,361,3486,303,2253,285,2838,226,1498,250,1979,61,551,149,758,5,112,49,171,2092,18688,2622,23411,174,1820,280,2275,219,1912,266,2398,656,3925,498,5076,704,3109,428,4244,630,2744,345,3726,514,2141,325,2988,283,1567,241,2083,60,605,176,837,3,208,59,268,3251,18020,2622,23892,343,3828,599,4769,386,3996,533,4921,1050,7916,989,9958,1127,6518,878,8520,979,5518,707,7215,815,4402,611,5827,510,3061,490,4063,123,1155,320,1594,12,317,107,439,5344,36711,5247,47296
SED30089,49,1358,133,1544,106,2151,198,2458,214,4164,365,4742,302,3331,275,3906,414,2702,235,3346,349,1880,179,2409,190,1142,129,1458,92,663,85,839,40,279,41,362,1756,17666,1641,21067,49,1367,106,1526,97,2189,173,2461,319,4059,290,4664,454,3170,246,3875,611,2505,224,3333,601,1695,162,2465,300,1150,133,1579,124,871,133,1125,22,578,69,667,2581,17565,1537,21680,107,2722,240,3066,208,4338,371,4910,527,8220,656,9403,756,6502,521,7780,1025,5200,455,6678,953,3574,347,4871,483,2291,257,3036,218,1531,216,1961,68,850,113,1030,4332,35234,3180,42744
SED39494,10,155,42,212,31,404,122,559,49,887,349,1288,40,587,339,964,68,617,290,975,89,797,269,1147,74,847,202,1120,9,164,50,225,0,14,3,19,373,4473,1660,6509,11,160,35,203,23,427,121,576,40,741,221,1005,50,324,139,514,79,461,154,688,135,896,196,1224,86,593,116,798,8,101,41,153,0,16,6,18,440,3701,1044,5179,17,308,80,408,57,830,241,1133,91,1627,570,2293,87,914,477,1485,147,1078,440,1663,221,1686,466,2373,155,1437,321,1916,23,258,95,381,0,24,16,44,807,8179,2705,11693
SED39797,0,0,3,3,0,3,0,3,0,4,0,4,0,9,0,7,0,11,3,10,3,7,0,7,0,13,4,13,0,5,3,7,0,0,0,0,4,46,12,65,0,4,0,5,0,5,0,4,0,4,0,6,0,4,3,3,0,7,0,7,4,13,4,19,0,9,7,16,0,5,0,7,0,0,3,0,10,52,18,81,0,7,3,11,0,3,3,11,0,10,0,11,0,8,3,14,0,17,3,24,9,19,4,30,0,21,10,33,0,12,3,16,0,0,3,4,14,99,30,144
