SED_CODE_2016,Count_home_Census_Nt_0_14_yr,Count_hom_Census_Nt_15_24_yr,Count_hom_Census_Nt_25_34_yr,Count_hom_Census_Nt_35_44_yr,Count_hom_Census_Nt_45_54_yr,Count_hom_Census_Nt_55_64_yr,Count_hom_Census_Nt_65_74_yr,Count_hom_Census_Nt_75_84_yr,Count_hom_Census_Nt_85ov,Counted_home_Census_Night_Tot,VisSame_SA2_0_14_yr,VisSame_SA2_15_24_yr,VisSame_SA2_25_34_yr,VisSame_SA2_35_44_yr,VisSame_SA2_45_54_yr,VisSame_SA2_55_64_yr,VisSame_SA2_65_74_yr,VisSame_SA2_75_84_yr,VisSame_SA2_85ov,VisSame_SA2_Total,VisDiff_SA2_NSW_0_14_yr,VisDiff_SA2_NSW_15_24_yr,VisDiff_SA2_NSW_25_34_yr,VisDiff_SA2_NSW_35_44_yr,VisDiff_SA2_NSW_45_54_yr,VisDiff_SA2_NSW_55_64_yr,VisDiff_SA2_NSW_65_74_yr,VisDiff_SA2_NSW_75_84_yr,VisDiff_SA2_NSW_85ov,VisDiff_SA2_NSW_Total,VisDiff_SA2_VIC_0_14_yr,VisDiff_SA2_VIC_15_24_yr,VisDiff_SA2_VIC_25_34_yr,VisDiff_SA2_VIC_35_44_yr,VisDiff_SA2_VIC_45_54_yr,VisDiff_SA2_VIC_55_64_yr,VisDiff_SA2_VIC_65_74_yr,VisDiff_SA2_VIC_75_84_yr,VisDiff_SA2_VIC_85ov,VisDiff_SA2_VIC_Total,VisDiff_SA2_QLD_0_14_yr,VisDiff_SA2_QLD_15_24_yr,VisDiff_SA2_QLD_25_34_yr,VisDiff_SA2_QLD_35_44_yr,VisDiff_SA2_QLD_45_54_yr,VisDiff_SA2_QLD_55_64_yr,VisDiff_SA2_QLD_65_74_yr,VisDiff_SA2_QLD_75_84_yr,VisDiff_SA2_QLD_85ov,VisDiff_SA2_QLD_Total,VisDiff_SA2_SA_0_14_yr,VisDiff_SA2_SA_15_24_yr,VisDiff_SA2_SA_25_34_yr,VisDiff_SA2_SA_35_44_yr,VisDiff_SA2_SA_45_54_yr,VisDiff_SA2_SA_55_64_yr,VisDiff_SA2_SA_65_74_yr,VisDiff_SA2_SA_75_84_yr,VisDiff_SA2_SA_85ov,VisDiff_SA2_SA_Total,VisDiff_SA2_WA_0_14_yr,VisDiff_SA2_WA_15_24_yr,VisDiff_SA2_WA_25_34_yr,VisDiff_SA2_WA_35_44_yr,VisDiff_SA2_WA_45_54_yr,VisDiff_SA2_WA_55_64_yr,VisDiff_SA2_WA_65_74_yr,VisDiff_SA2_WA_75_84_yr,VisDiff_SA2_WA_85ov,VisDiff_SA2_WA_Total,VisDiff_SA2_TAS_0_14_yr,VisDiff_SA2_TAS_15_24_yr,VisDiff_SA2_TAS_25_34_yr,VisDiff_SA2_TAS_35_44_yr,VisDiff_SA2_TAS_45_54_yr,VisDiff_SA2_TAS_55_64_yr,VisDiff_SA2_TAS_65_74_yr,VisDiff_SA2_TAS_75_84_yr,VisDiff_SA2_TAS_85ov,VisDiff_SA2_TAS_Total,VisDiff_SA2_NT_0_14_yr,VisDiff_SA2_NT_15_24_yr,VisDiff_SA2_NT_25_34_yr,VisDiff_SA2_NT_35_44_yr,VisDiff_SA2_NT_45_54_yr,VisDiff_SA2_NT_55_64_yr,VisDiff_SA2_NT_65_74_yr,VisDiff_SA2_NT_75_84_yr,VisDiff_SA2_NT_85ov,VisDiff_SA2_NT_Total,VisDiff_SA2_ACT_0_14_yr,VisDiff_SA2_ACT_15_24_yr,VisDiff_SA2_ACT_25_34_yr,VisDiff_SA2_ACT_35_44_yr,VisDiff_SA2_ACT_45_54_yr,VisDiff_SA2_ACT_55_64_yr,VisDiff_SA2_ACT_65_74_yr,VisDiff_SA2_ACT_75_84_yr,VisDiff_SA2_ACT_85ov,VisDiff_SA2_ACT_Total,VisDiff_SA2_OT_0_14_yr,VisDiff_SA2_OT_15_24_yr,VisDiff_SA2_OT_25_34_yr,VisDiff_SA2_OT_35_44_yr,VisDiff_SA2_OT_45_54_yr,VisDiff_SA2_OT_55_64_yr,VisDiff_SA2_OT_65_74_yr,VisDiff_SA2_OT_75_84_yr,VisDiff_SA2_OT_85ov,VisDiff_SA2_OT_Total,VisDiff_SA2_Tot_0_14_yr,VisDiff_SA2_Tot_15_24_yr,VisDiff_SA2_Tot_25_34_yr,VisDiff_SA2_Tot_35_44_yr,VisDiff_SA2_Tot_45_54_yr,VisDiff_SA2_Tot_55_64_yr,VisDiff_SA2_Tot_65_74_yr,VisDiff_SA2_Tot_75_84_yr,VisDiff_SA2_Tot_85ov,VisDiff_SA2_Tot_Total,Vis_Tot_Visitrs_0_14_yr,Vis_Tot_Visitrs_15_24_yr,Vis_Tot_Visitrs_25_34_yr,Vis_Tot_Visitrs_35_44_yr,Vis_Tot_Visitrs_45_54_yr,Vis_Tot_Visitrs_55_64_yr,Vis_Tot_Visitrs_65_74_yr,Vis_Tot_Visitrs_75_84_yr,Vis_Tot_Visitrs_85ov,Vis_Tot_Visitrs_Total,Total_0_14_yr,Total_15_24_yr,Total_25_34_yr,Total_35_44_yr,Total_45_54_yr,Total_55_64_yr,Total_65_74_yr,Total_75_84_yr,Total_85ov,Total_Total
SED30001,16949,8953,9655,10502,8822,6255,4141,1521,472,67255,10,10,5,3,3,6,0,3,0,42,13,19,16,29,17,42,33,18,10,200,12,6,18,12,18,25,27,15,3,132,201,280,260,161,119,130,93,31,20,1290,0,0,0,3,3,4,5,3,0,21,0,3,0,4,4,0,3,0,0,17,0,0,0,0,0,0,3,5,0,14,0,5,3,0,0,0,0,0,0,10,0,0,0,0,0,5,0,0,0,7,0,0,0,0,0,0,0,0,0,3,231,316,298,211,167,199,163,69,30,1693,241,329,304,218,172,205,163,76,30,1738,17194,9281,9960,10715,8986,6458,4308,1593,497,68994
SED30002,11811,7140,7806,7624,7236,5352,3293,1456,690,52410,15,13,9,3,10,8,3,3,3,62,9,5,27,8,14,7,4,11,0,84,6,3,11,5,4,6,13,0,0,52,189,188,224,107,100,85,69,41,16,1012,0,0,0,0,0,3,0,0,0,6,4,0,6,0,0,0,0,0,0,16,0,0,0,0,3,3,3,3,0,14,0,0,0,0,0,0,0,0,0,4,0,0,0,0,0,0,0,0,0,3,0,0,0,0,0,0,0,0,0,0,204,194,266,124,123,103,96,51,15,1183,220,210,272,125,126,107,98,51,20,1243,12027,7345,8081,7750,7365,5461,3392,1513,713,53652
SED30003,9450,6480,5422,6665,6489,4441,3054,1531,674,44214,3,6,0,3,3,0,0,0,0,24,9,22,22,8,14,26,27,21,0,148,7,13,10,9,20,15,18,3,3,95,119,255,213,110,102,105,88,46,7,1044,0,0,5,3,0,5,11,4,0,34,0,0,0,4,3,7,5,0,0,20,0,0,0,4,0,0,3,0,0,12,0,0,4,0,0,0,0,0,0,6,3,3,4,4,4,6,4,0,0,29,0,0,0,0,0,0,0,0,0,0,143,300,260,144,145,162,150,78,18,1392,145,310,264,143,149,164,152,78,19,1412,9593,6783,5686,6814,6640,4607,3202,1606,692,45623
SED30004,7924,5386,5021,5692,5952,5100,3984,2544,1239,42834,0,6,3,3,0,3,0,3,3,26,0,4,11,3,13,20,11,9,0,67,5,3,7,4,5,11,15,5,3,52,116,151,166,91,92,96,82,53,17,867,0,3,3,0,0,5,8,0,0,17,6,0,4,0,3,4,4,0,0,20,0,3,0,0,3,3,4,0,0,15,0,0,0,0,0,0,0,0,0,3,0,0,0,0,0,0,4,0,0,7,0,0,0,0,0,0,0,0,0,0,130,168,187,100,108,129,143,69,26,1054,127,172,189,104,111,133,143,72,26,1083,8051,5558,5206,5794,6063,5240,4124,2614,1265,43911
SED30005,12172,6235,6522,8607,9195,7567,4869,1772,556,57494,9,7,10,8,15,3,3,7,0,65,61,43,57,73,89,193,286,110,16,930,168,53,116,170,170,386,622,268,58,2006,204,261,243,218,266,290,317,106,29,1936,21,6,30,27,39,93,189,86,13,499,10,11,19,20,28,37,54,18,7,202,9,0,9,3,11,57,78,23,3,203,3,9,11,9,5,0,4,4,0,49,3,11,15,5,14,30,29,14,0,120,0,0,0,0,0,0,0,0,0,0,476,391,505,518,623,1083,1578,632,124,5934,487,401,514,528,636,1088,1587,644,123,6002,12658,6637,7036,9128,9830,8663,6457,2413,679,63500
SED30006,11788,6419,5734,7187,8218,7143,5640,2538,851,55514,10,14,14,6,14,16,11,3,3,97,22,32,67,36,38,53,93,26,6,357,10,4,23,19,18,26,41,27,11,170,245,402,378,264,205,256,225,88,27,2084,3,7,14,4,3,8,12,4,0,64,0,3,8,8,7,10,8,5,0,42,4,3,3,0,5,0,4,3,0,25,0,10,22,3,3,6,0,0,0,48,0,0,11,10,6,3,6,0,0,32,0,0,0,0,0,0,0,0,0,0,280,462,522,338,287,367,385,158,37,2835,290,475,539,340,300,380,403,164,41,2933,12079,6890,6267,7530,8515,7524,6040,2702,897,58441
SED30007,4899,11043,18280,8703,6162,4826,2965,1322,754,58960,4,18,25,6,11,9,5,3,0,78,44,129,343,303,339,264,169,58,10,1653,20,80,228,249,205,144,160,45,6,1134,452,1002,1093,824,820,830,676,283,122,6108,11,23,46,56,67,69,44,16,5,331,6,27,74,82,89,90,40,17,0,425,6,0,14,14,21,26,19,3,0,107,3,11,23,7,18,14,4,0,0,79,4,7,37,39,34,18,9,0,0,149,0,0,0,3,0,0,0,0,0,6,542,1278,1858,1571,1588,1452,1125,422,145,9986,543,1295,1881,1580,1600,1459,1125,428,145,10059,5448,12337,20166,10283,7764,6288,4093,1749,902,69024
SED30008,6840,5277,5706,6027,6493,6571,6765,3852,1637,49163,3,10,7,12,7,11,7,10,4,77,63,32,34,35,44,64,99,64,16,444,55,20,50,27,25,70,112,77,13,451,181,243,219,166,141,196,122,60,26,1358,23,4,18,18,4,26,34,16,4,145,15,4,10,3,8,7,3,3,0,53,16,8,4,11,9,7,22,16,0,83,5,4,0,3,0,0,0,0,0,16,0,0,4,0,0,5,3,3,0,12,0,0,0,0,0,0,0,0,0,5,352,308,339,262,234,379,394,236,49,2564,361,327,347,277,246,381,399,246,61,2642,7198,5596,6051,6300,6739,6950,7166,4093,1700,51805
SED30009,9453,5674,4753,6033,6886,5763,4804,2713,1241,47314,3,5,7,0,5,7,0,6,0,27,14,11,17,15,21,30,53,16,4,183,15,7,14,12,17,39,72,35,7,236,155,243,219,146,133,174,147,90,40,1353,0,11,0,0,3,4,16,8,0,48,6,0,0,3,0,4,3,4,0,16,0,0,0,3,3,13,11,13,0,39,0,0,0,0,4,0,0,0,0,6,0,0,0,0,0,8,5,0,0,17,0,0,0,0,0,0,0,0,0,0,192,275,255,185,174,280,315,166,52,1899,195,282,259,185,176,286,317,174,58,1926,9652,5954,5013,6216,7066,6045,5119,2881,1299,49240
SED30010,9665,6099,9206,8278,6755,4659,2666,1435,832,49603,3,7,3,5,3,5,0,3,0,33,5,9,16,19,11,20,21,12,0,111,0,7,11,8,15,9,13,15,4,86,127,210,227,121,120,111,91,34,12,1052,0,0,0,5,6,11,5,3,0,27,0,3,3,0,6,0,3,0,0,16,0,0,0,3,0,3,0,3,0,15,0,3,0,0,0,0,3,0,0,10,0,4,0,0,3,3,4,0,0,15,0,0,0,0,0,0,0,0,0,0,141,242,259,152,158,154,147,73,15,1334,140,248,264,157,158,158,142,74,18,1362,9809,6348,9467,8437,6917,4821,2807,1510,847,50964
SED30011,7598,5011,4846,4296,4926,4992,4671,3463,1552,41358,8,3,5,6,0,3,9,11,3,54,10,5,25,5,18,65,85,39,6,258,0,13,13,6,13,45,107,52,10,257,188,361,269,223,257,253,236,122,63,1969,0,0,5,3,4,20,34,23,0,87,3,0,0,4,7,9,5,4,0,32,0,0,0,0,3,10,25,9,0,50,0,4,0,0,0,0,0,0,0,8,0,0,0,0,0,4,3,3,0,11,0,0,0,0,0,0,0,0,0,0,199,384,316,245,299,397,501,245,71,2670,207,390,320,251,303,403,507,262,79,2723,7808,5400,5167,4546,5235,5393,5185,3725,1628,44085
SED30012,20813,11099,13282,11197,8731,6049,3409,1487,470,76535,20,27,17,9,9,9,6,0,0,106,13,24,13,18,21,37,15,6,0,137,3,0,3,6,0,9,8,3,6,43,332,360,380,227,158,132,98,51,20,1762,7,3,3,3,4,3,4,0,0,23,3,0,0,0,8,3,0,0,0,19,0,0,0,0,6,3,8,0,0,23,0,5,3,3,0,0,0,0,0,8,0,0,0,0,0,0,0,0,0,9,0,0,0,0,0,0,0,0,0,0,352,393,409,254,195,197,133,58,30,2015,374,416,423,264,206,207,143,58,28,2118,21180,11519,13708,11462,8934,6251,3553,1546,502,78660
SED30013,8222,6374,5664,5553,6106,5962,4504,2297,793,45480,7,13,15,8,11,11,7,3,3,85,23,16,54,21,33,117,271,88,8,628,23,28,22,21,55,158,392,120,15,829,158,418,395,235,335,429,414,169,28,2588,3,9,7,0,14,22,82,31,0,168,0,0,3,3,5,15,20,3,3,58,0,0,4,3,11,35,60,13,9,136,0,3,13,0,10,5,0,0,0,40,0,0,3,0,0,12,10,6,0,32,0,0,0,0,0,0,0,0,0,3,206,476,498,277,462,797,1264,432,61,4470,216,497,508,286,475,812,1266,434,62,4558,8438,6869,6171,5837,6580,6776,5770,2735,857,50031
SED30014,8829,5235,7014,7329,6289,5605,4658,2719,1223,48899,6,3,11,4,3,6,7,0,7,50,34,37,44,48,46,110,256,90,29,677,79,11,45,62,53,128,432,343,93,1256,173,208,263,172,181,253,158,60,22,1490,3,0,3,5,6,27,52,36,4,131,0,3,7,0,3,10,0,3,0,33,5,3,5,3,9,43,74,33,7,185,0,3,0,3,4,3,3,0,0,13,5,0,3,4,0,18,19,5,0,59,0,0,0,0,0,0,0,0,0,0,301,267,377,298,295,587,987,569,155,3840,309,276,389,304,306,598,990,568,158,3888,9140,5510,7406,7631,6592,6202,5642,3287,1381,52790
SED30015,8265,4359,3683,4954,6526,7250,6710,2731,623,45095,12,7,11,15,3,10,12,13,3,79,24,22,36,21,42,237,374,131,17,903,27,13,23,24,42,197,584,239,19,1166,162,255,246,219,305,492,477,150,35,2333,4,4,0,9,11,39,91,30,4,187,3,0,9,4,7,17,16,4,0,67,0,0,3,10,13,42,80,18,0,168,0,4,0,0,7,0,0,0,0,17,0,0,3,0,3,11,15,5,0,45,0,0,0,0,0,0,0,0,0,0,221,299,320,283,425,1044,1639,580,77,4888,234,307,334,293,429,1050,1645,591,79,4963,8492,4666,4010,5244,6960,8299,8355,3326,702,50060
SED30016,10297,6893,8786,8127,7822,6849,4753,2304,993,56827,21,17,14,15,11,5,8,9,3,112,58,118,208,152,233,340,454,186,45,1786,94,86,205,178,154,332,426,253,49,1777,442,740,904,658,781,793,568,213,60,5152,26,26,49,36,88,146,204,97,8,693,33,29,45,29,73,108,106,27,7,451,14,0,17,25,45,78,79,25,5,285,8,23,31,24,9,12,10,0,0,126,8,4,43,22,15,23,45,20,9,187,0,0,0,0,0,0,0,0,0,0,678,1032,1504,1122,1398,1826,1890,822,182,10456,701,1058,1519,1142,1412,1834,1896,825,181,10570,10997,7950,10302,9264,9235,8689,6650,3136,1180,67399
SED30017,8677,4274,4458,4967,6125,6165,5179,2543,826,43216,18,18,15,17,17,10,15,16,3,129,16,18,68,39,46,118,209,78,0,584,3,8,22,16,20,73,157,61,0,362,211,410,742,673,805,740,464,132,32,4206,0,6,8,9,9,14,32,5,0,95,10,4,21,9,13,12,21,7,0,90,0,3,3,6,0,9,15,10,0,46,0,3,3,0,3,3,0,0,0,9,0,0,0,0,3,3,6,0,0,14,0,0,0,0,0,0,0,0,0,0,239,446,867,747,902,973,903,296,42,5417,256,464,884,760,922,989,921,307,44,5543,8930,4744,5341,5731,7046,7156,6104,2855,864,48760
SED30018,8798,5023,4664,6043,6556,6335,6138,3251,1459,48273,5,5,6,3,10,11,21,16,5,76,22,7,28,32,58,87,199,81,11,516,20,5,27,27,37,157,345,254,62,938,259,340,341,252,262,372,338,135,56,2358,28,4,12,12,16,35,65,44,13,223,3,0,3,3,9,14,13,4,0,37,0,0,3,4,11,36,78,45,3,177,0,0,0,0,4,0,8,0,0,19,0,0,0,4,5,11,24,14,0,65,0,0,0,0,0,0,0,0,0,0,333,362,417,337,397,711,1058,573,140,4332,342,369,421,336,405,717,1080,591,139,4411,9137,5394,5086,6385,6969,7054,7219,3844,1599,52684
SED30019,9001,5800,5958,6102,6232,5975,3911,1697,741,45431,6,5,3,3,11,3,6,5,3,36,3,3,10,11,6,31,29,11,3,102,0,3,3,8,3,12,13,6,0,44,148,162,185,130,86,84,68,40,21,927,4,3,0,0,0,3,3,3,0,12,3,0,0,3,0,4,4,0,0,16,0,0,0,0,0,3,3,3,0,12,0,0,5,0,3,0,0,0,0,7,0,4,0,0,0,4,3,0,0,14,0,0,0,0,0,0,0,0,0,0,164,174,200,145,108,133,127,60,25,1135,170,184,200,151,113,138,130,70,30,1175,9170,5981,6163,6251,6349,6111,4042,1764,772,46602
SED30020,10105,6388,6380,7355,6969,5587,3559,1852,751,48953,7,7,4,3,3,3,6,0,3,51,0,5,4,9,10,29,50,29,15,150,0,8,12,0,3,9,11,3,0,56,130,191,185,131,111,93,92,57,26,1009,0,3,3,0,0,0,3,0,0,6,0,0,0,0,0,3,0,0,0,9,0,5,0,0,3,4,0,3,0,20,0,0,0,0,0,0,0,0,0,4,3,0,0,0,0,3,0,0,0,8,0,0,0,0,0,0,0,0,0,0,136,211,206,144,124,141,158,92,40,1266,145,221,217,144,131,148,165,96,48,1311,10252,6607,6599,7498,7099,5739,3729,1946,794,50265
SED30021,8035,6473,9393,7499,6956,5255,3286,1645,850,49401,4,5,10,5,8,3,5,0,0,49,17,22,43,35,58,59,38,9,3,283,6,9,38,22,32,24,18,3,0,162,169,299,313,166,164,176,151,55,27,1511,0,3,9,12,3,22,11,4,3,65,3,0,24,11,17,11,6,0,0,80,6,3,9,5,13,3,4,0,0,41,0,0,0,5,0,3,0,0,0,14,0,0,0,3,7,3,0,3,0,19,0,0,0,0,0,0,0,0,0,0,200,351,441,260,285,302,231,72,31,2172,204,363,450,265,293,304,238,77,29,2224,8237,6837,9841,7762,7253,5565,3528,1717,885,51623
SED30022,8682,6067,4273,5645,7186,6703,5112,2846,1304,47816,7,8,3,3,6,3,3,9,6,47,9,16,16,5,19,39,33,21,9,161,5,6,3,7,12,19,29,18,4,107,216,227,230,187,185,207,165,78,43,1546,0,0,0,0,4,3,6,3,0,27,0,3,3,0,0,4,6,0,0,13,0,0,0,0,0,4,3,7,0,14,0,0,3,0,6,0,0,0,0,5,0,0,0,4,0,3,3,0,0,13,0,0,0,0,0,0,0,0,0,0,230,250,257,205,230,277,242,125,56,1878,239,262,257,210,235,283,249,131,58,1921,8924,6332,4532,5850,7422,6981,5362,2975,1362,49741
SED30023,12567,7181,6294,6765,7260,6430,4642,2270,823,54225,34,19,23,9,10,8,6,5,3,117,10,16,8,9,15,37,40,14,3,163,0,7,3,7,13,20,33,9,0,98,232,503,303,154,188,238,176,71,35,1895,3,0,4,0,0,0,23,5,0,36,0,0,3,0,5,8,4,0,0,25,0,0,6,0,0,9,11,3,0,27,5,0,3,0,0,3,3,0,0,19,0,0,0,0,0,4,0,0,0,3,0,0,0,0,0,0,0,0,0,0,257,525,330,170,229,315,293,104,36,2266,293,544,356,180,239,326,294,107,42,2385,12862,7719,6646,6951,7499,6755,4934,2378,864,56608
SED30024,11219,5868,6482,6106,6403,5831,3900,1764,538,48100,126,74,57,40,34,27,9,3,0,371,175,75,256,263,258,501,556,149,15,2244,282,89,332,362,355,859,1075,404,42,3798,452,495,860,642,806,896,628,145,33,4959,60,32,68,68,105,193,191,54,0,772,12,26,55,37,62,129,94,24,9,454,10,3,36,21,33,114,80,26,0,321,15,8,16,22,8,6,5,0,0,83,25,3,13,20,15,46,34,11,7,173,0,0,0,3,0,0,0,0,0,3,1034,732,1630,1438,1643,2733,2668,818,100,12804,1159,801,1690,1476,1682,2761,2682,821,102,13172,12375,6669,8169,7585,8077,8593,6581,2584,642,61274
SED30025,16375,9136,9670,9733,9204,7235,6362,2892,942,71547,15,19,9,5,13,11,9,7,5,92,18,23,39,34,37,73,98,19,14,358,26,14,13,14,29,45,64,24,11,247,291,314,318,208,177,194,129,39,23,1685,3,0,5,3,4,12,12,3,5,51,6,10,6,7,3,7,6,0,0,51,3,4,5,9,3,6,17,3,3,53,0,0,0,0,3,3,0,0,0,12,0,4,0,0,3,3,4,0,0,19,0,0,0,0,0,0,0,0,0,0,346,365,392,275,262,348,332,96,57,2467,365,383,400,284,273,357,340,103,56,2561,16741,9524,10065,10019,9476,7588,6703,2996,998,74103
SED30026,7943,5030,5134,5872,6504,6493,4946,2720,1392,46027,10,8,14,3,4,8,15,8,0,60,88,80,117,101,133,221,315,212,82,1344,58,22,54,74,80,219,457,447,128,1529,140,195,235,208,224,283,282,119,73,1746,3,3,3,6,7,37,66,64,20,204,0,11,9,4,10,15,21,9,0,73,4,0,3,11,8,40,79,66,6,216,0,0,7,0,3,5,3,0,0,17,3,0,0,4,3,32,28,13,5,94,0,0,0,0,0,0,0,0,0,0,290,309,420,407,465,836,1254,927,310,5229,303,312,434,414,476,838,1269,934,313,5293,8244,5347,5562,6281,6973,7332,6207,3655,1703,51318
SED30027,9732,4858,5196,5577,5981,5955,4843,2427,811,45390,18,10,9,12,15,17,16,7,4,119,20,24,81,56,71,145,281,80,4,766,18,12,29,26,33,134,242,69,8,575,250,516,1168,1164,1247,946,562,154,44,6064,6,3,4,4,17,59,85,17,0,193,3,4,4,9,26,34,44,8,0,136,0,0,4,4,3,31,44,19,0,101,10,7,0,3,8,10,0,0,0,39,4,0,0,0,9,6,15,0,0,42,0,0,0,0,0,0,0,0,0,0,310,564,1296,1277,1417,1369,1268,354,63,7926,328,575,1312,1289,1432,1388,1284,366,66,8043,10065,5436,6504,6871,7418,7345,6129,2793,878,53435
SED30028,9237,5802,5608,6688,6380,4617,3440,1682,821,44266,4,3,0,7,0,3,0,3,0,21,3,16,12,9,8,21,20,8,0,101,0,7,7,3,0,8,10,4,0,48,127,185,154,94,82,85,85,48,42,901,0,3,3,0,0,7,4,3,3,24,3,3,6,3,0,4,0,0,0,20,0,0,0,0,3,3,4,3,0,13,0,3,0,3,3,0,0,0,0,13,0,0,0,4,0,0,0,0,0,10,0,0,0,0,0,0,0,0,0,0,136,211,181,117,100,134,128,68,45,1128,145,218,182,118,106,138,128,71,48,1155,9382,6017,5793,6808,6479,4754,3566,1754,867,45422
SED30029,9737,5233,4459,6746,6654,4974,3919,1454,621,43802,13,3,0,0,4,4,3,0,0,31,0,3,6,5,6,11,29,8,4,73,3,3,7,3,4,10,17,3,3,56,118,202,134,81,73,90,95,38,32,853,0,0,0,0,3,3,6,0,6,16,0,0,0,3,0,4,0,0,0,10,0,0,0,4,0,0,5,3,0,9,0,0,0,3,0,0,0,0,0,5,4,0,0,3,0,0,3,0,0,14,0,0,0,0,0,0,0,0,0,0,123,211,148,102,93,122,153,48,41,1044,133,217,147,102,95,124,153,49,41,1073,9875,5453,4606,6851,6750,5103,4073,1506,659,44874
SED30030,12224,7134,7384,8324,7917,5957,4276,2104,861,56187,7,11,8,8,0,3,6,6,3,41,19,28,17,28,19,37,44,17,3,220,0,3,8,3,6,19,27,20,0,85,178,216,218,162,128,106,84,42,15,1144,6,0,0,0,0,3,9,7,3,29,0,0,0,3,0,8,11,3,0,23,0,0,0,0,6,6,8,14,0,31,0,0,5,0,3,4,0,0,0,20,0,0,3,0,0,3,7,3,0,11,0,0,0,0,0,0,0,0,0,0,204,256,254,197,168,191,184,98,25,1570,214,264,262,204,167,194,191,101,26,1610,12438,7391,7641,8520,8085,6153,4473,2204,889,57795
SED30031,12539,6403,7505,7647,7525,5543,2992,1361,453,51978,20,14,17,4,3,4,3,3,0,72,13,13,65,61,88,133,157,45,10,578,4,11,26,21,51,93,138,48,3,401,270,419,491,363,451,450,291,76,25,2838,0,3,4,4,6,28,46,12,0,109,0,0,13,13,13,14,7,0,0,68,3,0,10,3,14,12,29,9,0,76,0,0,6,3,4,0,0,0,0,17,0,0,0,0,7,0,9,0,0,16,0,0,0,0,0,0,0,0,0,0,298,456,613,470,631,736,685,179,42,4097,316,469,625,474,636,741,685,181,42,4166,12861,6876,8136,8118,8163,6283,3681,1543,497,56143
SED30032,10214,6099,5490,6618,7625,7248,6151,2500,756,52704,24,20,12,10,3,15,4,4,6,97,7,5,5,12,21,31,83,30,4,193,5,3,17,12,4,35,60,19,7,149,252,270,288,202,217,249,201,72,33,1789,8,0,3,11,5,8,19,0,0,55,0,0,8,0,8,4,5,0,0,32,0,0,4,6,3,13,16,7,0,51,4,3,4,4,0,3,3,0,0,18,0,4,4,0,0,5,9,0,0,24,0,0,0,0,0,0,0,0,0,3,273,298,334,241,258,345,397,127,46,2327,303,315,347,253,265,356,397,134,56,2416,10513,6416,5836,6876,7883,7603,6548,2634,812,55121
SED30033,8610,5938,8158,7163,5870,4114,2667,1748,1012,45269,9,3,12,10,0,4,0,8,3,44,3,5,10,4,8,12,26,13,0,82,3,0,3,9,0,9,9,0,0,36,141,196,252,129,116,163,163,123,105,1379,0,0,0,3,0,3,8,4,0,15,4,3,3,0,0,0,0,0,0,10,0,0,0,0,0,7,10,3,0,22,0,0,3,0,0,0,0,0,0,8,0,0,0,0,0,0,0,0,0,6,0,0,0,0,0,0,0,0,0,0,151,208,264,147,126,198,215,143,101,1552,156,213,277,152,131,200,217,148,107,1605,8773,6145,8439,7317,5999,4308,2884,1893,1118,46872
SED30034,9399,4347,5858,5288,5269,4220,2458,1098,335,38271,10,12,11,9,13,11,6,5,0,71,43,37,64,51,105,296,528,132,15,1268,5,8,23,31,33,242,481,138,7,967,236,565,1111,1169,1238,1247,682,160,25,6443,3,0,15,10,19,94,168,32,0,334,0,8,6,0,14,37,48,5,0,113,4,0,0,0,10,53,61,3,0,136,3,0,0,0,3,12,0,0,0,15,0,0,0,0,8,10,20,0,0,41,0,0,0,0,0,0,0,0,0,0,294,614,1224,1258,1432,1987,1991,479,46,9325,303,626,1232,1273,1444,1995,2001,482,48,9396,9706,4972,7092,6562,6712,6208,4462,1577,383,47671
SED30035,8785,4565,4060,5014,6594,7094,6308,2895,980,46299,8,8,3,3,12,15,13,6,3,79,22,15,26,17,31,86,150,40,9,386,20,16,10,20,34,78,153,49,12,395,198,307,249,234,284,431,327,104,37,2165,4,0,3,0,6,31,42,5,0,95,6,3,4,6,3,21,12,0,0,49,0,0,0,0,3,19,27,4,0,50,8,0,0,0,3,3,3,0,0,22,4,0,4,4,0,18,9,0,3,38,0,0,0,0,0,0,0,0,0,0,251,345,302,285,368,681,709,203,57,3198,265,356,304,289,375,700,723,212,57,3278,9051,4920,4365,5302,6969,7788,7037,3107,1043,49572
SED30036,8632,4803,4280,5109,6047,7082,7981,4504,1451,49889,9,5,3,7,3,3,13,9,0,61,50,32,66,59,76,204,399,178,25,1091,40,13,43,46,74,267,647,283,49,1455,289,359,368,334,412,629,497,205,57,3146,8,8,3,8,9,45,135,68,3,288,3,5,7,3,4,18,16,3,0,68,3,4,0,4,16,59,122,31,0,238,0,0,0,3,0,3,3,0,0,10,0,0,13,6,6,27,44,20,3,119,0,0,0,0,0,0,0,0,0,0,397,431,504,460,597,1241,1857,791,129,6413,412,441,504,471,603,1246,1865,796,131,6480,9039,5241,4784,5576,6653,8334,9844,5307,1579,56371
SED30037,10428,5487,6526,6130,6493,6570,4862,2349,772,49622,24,18,14,12,7,10,4,9,3,98,31,16,35,33,47,248,484,106,15,1015,22,14,32,29,49,276,536,159,14,1139,207,394,351,177,267,518,661,175,37,2790,3,4,3,4,16,69,142,51,3,300,8,11,6,16,14,27,33,4,4,122,0,0,7,3,3,28,61,17,0,118,3,3,0,8,0,0,7,0,0,27,5,0,0,3,3,12,9,0,0,30,0,0,0,0,0,0,0,0,0,0,278,445,439,272,410,1170,1938,518,73,5545,299,457,460,283,417,1180,1939,527,76,5647,10730,5941,6980,6419,6913,7751,6803,2878,845,55271
SED30038,12165,8453,8902,8003,7593,5634,3425,1712,557,56455,26,24,10,7,6,3,6,3,0,85,21,8,18,9,13,5,11,3,0,88,3,5,7,0,0,7,4,0,4,31,283,330,286,221,170,106,57,26,16,1487,0,0,0,0,0,3,0,0,0,10,0,3,0,0,0,0,0,0,0,3,0,0,0,0,0,0,11,0,0,10,0,0,3,0,0,0,0,0,0,8,0,0,0,0,0,4,0,0,0,7,0,0,0,0,0,0,0,0,0,0,301,344,312,238,186,132,80,33,20,1640,325,364,321,245,194,135,87,36,16,1725,12494,8818,9225,8243,7786,5773,3517,1748,573,58180
SED30039,7466,12325,7432,5918,5059,4059,3085,1456,750,47552,0,40,6,3,0,0,0,3,3,62,6,83,6,12,12,32,17,8,0,172,4,13,16,4,6,10,11,7,0,84,96,692,194,82,74,61,70,31,9,1306,3,0,3,0,0,0,12,0,0,23,0,7,3,0,0,0,3,0,0,9,0,6,0,0,0,7,11,3,0,19,3,9,3,0,0,0,0,0,0,18,6,0,4,0,0,0,0,0,0,16,0,0,0,0,0,0,0,0,0,0,114,807,224,101,90,113,123,46,19,1647,117,847,231,108,96,114,123,56,18,1708,7586,13178,7666,6029,5155,4166,3205,1506,768,49263
SED30040,10857,6756,7203,6318,6327,5434,3751,2232,945,49825,20,11,13,15,5,14,7,0,0,85,3,9,7,5,21,24,24,10,0,115,3,3,7,3,8,20,13,3,0,62,240,326,315,218,187,165,158,101,74,1789,0,0,4,0,3,3,11,0,0,21,0,0,0,0,3,3,5,3,0,15,0,0,0,0,0,3,0,0,0,5,3,0,0,3,0,0,0,0,0,10,0,0,0,3,0,3,0,0,0,13,0,0,0,0,0,0,0,0,0,0,247,346,338,245,229,221,207,119,79,2026,263,355,351,260,236,232,211,123,82,2109,11126,7114,7553,6578,6558,5668,3963,2353,1023,51935
SED30041,11908,6978,6599,6683,7262,6130,4300,2132,699,52692,16,9,9,4,6,7,9,4,0,61,3,21,25,14,24,12,14,9,3,124,3,6,11,7,8,10,13,9,0,67,202,307,282,151,174,174,105,31,7,1438,0,3,3,3,4,0,0,3,0,16,0,0,0,0,0,5,10,0,0,15,0,0,0,0,0,10,6,0,0,19,3,3,9,5,3,7,0,0,0,27,0,0,0,0,3,8,9,0,0,17,0,0,0,0,0,0,0,0,0,0,217,339,334,182,225,211,152,51,13,1723,226,348,341,189,232,227,157,54,13,1785,12133,7325,6932,6873,7494,6354,4464,2185,714,54475
SED30042,11604,6628,7281,7157,6522,5456,3882,1629,707,50877,3,3,3,7,11,3,0,0,0,32,4,6,15,4,9,26,17,4,3,83,3,8,5,9,3,10,16,8,4,64,256,267,235,151,110,109,82,46,19,1279,0,0,3,0,0,6,6,0,0,20,3,3,3,3,0,4,3,3,0,24,0,0,0,3,3,0,3,0,0,16,0,4,0,0,3,0,0,0,0,9,0,0,0,0,0,0,3,0,0,6,0,0,0,0,0,0,0,0,0,0,268,293,256,166,129,156,131,64,26,1498,274,298,262,169,139,158,135,65,27,1526,11884,6929,7540,7331,6668,5615,4019,1693,735,52401
SED30043,10147,6573,5576,6479,6454,5307,5018,3688,1603,50849,11,11,12,7,8,4,10,4,0,56,11,18,18,11,14,39,34,16,3,171,8,10,10,7,6,28,51,36,10,165,148,352,209,157,157,172,147,82,56,1479,3,0,3,3,3,12,17,11,0,54,0,0,3,5,3,9,7,0,0,29,0,3,0,0,0,7,11,6,3,28,0,3,0,0,3,4,0,0,0,17,3,0,3,0,3,3,3,3,0,21,0,0,0,0,0,0,0,0,0,0,184,389,250,189,186,274,263,154,69,1958,189,402,257,195,193,278,269,159,69,2014,10335,6974,5836,6680,6647,5586,5285,3845,1675,52858
SED30044,10828,6256,5775,6237,6908,6572,4709,2355,863,50505,12,15,10,9,10,10,7,11,7,79,4,8,14,8,19,104,175,45,16,391,22,6,18,13,28,141,326,129,18,694,228,417,326,203,279,355,287,118,38,2253,4,0,3,6,10,25,55,24,5,133,3,3,3,5,3,12,10,3,0,40,0,0,0,3,4,20,28,15,0,69,3,5,0,4,0,3,3,0,0,21,0,0,0,0,4,6,17,4,0,32,0,0,0,0,0,0,0,0,0,0,268,446,361,244,344,664,897,337,74,3622,273,460,370,247,353,678,897,343,76,3704,11102,6711,6145,6489,7262,7252,5603,2704,943,54207
SED30045,11169,7048,6189,6965,7679,6229,4742,1999,644,52662,19,19,7,13,7,9,10,5,3,97,4,14,10,4,12,26,19,14,3,103,3,9,7,3,9,14,32,5,8,86,202,418,215,119,143,133,108,62,25,1433,0,0,3,0,0,0,9,0,0,11,7,0,7,10,0,3,3,0,0,31,0,3,0,0,0,3,3,3,0,13,0,6,0,0,0,4,0,0,0,12,0,0,0,0,0,0,0,0,0,3,0,0,0,0,0,0,0,0,0,0,215,451,241,139,171,192,173,85,34,1695,235,468,251,154,183,202,180,89,34,1795,11404,7518,6438,7116,7856,6426,4927,2094,678,54461
SED30046,10739,6772,5919,6552,7054,5879,3597,1415,377,48319,9,7,11,3,5,13,0,3,0,55,10,8,5,6,0,19,20,0,7,78,3,3,4,3,3,3,12,10,0,47,205,257,230,126,97,80,76,38,16,1120,0,0,0,0,3,0,4,0,0,11,7,0,4,0,3,0,0,0,0,13,0,0,0,0,0,0,6,3,0,7,0,0,0,0,0,0,0,0,0,3,0,0,0,0,0,0,0,0,0,3,0,0,0,0,0,0,0,0,0,0,220,272,252,141,114,106,114,52,18,1288,230,274,259,143,119,113,122,52,20,1339,10970,7049,6179,6691,7174,5995,3718,1471,400,49652
SED30047,9253,5413,5350,7008,6984,5410,4067,2304,1167,46948,13,4,6,10,3,3,7,3,4,46,9,11,14,11,8,27,29,8,0,119,0,3,3,0,8,11,21,9,4,69,172,189,177,139,128,146,88,38,25,1105,0,0,8,0,0,4,7,0,0,21,3,5,0,5,4,4,4,0,0,21,3,0,6,0,4,0,5,0,0,18,0,0,3,0,0,0,0,0,0,6,0,0,0,0,3,7,0,0,0,10,0,0,0,0,0,0,0,0,0,0,187,210,211,157,149,201,156,62,36,1367,199,212,219,166,157,207,161,68,39,1416,9448,5626,5562,7172,7133,5613,4228,2374,1206,48365
SED30048,7791,4885,5492,5005,5532,4935,3216,1960,900,39710,6,10,12,3,9,8,3,8,0,57,11,5,32,24,33,45,94,25,7,284,13,8,17,22,37,47,66,25,7,240,211,335,383,354,372,363,232,94,44,2379,0,5,5,5,4,17,19,8,0,63,3,3,3,9,4,9,16,4,0,45,0,0,0,0,0,15,23,7,0,43,0,0,0,0,3,3,3,0,0,4,0,0,0,0,0,0,3,0,0,11,0,0,0,0,0,0,0,0,0,0,236,350,434,411,457,505,448,161,57,3068,244,362,443,414,469,506,454,162,57,3123,8030,5245,5938,5417,5996,5441,3667,2122,963,42828
SED30049,8451,6978,6228,6250,6150,4470,3510,2117,913,45061,0,12,3,3,7,0,3,3,0,29,4,16,12,25,19,25,19,3,3,124,4,11,21,5,19,15,30,10,3,119,122,197,199,101,100,84,86,45,15,944,4,3,3,3,6,3,14,3,0,37,5,0,3,0,3,3,0,0,0,27,0,4,0,0,3,0,11,0,0,20,0,0,3,0,0,0,4,0,0,7,0,0,3,0,3,0,3,3,0,18,0,0,0,0,0,0,0,0,0,0,132,226,245,134,155,146,159,62,22,1286,132,232,250,141,158,145,165,66,21,1320,8583,7209,6480,6390,6312,4614,3674,2180,939,46381
SED30050,7390,5556,6534,6096,6935,7087,5485,3117,1323,49521,6,0,8,15,6,9,4,13,3,72,63,30,77,68,78,187,398,208,20,1128,86,13,90,99,127,469,1351,836,155,3237,316,326,418,345,325,457,350,138,44,2713,8,14,0,16,17,71,203,92,14,439,3,0,8,6,11,22,18,7,0,70,5,4,9,4,22,94,249,119,10,519,3,0,9,6,0,3,0,0,0,27,0,0,0,5,5,22,57,14,3,113,0,0,0,0,0,3,0,0,0,3,483,398,618,553,592,1319,2633,1414,250,8251,493,401,628,561,600,1333,2636,1420,251,8324,7884,5956,7160,6662,7532,8417,8126,4542,1573,57844
SED30051,8505,4640,4017,5216,6458,7649,7324,3178,1010,47993,14,16,5,7,0,17,12,10,4,93,4,10,17,14,22,95,147,58,3,362,3,3,11,5,26,68,131,42,16,298,172,297,208,207,216,318,336,133,43,1933,0,0,3,0,0,13,42,10,4,74,3,3,7,3,0,10,10,5,0,46,0,0,6,3,3,9,28,7,0,58,4,3,0,0,0,0,0,0,0,14,0,0,0,0,0,3,6,0,0,11,0,0,0,0,0,0,0,0,0,0,186,319,253,231,273,510,703,251,71,2798,202,335,255,242,272,528,716,263,73,2887,8704,4981,4280,5454,6728,8182,8041,3435,1078,50881
SED30052,8164,7208,7434,6729,6866,5825,5019,2683,1218,51143,0,10,11,0,3,8,8,3,9,63,49,46,64,49,51,89,70,38,13,477,170,42,71,127,59,99,159,102,33,862,185,294,256,160,146,166,111,55,20,1393,44,19,20,32,26,28,25,15,3,208,7,9,10,4,6,8,9,0,0,56,23,11,17,12,8,29,32,13,3,146,3,3,6,4,0,3,0,0,0,16,5,0,3,4,7,12,4,15,0,49,0,0,0,0,0,0,0,0,0,0,479,434,439,383,306,434,414,240,70,3201,480,444,451,383,308,447,427,246,80,3266,8648,7652,7887,7118,7173,6267,5445,2924,1291,54406
SED30053,10718,5669,6465,6636,7193,6478,4094,1743,442,49434,11,21,10,27,12,22,7,9,0,110,10,22,59,43,78,150,171,43,3,582,14,17,29,26,28,72,118,53,3,357,218,532,1483,1392,1485,1086,369,114,34,6709,0,3,12,6,8,19,53,10,0,112,4,0,5,6,13,23,24,4,0,88,0,0,3,6,7,16,25,3,0,67,0,0,0,0,0,3,0,0,0,8,0,0,3,4,3,8,0,0,0,12,0,0,0,0,0,0,0,0,0,0,252,576,1592,1478,1622,1376,772,219,47,7936,258,599,1609,1500,1640,1396,774,223,43,8046,10977,6262,8074,8136,8829,7872,4872,1969,494,57480
SED30054,9777,6119,3645,6368,7119,5311,4104,2018,888,45357,6,0,3,3,0,0,0,3,0,17,12,11,12,26,12,23,15,12,3,127,9,3,6,9,3,8,12,10,0,65,134,156,147,76,58,76,63,30,24,758,0,0,0,0,0,0,4,7,0,11,0,0,6,0,8,9,13,0,0,34,0,0,0,0,0,7,3,0,0,12,0,0,0,0,0,0,0,0,0,5,0,0,4,0,0,0,5,0,3,20,0,0,0,0,0,0,0,3,0,3,156,177,176,116,88,126,117,63,29,1031,159,178,174,113,86,124,116,63,30,1047,9942,6296,3824,6479,7209,5437,4222,2079,922,46404
SED30055,12755,7688,6802,7200,7341,5744,3866,1525,496,53413,11,7,22,7,0,4,3,0,0,59,3,13,12,5,8,12,26,10,5,98,5,3,13,10,3,13,13,8,0,71,240,268,278,132,114,125,89,33,32,1312,0,0,0,0,3,3,3,0,0,8,0,0,3,0,3,3,4,0,0,20,0,0,0,0,0,3,9,3,0,17,0,0,3,0,0,0,0,0,0,7,0,0,0,0,0,0,0,0,0,7,0,0,0,0,0,0,0,0,0,0,256,290,311,142,125,164,149,61,41,1533,269,296,328,152,128,171,149,61,41,1595,13018,7986,7132,7347,7467,5913,4011,1587,533,55009
SED30056,6360,8568,9313,6195,5104,3757,2477,1113,524,43400,0,0,6,3,0,6,0,0,0,22,3,30,26,13,21,27,27,7,4,173,3,9,7,11,13,14,12,5,0,79,162,396,303,169,166,194,176,125,52,1745,0,0,4,0,10,14,10,0,0,33,0,4,12,3,3,9,4,7,0,41,6,0,0,0,0,3,3,0,0,15,0,3,0,0,0,0,0,0,0,3,0,4,3,0,0,0,0,0,0,14,0,0,0,0,0,0,0,0,0,0,171,447,360,204,220,260,236,151,59,2101,170,448,360,208,219,267,241,154,63,2125,6534,9019,9674,6405,5323,4027,2711,1259,581,45527
SED30057,7096,3800,5208,4021,4076,3166,1888,698,182,30137,28,22,25,17,21,22,8,3,5,145,48,50,72,59,104,313,601,143,6,1390,22,13,36,31,69,303,524,101,4,1106,263,455,731,743,834,967,832,166,19,5017,5,15,19,10,33,93,177,34,5,382,7,3,27,22,31,74,85,11,3,264,5,3,10,3,13,44,84,14,0,174,13,14,12,10,5,17,8,3,0,83,0,0,3,4,3,13,25,0,0,47,0,0,0,0,0,0,0,0,0,0,375,543,899,883,1100,1817,2335,478,38,8465,400,559,926,903,1113,1837,2343,479,37,8611,7501,4361,6131,4922,5189,4998,4231,1181,225,38746
SED30058,9128,5454,5714,6561,6119,5216,3702,1703,927,44515,5,9,3,5,5,0,3,0,0,23,8,4,21,13,15,17,15,3,3,114,4,5,11,15,6,6,15,11,0,71,140,162,172,94,67,87,68,36,19,855,3,0,0,0,4,3,0,5,0,18,0,0,0,3,3,4,0,0,0,14,3,0,0,0,0,0,6,0,0,10,0,0,3,0,0,0,0,0,0,5,0,4,0,0,0,0,0,0,0,5,0,0,0,0,0,0,0,0,0,0,157,178,204,127,102,117,115,58,25,1095,162,188,210,129,103,119,120,60,25,1118,9290,5643,5925,6686,6222,5330,3821,1760,955,45640
SED30059,11174,6427,5920,7705,7930,6492,5041,2455,1090,54240,4,3,3,3,7,8,8,3,3,42,11,21,33,33,40,60,62,30,13,313,8,7,10,21,17,21,59,37,5,195,148,232,223,136,123,130,115,104,68,1285,0,0,0,0,0,4,12,11,4,39,0,0,7,3,10,9,4,7,3,34,3,3,3,3,5,6,22,10,3,56,0,0,0,0,0,0,0,0,0,4,0,0,3,0,0,3,3,0,0,23,0,0,0,0,0,0,0,0,0,0,179,273,283,205,205,238,275,197,102,1944,182,276,286,206,212,241,289,202,101,1984,11354,6700,6205,7913,8138,6732,5331,2656,1191,56225
SED30060,12309,6311,6293,6564,6643,5555,3781,1825,696,49975,42,12,19,14,18,7,4,3,5,120,10,10,20,18,24,53,105,38,9,290,26,15,22,24,32,78,123,33,7,360,308,350,307,196,220,249,202,103,34,1979,3,4,9,6,3,14,33,8,0,83,3,10,9,8,6,16,8,3,3,61,0,3,0,3,3,9,13,4,0,38,13,18,3,3,3,3,3,3,0,50,0,0,0,0,0,0,10,9,0,20,0,0,0,0,0,0,0,0,0,0,363,404,364,262,297,421,497,203,59,2878,405,421,382,271,311,433,507,211,62,2998,12709,6732,6676,6837,6957,5988,4282,2031,755,52970
SED30061,8273,7632,5402,5214,5283,4491,3296,2010,810,42409,14,4,7,10,7,7,3,0,0,54,12,50,10,10,23,22,28,14,4,177,7,40,13,9,12,27,21,14,3,135,273,590,279,163,192,248,271,137,69,2215,0,6,0,0,4,4,6,3,0,36,0,8,3,0,4,14,8,3,0,43,0,3,3,4,3,6,4,5,3,28,4,6,4,5,0,3,0,0,0,27,3,3,0,3,3,0,3,4,0,23,0,0,0,0,0,0,0,0,0,0,297,705,312,193,243,322,345,179,77,2680,309,709,324,200,244,336,349,180,77,2732,8582,8344,5723,5422,5532,4825,3639,2191,888,45148
SED30062,17064,9162,9924,10268,8709,6092,5102,2824,1280,70423,15,14,3,5,3,9,8,6,0,66,8,5,7,10,9,28,30,7,0,102,9,7,11,10,9,16,22,7,3,88,253,287,267,180,162,140,100,49,24,1462,0,0,3,0,3,4,10,0,0,21,0,3,0,3,5,5,3,0,0,14,0,0,0,0,3,3,7,3,0,15,0,3,0,0,0,0,0,0,0,10,3,0,0,3,0,7,0,0,0,10,0,0,0,0,0,0,0,0,0,0,264,312,285,207,191,201,170,71,32,1738,274,324,295,217,195,211,178,81,35,1796,17342,9484,10219,10478,8905,6302,5280,2905,1312,72225
SED30063,9630,4720,4510,5290,6296,7002,6319,2892,871,47526,14,13,10,6,10,4,14,6,6,88,4,16,23,9,9,38,80,25,5,206,0,11,3,0,3,23,71,19,3,135,206,291,271,201,256,290,221,101,34,1858,0,3,3,0,0,9,12,3,3,42,0,0,3,4,10,9,3,0,0,31,0,3,0,0,7,9,6,0,0,26,3,0,4,0,0,3,0,0,0,15,0,0,0,3,4,0,0,3,0,10,0,0,0,0,0,0,0,0,0,0,222,321,306,218,288,378,395,151,41,2315,228,336,318,222,298,381,414,159,42,2404,9858,5054,4829,5515,6590,7385,6733,3053,915,49933
SED30064,9642,5028,5077,6177,6866,6551,5387,2745,1199,48668,15,3,8,9,10,12,6,7,3,67,12,10,16,14,19,36,46,20,11,179,7,12,15,9,3,15,45,18,6,130,200,324,259,216,198,214,231,168,75,1886,5,3,0,3,4,11,16,8,0,50,3,0,3,0,4,14,8,0,0,36,3,3,0,4,4,4,12,3,0,33,0,0,3,3,0,3,6,0,0,9,0,0,0,0,0,0,0,0,0,0,0,0,0,0,0,0,0,0,0,0,239,347,295,243,237,295,364,218,95,2331,255,355,298,248,243,306,371,227,96,2394,9898,5382,5378,6430,7108,6863,5759,2963,1290,51067
SED30065,8938,4435,3532,6045,7422,7353,6907,3206,1272,49112,3,7,4,4,3,8,12,3,6,59,86,26,95,85,107,217,308,149,29,1096,253,39,171,216,188,515,985,670,153,3196,239,231,355,280,281,295,304,139,35,2150,31,0,19,18,36,82,157,71,6,417,4,0,3,8,12,20,19,8,0,81,14,3,12,8,17,46,128,72,13,307,0,0,3,0,0,4,0,0,0,9,4,0,0,3,15,32,59,51,11,168,0,0,0,0,0,0,0,0,0,0,624,302,660,631,655,1196,1959,1162,234,7432,630,311,664,635,665,1207,1975,1169,240,7489,9564,4745,4195,6677,8090,8563,8883,4376,1510,56602
SED30066,9329,6486,9959,8023,6286,5311,3610,2159,1136,52304,13,14,9,4,3,3,0,3,0,52,11,16,19,14,21,12,19,5,4,131,3,10,13,11,14,5,18,5,0,74,176,257,266,153,165,143,110,42,33,1348,0,3,0,3,3,8,3,0,0,16,0,3,12,16,3,0,0,0,0,44,0,0,3,0,5,3,5,3,0,20,0,3,0,0,7,3,0,0,0,15,5,0,5,6,0,3,3,0,0,19,0,0,0,0,0,0,0,0,0,0,194,293,318,203,212,187,163,63,40,1670,206,302,328,204,219,187,164,66,39,1722,9537,6793,10286,8233,6505,5500,3778,2223,1175,54020
SED30067,11479,6753,7122,7556,7008,5661,3895,1454,525,51449,7,11,3,7,3,7,6,0,0,43,3,9,7,8,6,15,25,3,0,76,5,3,4,3,4,10,17,9,0,48,170,258,190,139,112,122,120,44,19,1172,0,0,3,0,0,0,4,3,0,16,4,0,3,3,0,3,5,0,0,15,0,0,0,0,4,4,4,3,0,15,0,5,0,0,0,0,0,0,0,11,3,0,4,0,3,0,0,0,0,11,0,0,0,0,0,0,0,0,0,3,178,278,212,155,128,160,175,62,16,1363,186,285,212,161,132,164,183,66,16,1407,11666,7041,7333,7719,7133,5822,4079,1524,549,52857
SED30068,8708,5179,4962,5267,6165,7291,8175,4431,1778,51954,8,11,4,5,4,14,9,11,3,73,13,13,17,14,33,57,91,43,3,287,15,5,12,12,7,46,102,61,4,267,216,276,232,190,216,269,246,118,60,1820,0,0,0,0,0,0,31,4,3,45,3,0,0,3,5,7,3,0,0,22,0,0,3,0,0,10,19,10,0,40,0,0,0,0,0,0,4,0,0,3,0,0,0,0,0,10,13,3,0,28,0,0,0,0,0,0,0,0,0,0,251,307,266,224,259,398,510,239,71,2524,251,317,275,234,266,412,520,250,76,2597,8962,5495,5238,5501,6426,7705,8693,4677,1849,54551
SED30069,7600,4724,4588,5845,6923,6712,5971,3299,1417,47084,4,3,5,10,5,10,3,3,3,42,9,15,24,17,57,70,61,26,4,277,15,3,17,30,17,44,77,28,6,236,189,252,254,202,234,246,220,99,67,1774,0,0,3,0,10,6,7,3,3,41,3,0,5,0,4,11,6,0,0,31,3,0,0,0,3,9,18,3,0,42,0,0,4,0,0,3,3,0,0,5,7,0,3,4,3,6,8,4,0,35,0,3,0,0,3,0,0,0,0,7,221,279,302,254,335,394,410,166,83,2442,232,283,308,260,344,401,408,171,84,2485,7834,5010,4896,6105,7268,7110,6385,3464,1507,49572
SED30070,9674,5573,4824,6205,7086,6327,5571,2727,1143,49147,6,5,9,3,9,3,8,5,3,47,4,16,8,4,11,15,39,10,7,128,3,0,0,0,4,15,28,17,0,77,156,226,196,116,139,121,101,37,29,1116,3,0,3,0,0,6,13,0,0,34,3,3,0,0,0,3,4,0,0,18,3,0,0,3,0,3,8,4,0,17,5,4,3,3,4,0,0,0,0,18,0,0,0,0,0,3,0,0,0,3,0,0,0,0,0,0,0,0,0,0,175,251,217,134,167,172,191,66,40,1411,186,257,220,137,178,170,202,73,45,1460,9857,5831,5049,6346,7260,6499,5770,2808,1185,50602
SED30071,9986,6498,6502,5269,5736,5005,3554,2572,1194,46313,11,12,13,9,4,7,6,4,5,66,14,3,23,31,34,76,112,43,0,340,3,10,9,15,22,66,109,32,9,275,255,436,437,342,421,399,276,128,54,2752,0,0,0,0,8,17,51,15,0,85,3,3,9,9,13,11,29,0,0,72,3,4,0,3,0,6,31,7,3,50,0,0,0,4,3,0,0,0,0,7,0,0,0,3,0,8,10,10,0,29,0,0,0,0,0,0,0,0,0,0,281,454,484,402,500,585,616,236,62,3613,288,463,496,409,499,592,619,234,68,3678,10272,6958,7002,5680,6238,5596,4178,2814,1261,49996
SED30072,9303,5354,6258,7191,6770,5448,4094,2340,1122,47886,9,8,9,5,4,7,4,0,0,44,0,11,11,5,9,17,20,12,0,85,7,0,0,4,5,7,21,7,5,60,146,195,166,118,105,138,107,81,52,1107,0,3,0,0,0,0,3,9,0,15,0,4,6,4,5,0,3,3,0,25,0,0,0,0,3,0,0,11,0,12,0,0,0,3,0,0,0,0,0,5,0,0,3,0,0,6,0,3,0,17,0,0,0,0,0,0,0,0,0,0,156,211,188,136,131,173,157,126,57,1335,167,226,196,136,136,172,163,129,60,1376,9469,5572,6451,7328,6900,5627,4251,2472,1181,49259
SED30073,5731,9469,13949,7804,5948,4640,2888,1411,689,52532,3,13,11,3,11,3,3,0,3,45,20,43,115,84,85,79,51,14,3,502,9,18,59,59,74,48,38,7,0,315,497,537,675,452,405,404,386,237,144,3738,5,0,11,9,17,10,10,3,0,64,3,5,26,26,23,23,5,0,0,115,0,5,7,0,11,5,6,7,0,52,0,3,6,4,11,6,4,0,0,34,0,9,3,3,3,10,5,0,0,35,0,0,0,0,0,0,0,0,0,0,545,618,914,643,621,587,508,269,151,4852,547,628,918,648,631,593,513,273,152,4903,6274,10098,14871,8452,6576,5233,3400,1688,840,57438
SED30074,9176,4852,4472,4982,6126,6630,5697,3049,1135,46119,13,15,12,12,13,8,17,13,3,106,43,26,35,37,54,77,109,32,10,423,12,4,13,11,35,59,89,36,3,264,187,297,262,239,250,351,272,80,36,1974,0,3,0,3,3,12,42,10,0,75,6,0,4,0,6,6,14,9,0,38,0,0,0,0,0,0,9,3,0,17,0,0,0,0,0,8,0,0,0,10,0,0,0,0,5,3,3,0,0,15,0,0,0,0,0,0,0,0,0,0,243,335,318,293,347,514,545,174,42,2812,259,342,332,302,365,521,563,181,46,2919,9436,5201,4803,5289,6494,7154,6255,3234,1180,49040
SED30075,8565,9688,8636,7241,7299,6205,5149,2970,1581,57340,5,29,7,10,11,0,6,7,4,75,29,49,34,57,46,74,108,40,20,454,37,13,29,29,26,52,141,84,12,428,194,331,344,237,245,209,281,132,106,2084,18,3,13,8,5,13,22,22,3,106,4,8,8,6,7,7,13,0,3,58,13,3,10,3,5,7,15,13,0,74,0,0,3,0,3,0,0,0,0,13,0,0,0,0,6,3,12,7,0,33,0,0,0,0,0,0,0,0,0,0,293,414,442,345,340,366,594,299,140,3241,299,441,447,355,348,366,600,307,145,3314,8863,10127,9085,7600,7647,6576,5754,3277,1726,60661
SED30076,9678,6019,6541,6948,6255,5880,4322,1370,457,47476,0,0,0,0,0,3,3,4,0,13,11,6,15,18,21,26,17,14,0,123,0,9,7,8,10,17,8,0,3,59,184,224,179,125,75,77,53,40,4,962,0,0,0,0,0,4,6,0,0,17,3,0,3,3,3,6,0,0,0,22,0,0,0,3,0,3,4,0,0,7,0,0,0,0,0,0,0,0,0,3,0,0,0,0,0,3,0,0,0,12,0,0,0,0,0,0,0,0,0,0,201,241,204,159,112,130,89,57,10,1208,202,243,207,154,112,132,91,58,12,1223,9882,6262,6750,7102,6373,6015,4415,1430,469,48698
SED30077,8207,6069,8023,6734,5955,4038,2777,1996,1205,44994,3,0,5,5,0,4,0,5,0,20,0,12,16,5,6,20,26,8,8,104,0,4,5,0,4,11,12,10,0,47,161,211,247,172,165,195,215,179,143,1677,0,0,0,0,0,5,4,3,0,14,0,0,5,0,3,0,6,0,0,23,0,0,0,5,4,0,4,0,0,7,0,0,0,0,3,0,3,0,0,8,0,0,7,0,0,0,3,0,0,12,0,0,0,0,0,0,0,0,0,0,164,225,287,185,185,229,271,195,152,1896,169,225,293,182,182,232,277,201,153,1917,8374,6293,8322,6924,6134,4269,3053,2194,1356,46915
SED30078,11675,8474,10545,8348,6703,5736,3597,1500,699,57280,5,10,7,0,3,0,4,0,0,36,8,9,18,10,10,8,8,6,0,86,3,6,8,7,10,10,7,4,0,62,156,204,279,117,97,99,52,33,17,1067,0,0,3,0,0,0,4,4,0,4,3,3,0,4,0,0,0,0,0,20,0,0,0,0,0,0,3,0,0,3,0,0,0,0,3,0,0,0,0,7,0,0,0,0,0,3,0,0,0,5,0,0,0,0,0,0,0,0,0,0,173,223,310,149,123,128,79,51,21,1257,175,234,319,149,128,129,78,54,25,1292,11850,8710,10864,8496,6836,5863,3680,1554,723,58567
SED30079,8544,8566,10487,6842,5521,5079,4092,2353,1117,52602,9,15,13,4,7,0,3,6,7,69,8,18,27,8,20,17,19,7,0,124,10,0,12,12,11,13,5,8,0,68,171,254,311,181,155,119,111,102,60,1464,5,0,3,3,0,3,0,0,0,13,0,0,4,0,4,4,0,0,0,15,0,0,3,0,0,4,4,0,0,10,0,0,0,0,0,0,0,0,0,3,0,0,0,3,0,3,0,0,0,9,0,0,0,0,0,0,0,0,0,0,192,285,353,207,188,165,144,120,59,1709,200,301,371,218,188,161,146,126,70,1779,8745,8865,10859,7052,5710,5246,4240,2476,1188,54380
SED30080,7220,7289,9175,7097,7576,6887,6225,3016,1050,55538,7,8,18,6,12,10,17,18,3,100,380,246,508,478,435,552,544,225,35,3401,613,191,467,573,481,596,1068,904,177,5076,463,527,676,558,550,505,434,203,87,4006,186,63,117,121,122,110,123,68,14,920,76,51,64,84,66,94,75,20,4,534,48,33,46,39,48,102,210,103,14,643,14,8,13,5,3,3,6,0,0,52,22,15,29,14,28,38,46,26,5,215,0,0,0,0,0,0,0,0,0,3,1804,1125,1925,1870,1741,1988,2495,1548,338,14846,1805,1141,1946,1880,1751,2002,2517,1564,341,14950,9030,8429,11119,8980,9331,8890,8735,4578,1391,70486
SED30081,12246,7518,6892,6601,6534,5076,3333,1462,469,50138,20,6,0,6,3,10,0,0,0,48,8,14,11,10,17,34,63,19,5,179,3,3,8,4,13,40,55,15,9,151,232,376,230,148,135,164,148,60,27,1527,0,0,6,0,3,8,10,3,0,31,7,3,6,4,8,10,3,0,0,48,0,0,0,3,0,16,8,7,0,28,10,21,0,4,5,0,0,0,0,49,3,0,0,0,5,5,4,0,0,18,0,0,0,0,0,0,0,0,0,0,269,426,263,173,187,276,297,110,36,2032,281,429,263,181,191,281,300,109,36,2082,12527,7952,7158,6781,6728,5363,3637,1575,502,52214
SED30082,9515,6392,5805,5659,6190,5847,4646,2616,991,47666,8,25,7,7,6,11,11,7,4,80,36,60,29,26,23,34,42,13,7,258,3,5,18,12,10,20,31,6,0,106,394,578,292,234,268,286,186,112,54,2408,0,3,5,0,6,3,0,0,3,25,0,0,0,3,5,0,8,8,0,20,0,0,0,0,0,10,0,0,0,16,3,6,0,0,0,0,0,0,0,15,3,7,3,0,0,0,3,0,0,15,0,0,0,0,0,0,0,0,0,0,433,664,347,270,308,359,275,135,65,2860,441,686,355,276,315,364,283,146,71,2937,9965,7073,6155,5936,6510,6213,4930,2764,1060,50608
SED30083,9658,6192,6571,5756,5500,5188,4425,3313,1840,48445,9,8,10,6,5,3,7,9,3,55,8,17,19,12,16,19,26,12,6,143,3,0,7,6,7,11,28,12,0,82,175,327,338,207,213,218,142,85,52,1753,0,0,0,3,3,7,15,7,0,33,0,0,8,0,3,3,8,0,0,29,0,0,0,0,0,5,11,3,0,15,0,0,6,3,0,0,0,0,0,12,0,0,0,0,0,3,5,3,0,18,0,0,0,0,0,0,0,0,0,0,185,348,373,242,244,267,242,120,60,2079,189,362,379,247,251,267,247,129,70,2134,9853,6552,6948,5999,5750,5457,4670,3438,1909,50579
SED30084,8470,6268,7119,6210,6512,5693,3698,1703,749,46429,27,20,21,20,12,9,4,4,4,120,36,44,65,57,92,188,197,79,21,773,56,26,69,75,89,215,327,204,40,1110,324,473,527,481,643,697,517,198,54,3915,0,7,17,20,24,42,47,24,9,192,13,10,10,14,27,20,31,14,0,142,3,3,10,12,15,40,53,11,8,154,3,0,10,7,5,3,0,0,0,30,3,7,5,7,18,40,25,15,0,121,0,0,0,0,0,0,0,0,0,0,445,567,711,671,914,1250,1196,552,125,6433,466,586,736,694,925,1263,1200,552,132,6558,8934,6857,7858,6902,7432,6957,4902,2256,879,52984
SED30085,8408,3871,4869,4709,5171,4796,3536,1880,685,37922,15,22,7,16,11,9,4,13,7,104,15,27,61,61,76,192,264,64,5,767,12,10,25,23,49,104,272,89,12,586,203,503,856,708,803,684,398,113,23,4299,0,3,23,27,49,53,76,21,3,258,0,3,16,4,9,16,28,7,0,90,3,0,7,3,5,20,25,0,0,63,0,3,8,0,9,3,0,0,0,18,3,0,12,3,3,4,16,6,0,41,0,0,0,0,0,0,0,0,0,0,245,553,995,826,1006,1072,1084,303,48,6124,261,570,1005,837,1017,1083,1091,307,49,6227,8671,4443,5872,5548,6190,5880,4630,2191,734,44150
SED30086,13759,8665,9509,8099,7205,6160,4777,2380,1083,61632,23,13,9,6,11,12,5,8,0,89,9,8,11,9,30,20,31,20,12,136,4,10,15,4,8,17,11,10,0,83,289,345,334,210,174,173,120,61,30,1734,0,0,0,0,0,0,4,0,4,13,0,3,6,4,3,0,0,0,0,11,3,0,0,0,3,0,8,3,0,13,0,4,3,0,0,0,0,0,0,9,0,0,3,0,0,0,0,3,0,9,0,0,0,0,0,0,0,0,0,0,306,366,365,233,222,212,176,93,42,2011,326,378,375,235,227,231,186,104,41,2108,14080,9042,9882,8338,7427,6394,4963,2482,1127,63741
SED30087,12275,6631,7660,7594,7803,6413,4072,1794,537,54784,19,10,15,14,20,9,12,3,0,86,130,108,178,205,206,347,439,135,23,1778,166,101,191,169,210,395,489,142,10,1869,344,562,571,368,397,575,522,147,41,3522,8,35,44,33,35,94,130,17,4,400,16,0,34,26,36,59,41,7,0,231,14,0,7,17,23,70,50,8,3,193,0,3,3,0,3,3,0,0,0,19,21,18,25,21,26,12,35,9,0,163,0,0,0,0,0,0,0,0,0,0,695,825,1060,839,941,1556,1715,462,82,8169,713,832,1071,853,958,1563,1723,468,89,8260,12988,7463,8739,8450,8755,7978,5792,2261,625,63039
SED30088,15896,9273,9522,8195,6936,5605,3926,1534,421,61306,14,14,20,15,9,10,9,6,0,90,10,13,13,7,7,3,8,8,0,68,10,9,7,3,3,0,11,3,0,49,267,327,290,197,157,139,63,26,15,1481,0,0,0,4,0,0,3,0,0,10,0,0,0,0,0,0,4,0,0,5,4,0,3,3,0,5,4,0,0,20,0,0,5,3,0,3,0,0,0,5,0,0,0,0,0,3,0,0,0,9,0,0,0,0,0,0,0,0,0,0,292,342,314,224,173,153,93,38,15,1650,304,358,331,236,182,163,102,44,14,1733,16206,9627,9853,8431,7124,5770,4026,1573,431,63038
SED30089,8384,7571,8893,7439,6377,4598,2874,1867,994,48996,3,11,4,6,4,0,3,0,0,29,11,32,15,9,8,18,18,8,0,129,3,7,8,9,10,4,0,5,3,51,114,299,267,100,117,104,70,44,8,1123,0,0,4,0,6,3,13,0,0,25,0,0,8,3,3,0,3,0,0,24,0,0,0,0,0,10,0,3,0,10,4,0,8,3,0,0,0,0,0,15,3,3,0,3,0,0,4,0,0,11,0,0,0,0,0,0,0,0,0,0,134,345,314,132,140,151,109,61,18,1386,134,355,317,135,144,151,107,58,18,1419,8517,7920,9208,7572,6519,4750,2982,1926,1009,50410
SED39494,0,0,0,0,0,0,0,0,0,0,0,0,0,0,0,0,0,0,0,0,0,0,0,0,0,0,0,0,0,0,0,0,0,0,0,0,0,0,0,0,0,0,0,0,0,0,0,0,0,0,0,0,0,0,0,0,0,0,0,0,0,0,0,0,0,0,0,0,0,0,0,0,0,0,0,0,0,0,0,0,0,0,0,0,0,0,0,0,0,0,0,0,0,0,0,0,0,0,0,0,0,0,0,0,0,0,0,0,0,0,0,0,0,0,0,0,0,0,0,0,0,0,0,0,0,0,0,0,0,0,0,0,0,0,0,0,0,0,0,0
SED39797,5,16,11,14,19,22,26,12,4,135,0,0,0,0,0,0,0,0,0,0,14,12,8,13,33,44,83,47,4,257,8,7,24,16,36,40,18,9,3,154,76,108,143,161,204,194,210,57,10,1170,6,8,0,6,12,18,13,6,0,68,7,5,4,10,7,24,27,12,0,92,8,4,8,7,10,9,0,3,0,55,3,9,17,9,0,3,0,0,0,40,0,0,0,6,0,0,10,0,0,11,0,0,0,0,0,0,0,0,0,0,120,151,209,217,298,333,355,140,18,1842,120,151,209,217,298,333,355,140,18,1842,128,164,213,237,318,356,379,154,20,1974
