SED_CODE_2016,One_method_Train_M,One_method_Train_F,One_method_Train_P,One_method_Bus_M,One_method_Bus_F,One_method_Bus_P,One_method_Ferry_M,One_method_Ferry_F,One_method_Ferry_P,One_met_Tram_incl_lt_rail_M,One_met_Tram_incl_lt_rail_F,One_met_Tram_incl_lt_rail_P,One_method_Taxi_M,One_method_Taxi_F,One_method_Taxi_P,One_method_Car_as_driver_M,One_method_Car_as_driver_F,One_method_Car_as_driver_P,One_method_Car_as_passenger_M,One_method_Car_as_passenger_F,One_method_Car_as_passenger_P,One_method_Truck_M,One_method_Truck_F,One_method_Truck_P,One_method_Motorbike_scootr_M,One_method_Motorbike_scootr_F,One_method_Motorbike_scootr_P,One_method_Bicycle_M,One_method_Bicycle_F,One_method_Bicycle_P,One_method_Other_M,One_method_Other_F,One_method_Other_P,One_method_Walked_only_M,One_method_Walked_only_F,One_method_Walked_only_P,One_method_Tot_one_method_M,One_method_Tot_one_method_F,One_method_Tot_one_method_P,Two_methods_Train_Bus_M,Two_methods_Train_Bus_F,Two_methods_Train_Bus_P,Two_methods_Train_Ferry_M,Two_methods_Train_Ferry_F,Two_methods_Train_Ferry_P,Two_mt_trn_Trm_incl_lt_rl_M,Two_mt_trn_Trm_incl_lt_rl_F,Two_mt_trn_Trm_incl_lt_rl_P,Two_methods_Trn_Car_as_drvr_M,Two_methods_Trn_Car_as_drvr_F,Two_methods_Trn_Car_as_drvr_P,Two_methods_Trn_Car_as_pass_M,Two_methods_Trn_Car_as_pass_F,Two_methods_Trn_Car_as_pass_P,Two_methods_Train_Other_M,Two_methods_Train_Other_F,Two_methods_Train_Other_P,Two_methods_Train_Tot_M,Two_methods_Train_Tot_F,Two_methods_Train_Tot_P,Two_methods_Bus_Ferry_M,Two_methods_Bus_Ferry_F,Two_methods_Bus_Ferry_P,Two_mth_Bu_Trm_inc_lt_rl_M,Two_mth_Bu_Trm_inc_lt_rl_F,Two_mth_Bu_Trm_inc_lt_rl_P,Two_methods_Bus_Car_as_drvr_M,Two_methods_Bus_Car_as_drvr_F,Two_methods_Bus_Car_as_drvr_P,Two_methods_Bus_Car_as_pass_M,Two_methods_Bus_Car_as_pass_F,Two_methods_Bus_Car_as_pass_P,Two_methods_Bus_Other_M,Two_methods_Bus_Other_F,Two_methods_Bus_Other_P,Two_methods_Bus_Tot_M,Two_methods_Bus_Tot_F,Two_methods_Bus_Tot_P,Two_methds_Othr_two_methds_M,Two_methds_Othr_two_methds_F,Two_methds_Othr_two_methds_P,Two_methods_Tot_two_methods_M,Two_methods_Tot_two_methods_F,Two_methods_Tot_two_methods_P,Three_meth_Trn_two_othr_met_M,Three_meth_Trn_two_othr_met_F,Three_meth_Trn_two_othr_met_P,Three_met_Bs_2_ot_met_ex_tr_M,Three_met_Bs_2_ot_met_ex_tr_F,Three_met_Bs_2_ot_met_ex_tr_P,Three_meth_Othr_three_meth_M,Three_meth_Othr_three_meth_F,Three_meth_Othr_three_meth_P,Three_meth_Tot_three_meth_M,Three_meth_Tot_three_meth_F,Three_meth_Tot_three_meth_P,Worked_home_M,Worked_home_F,Worked_home_P,Did_not_go_to_work_M,Did_not_go_to_work_F,Did_not_go_to_work_P,Method_travel_to_work_ns_M,Method_travel_to_work_ns_F,Method_travel_to_work_ns_P,Tot_M,Tot_F,Tot_P
SED30001,229,252,479,140,66,202,0,3,3,4,4,8,13,8,17,13294,11474,24766,847,837,1686,395,18,414,230,14,250,43,9,53,131,60,193,142,183,327,15467,12927,28396,30,43,74,0,0,0,0,0,0,108,95,203,12,17,32,17,0,17,168,156,321,0,0,0,0,0,0,13,36,43,3,19,22,3,0,3,20,52,76,153,69,228,340,280,624,42,42,88,3,10,12,9,3,5,52,52,107,550,1009,1552,1174,1841,3017,154,113,266,17738,16222,33958
SED30002,185,203,388,572,730,1308,0,0,0,3,0,4,18,9,28,9946,8055,18001,562,878,1439,233,9,241,203,15,215,58,5,69,94,37,134,120,118,235,11989,10068,22058,55,46,107,0,0,0,0,0,0,145,118,258,12,31,37,0,0,3,212,196,408,0,0,0,0,0,0,59,86,148,26,63,89,5,10,19,94,157,252,91,55,146,397,408,808,34,34,67,6,9,14,4,0,4,46,36,91,368,613,980,860,1405,2263,109,75,186,13776,12615,26390
SED30003,401,445,840,1079,1158,2241,7,0,9,0,0,0,21,17,41,7088,6433,13517,461,728,1188,82,4,81,289,35,322,530,85,613,77,53,127,671,311,974,10703,9265,19971,85,70,155,0,0,0,0,0,0,50,56,105,16,16,23,8,4,13,157,139,300,0,0,5,0,0,3,53,91,149,29,51,82,13,13,23,102,157,259,120,49,165,378,344,721,20,25,48,15,7,20,4,3,13,41,35,83,623,794,1413,839,1492,2325,51,59,113,12642,11992,24631
SED30004,458,492,956,483,530,1007,3,3,8,3,0,3,17,13,30,7354,6306,13659,397,701,1099,144,0,149,215,18,235,101,14,121,92,28,117,128,123,252,9402,8235,17637,68,62,125,0,0,0,0,0,0,167,157,326,23,31,56,12,3,18,273,259,526,0,4,3,0,0,0,29,43,73,16,39,61,7,5,7,58,92,148,70,36,107,395,390,785,22,30,55,3,4,9,9,0,4,27,40,67,453,617,1071,821,1374,2190,73,68,140,11169,10721,21888
SED30005,7,3,4,275,241,517,7,3,12,0,0,0,26,8,28,10358,10734,21090,660,939,1601,184,7,194,226,34,264,306,86,394,251,62,312,335,294,627,12635,12414,25046,0,0,0,0,0,0,0,0,0,3,0,4,0,0,0,0,0,0,3,3,3,3,0,3,0,0,0,8,9,18,22,26,50,13,8,21,41,49,92,152,87,236,193,137,330,5,0,5,15,3,12,12,8,17,33,5,37,604,842,1445,1231,1672,2902,142,119,261,14835,15194,30028
SED30006,21,28,53,81,52,128,3,0,3,0,0,0,4,5,11,9321,8093,17413,533,557,1094,520,12,535,176,21,196,38,8,44,120,60,177,342,298,640,11155,9129,20287,3,9,5,0,0,0,0,0,0,51,49,106,0,10,13,0,0,0,62,66,129,0,0,0,0,0,0,30,57,86,4,10,13,3,0,3,41,65,104,108,43,147,204,174,377,10,9,25,4,0,4,6,3,7,19,13,37,843,1162,2011,1062,1580,2642,159,120,278,13450,12181,25622
SED30007,931,762,1693,1897,2428,4329,98,100,197,10,4,13,107,95,201,6984,5227,12211,502,852,1360,57,0,64,324,79,402,809,291,1106,184,97,280,3954,3581,7537,15865,13529,29386,186,179,363,3,0,3,3,0,4,23,22,50,12,16,22,28,10,36,255,225,482,23,26,50,0,0,0,37,27,63,23,50,69,42,44,84,120,140,263,107,61,170,487,436,919,50,32,81,31,20,53,16,4,18,95,64,158,782,744,1529,1274,1698,2969,134,111,240,18625,16576,35206
SED30008,83,69,154,118,199,317,4,0,7,15,11,29,10,28,36,7891,7225,15116,424,630,1062,109,3,112,178,29,205,149,56,208,128,68,196,200,270,472,9322,8605,17924,29,28,63,0,0,0,0,0,0,50,39,87,6,7,16,0,0,5,92,74,167,0,0,0,19,36,53,5,10,13,3,17,21,0,3,4,33,57,95,98,69,170,220,202,428,22,32,49,8,12,23,7,8,12,33,49,81,562,766,1329,751,1214,1967,103,106,210,10988,10944,21937
SED30009,32,25,54,147,122,268,7,0,8,3,3,6,11,13,25,8092,7981,16069,465,632,1100,195,4,199,145,9,149,126,35,157,161,45,204,150,149,300,9533,9012,18547,3,3,11,0,0,0,0,0,0,45,20,65,0,4,4,0,0,0,48,27,77,0,0,0,0,0,0,14,3,19,9,17,27,9,0,13,24,29,58,97,49,145,169,108,275,6,9,14,13,10,16,3,4,10,19,21,43,689,1013,1707,922,1351,2277,86,74,160,11431,11572,23007
SED30010,692,800,1493,592,856,1448,376,453,829,0,0,3,42,38,73,8734,7520,16255,502,777,1279,122,3,126,272,36,316,449,105,552,121,59,187,311,318,631,12213,10972,23183,109,98,209,8,5,13,0,0,0,63,90,158,17,30,46,19,8,28,211,236,447,107,127,237,0,0,0,39,40,78,20,32,48,11,11,26,174,215,391,208,159,368,599,603,1203,47,26,72,27,44,72,13,7,14,86,77,164,680,961,1642,989,1661,2647,79,75,154,14646,14351,28995
SED30011,3,0,4,100,58,161,4,3,5,0,0,0,17,15,37,5653,5313,10962,586,721,1306,141,3,139,186,3,191,138,21,163,52,23,78,190,186,378,7076,6344,13414,0,0,0,0,0,0,0,0,0,5,3,8,0,0,0,0,0,0,5,3,8,0,0,0,0,0,0,5,0,8,0,3,3,3,3,4,11,11,17,58,45,99,69,59,126,0,0,0,0,0,0,5,0,7,5,0,7,137,289,429,536,881,1414,76,80,159,7902,7650,15549
SED30012,669,940,1607,96,77,181,0,0,4,0,3,3,23,14,41,13276,10287,23567,968,1162,2128,278,7,280,329,25,357,73,8,76,114,70,186,147,178,326,15975,12778,28755,92,116,207,0,0,3,0,0,0,273,257,528,57,58,117,36,15,48,455,450,901,0,0,0,0,0,0,13,17,22,9,19,25,3,5,5,24,38,60,166,79,249,647,564,1212,71,102,175,0,0,0,6,5,15,80,108,190,311,677,991,1232,1867,3096,193,150,345,18445,16146,34584
SED30013,3,3,4,162,76,234,6,0,6,0,0,0,11,10,25,7993,6840,14837,776,663,1442,339,16,350,165,17,182,170,44,214,165,55,220,718,370,1091,10503,8090,18600,0,0,0,0,0,0,0,0,0,3,0,3,0,0,0,0,0,0,3,0,6,0,0,0,0,0,0,14,7,20,5,3,6,0,0,3,19,12,34,93,39,127,113,48,162,0,0,0,4,0,4,3,0,3,6,0,6,436,594,1027,867,1113,1981,140,118,256,12067,9968,22036
SED30014,115,71,184,196,230,428,8,0,5,13,16,26,12,9,26,8929,8653,17580,442,568,1012,146,3,152,178,25,208,250,102,354,95,52,151,249,257,502,10628,9989,20623,24,21,42,0,0,0,0,0,0,38,33,72,9,4,11,11,0,11,80,59,136,0,0,0,27,52,81,7,6,16,11,20,26,3,3,10,45,85,126,86,69,156,213,210,420,23,14,35,9,11,20,3,3,11,33,23,57,603,853,1454,901,1338,2244,108,93,199,12490,12507,24998
SED30015,5,3,10,134,28,159,3,0,3,0,0,0,7,3,10,6525,6005,12529,439,588,1024,242,3,242,128,12,146,60,22,88,107,36,142,345,295,637,7989,6990,14982,0,0,0,0,0,0,0,0,0,3,3,10,0,0,0,0,0,0,6,6,9,4,0,4,0,0,0,7,3,14,0,0,3,0,0,0,17,4,21,76,19,98,97,29,124,0,0,0,9,0,9,0,3,4,10,4,11,561,677,1243,763,1030,1795,122,104,220,9542,8838,18376
SED30016,5,10,17,213,298,509,25,11,35,3,3,7,76,88,171,8631,8135,16765,682,1185,1864,121,5,125,223,59,279,551,277,833,281,96,377,746,713,1461,11561,10877,22433,0,0,0,0,0,0,0,0,0,8,8,12,0,3,3,0,0,0,8,6,12,0,0,0,0,0,0,8,0,13,15,29,43,17,18,33,42,47,86,136,82,217,187,134,315,0,0,0,11,16,27,7,9,20,22,24,44,360,523,885,1018,1376,2398,139,117,257,13282,13049,26332
SED30017,0,0,3,212,59,269,3,0,0,0,0,3,3,3,8,5753,4854,10604,540,487,1023,273,12,289,111,23,137,68,36,102,158,78,238,698,602,1303,7826,6160,13993,0,0,0,0,0,0,0,0,0,0,0,0,0,0,0,0,0,0,0,0,0,0,0,0,0,0,0,24,7,32,0,7,8,3,0,3,27,14,42,90,25,114,121,35,157,0,0,0,4,0,4,12,3,14,15,3,20,1322,1153,2480,845,977,1824,215,158,365,10349,8491,18835
SED30018,64,46,113,146,103,245,4,0,4,0,0,0,13,7,15,7478,6790,14271,549,579,1129,247,9,250,116,10,120,114,50,164,128,60,183,245,326,573,9093,7974,17069,8,11,19,0,0,0,0,0,0,55,39,90,3,3,10,3,5,8,65,55,123,0,0,0,0,0,0,9,6,7,7,15,18,9,4,9,20,23,39,102,34,136,188,113,295,9,14,20,10,4,12,9,0,8,21,18,39,541,822,1359,923,1387,2305,135,119,255,10901,10429,21329
SED30019,222,239,455,239,332,573,3,6,7,3,3,3,19,20,33,9004,7712,16719,484,626,1110,273,4,274,223,17,232,73,14,88,86,28,118,131,156,284,10770,9147,19918,26,19,47,0,0,0,0,0,0,69,104,168,18,6,24,6,7,13,119,135,257,0,0,0,0,0,0,39,84,124,8,33,43,9,0,9,57,122,180,116,64,175,293,320,616,33,20,53,11,12,19,4,0,3,44,30,80,346,585,939,927,1469,2397,73,55,137,12453,11616,24073
SED30020,182,185,366,945,1256,2202,11,13,25,0,0,3,22,10,37,9013,7714,16731,496,762,1256,186,5,196,217,22,233,150,17,167,91,37,128,175,175,354,11499,10206,21707,31,32,63,0,0,0,0,0,0,98,113,211,5,12,23,3,3,8,138,162,302,0,3,7,0,0,0,75,115,182,37,63,98,15,7,20,123,189,315,135,85,226,400,434,834,31,22,50,19,15,25,3,3,5,47,40,83,580,871,1450,917,1587,2511,102,83,180,13549,13220,26771
SED30021,1248,1369,2614,705,1035,1737,26,45,67,3,8,13,51,37,93,8698,7060,15755,487,836,1325,87,3,91,283,27,305,331,84,415,147,83,230,427,431,863,12487,11013,23503,153,169,321,0,3,3,0,0,0,124,122,244,28,52,78,29,7,36,336,354,692,16,6,22,0,0,0,29,53,89,10,27,40,15,12,20,70,100,172,95,61,158,500,515,1016,39,49,84,14,4,20,12,0,12,64,48,116,646,882,1522,1022,1582,2605,90,84,175,14815,14128,28940
SED30022,426,457,882,152,157,311,5,6,18,0,0,3,14,10,27,8501,7555,16050,467,590,1058,202,4,202,169,7,176,80,31,108,138,49,185,211,239,447,10365,9108,19478,36,34,68,3,3,3,0,0,0,87,98,178,6,37,44,21,3,22,151,170,320,0,4,4,0,0,0,26,27,52,10,18,29,3,0,3,38,49,85,153,80,235,336,298,639,35,20,58,6,7,15,16,11,23,59,38,92,547,801,1350,935,1423,2354,81,81,159,12320,11752,24076
SED30023,4,0,8,100,32,131,6,5,9,0,0,0,6,10,20,9952,8323,18274,717,719,1439,443,11,451,159,15,170,99,28,129,164,53,215,505,362,866,12163,9549,21713,3,0,3,0,0,0,0,0,0,4,0,4,0,0,0,0,0,0,3,0,3,0,0,0,0,0,0,4,4,5,4,3,3,3,0,3,11,4,19,111,58,166,125,64,190,4,0,3,3,0,3,9,0,10,12,3,15,924,1028,1951,1032,1581,2609,147,131,278,14408,12350,26761
SED30024,0,0,0,157,108,264,24,15,36,0,0,0,23,21,41,5733,4967,10700,664,768,1428,189,11,200,106,24,131,225,148,371,274,111,384,1317,1469,2788,8721,7629,16351,0,0,3,0,0,0,0,0,0,3,0,3,0,0,0,0,0,0,3,0,3,4,0,7,0,0,0,7,3,6,3,5,8,5,5,9,15,15,30,101,77,179,115,92,216,3,0,3,6,4,10,11,0,15,20,7,27,551,616,1170,756,903,1659,205,151,355,10371,9406,19778
SED30025,256,267,523,124,98,223,8,3,10,3,0,8,12,13,26,12370,10491,22859,849,908,1761,334,5,338,220,23,244,65,19,79,178,87,270,220,197,415,14643,12107,26753,43,51,91,0,0,0,0,0,0,99,84,183,24,13,43,12,4,14,177,151,334,0,0,3,0,3,5,9,10,22,6,14,18,6,0,4,29,30,60,147,70,212,354,250,607,39,59,104,9,4,18,4,0,7,57,71,123,752,1143,1889,1153,1668,2819,128,129,259,17088,15365,32455
SED30026,50,35,93,131,134,266,8,3,11,3,0,3,10,12,24,8087,7543,15625,429,455,890,171,3,173,120,15,137,166,80,248,109,43,155,244,337,581,9534,8665,18194,8,3,10,0,0,0,0,0,0,40,19,56,3,3,6,3,3,8,52,31,81,0,0,0,5,15,19,4,7,15,7,19,17,0,4,4,22,41,61,90,46,140,165,113,275,20,6,31,0,0,3,3,0,4,25,13,37,583,885,1474,879,1334,2218,119,119,234,11308,11127,22435
SED30027,3,3,6,224,56,279,4,0,4,3,0,3,7,6,13,6172,5764,11939,614,546,1160,216,16,234,97,25,118,65,29,93,142,70,213,623,490,1111,8177,6998,15174,0,0,0,0,0,0,0,0,0,0,0,0,0,0,0,0,0,0,0,3,4,0,0,0,0,0,0,29,4,40,5,3,10,3,0,3,45,6,50,84,33,114,126,39,163,0,0,0,3,3,6,7,0,8,14,3,16,809,868,1677,1099,1145,2243,126,115,247,10343,9174,19520
SED30028,514,635,1150,320,369,686,3,0,3,0,3,7,18,11,32,8144,7175,15315,407,598,1005,158,0,158,267,27,298,195,40,236,97,26,122,171,198,369,10293,9087,19379,72,69,139,0,0,0,0,0,0,222,253,483,32,39,64,15,6,21,343,370,705,0,0,0,0,0,0,26,53,82,13,31,42,3,0,3,44,86,126,89,48,141,471,500,974,33,40,77,6,3,12,8,0,9,51,45,95,452,656,1109,908,1568,2482,76,55,134,12249,11917,24170
SED30029,893,862,1754,75,64,139,0,0,0,0,0,0,18,9,25,7137,6350,13485,368,597,961,160,3,164,285,28,308,128,30,153,77,29,109,147,121,271,9284,8079,17369,70,68,141,0,0,0,0,0,0,346,317,665,58,80,135,28,5,39,503,472,973,0,0,0,0,0,0,15,24,45,5,11,16,0,3,3,20,43,63,112,45,157,637,559,1195,43,54,100,7,3,4,8,4,8,53,64,120,633,800,1427,992,1542,2532,74,68,143,11675,11115,22789
SED30030,127,117,243,127,112,231,8,0,7,3,6,9,14,12,23,10869,9758,20623,693,770,1462,295,6,305,190,20,206,68,9,74,127,60,184,150,139,291,12667,11011,23674,34,31,63,0,0,0,0,0,0,61,44,104,20,5,24,14,0,15,120,80,199,0,0,4,4,18,23,5,4,12,4,24,32,3,3,6,23,44,71,124,53,170,267,175,441,27,26,52,4,3,12,5,3,9,35,35,70,486,876,1355,956,1470,2423,110,105,217,14515,13667,28187
SED30031,5,0,3,520,42,560,120,18,132,4,0,3,36,16,54,8944,7586,16535,639,635,1270,118,4,124,372,17,391,122,24,149,96,50,151,280,321,601,11251,8720,19971,0,0,0,0,0,0,0,0,0,4,0,7,0,0,0,0,0,0,4,3,4,120,23,139,0,0,0,12,3,18,5,3,6,3,0,5,146,23,170,443,98,538,585,129,715,0,0,3,546,98,637,12,3,18,558,105,656,206,529,737,1359,1266,2625,120,88,210,14080,10838,24923
SED30032,187,183,366,104,31,135,7,3,6,3,0,4,5,7,14,7908,7194,15100,528,605,1141,490,18,508,152,15,167,44,10,54,120,39,161,347,286,627,9888,8387,18276,15,19,41,0,0,0,0,0,0,67,74,137,13,14,26,18,0,16,118,107,223,0,0,0,0,0,0,3,6,6,0,8,9,6,0,6,9,10,20,113,45,157,237,167,400,33,33,69,9,0,8,7,3,10,45,36,81,859,1179,2038,1107,1507,2617,159,120,278,12291,11399,23690
SED30033,180,181,358,1540,1885,3425,6,5,12,0,0,3,36,18,54,7698,6595,14292,405,731,1134,77,0,75,224,19,249,431,76,506,97,40,138,221,257,482,10911,9824,20734,60,66,125,0,0,0,0,0,0,32,27,58,5,5,16,3,0,7,102,105,204,0,4,5,0,0,0,72,119,189,40,60,100,22,15,32,135,191,326,120,57,184,354,352,714,20,12,35,12,13,27,7,0,10,42,25,74,525,658,1183,859,1632,2490,77,64,135,12775,12557,25323
SED30034,0,0,4,506,80,581,3,0,4,0,0,0,6,13,20,6283,5109,11389,584,517,1102,193,11,203,91,17,111,111,56,167,171,90,257,824,778,1605,8776,6668,15447,0,0,0,0,0,0,0,0,0,0,0,0,0,0,0,0,0,0,0,0,0,0,0,0,0,0,0,71,11,85,8,3,9,6,0,6,88,13,98,77,37,119,168,51,219,0,0,0,3,0,4,10,6,19,22,10,23,920,1006,1921,1054,1014,2069,169,123,292,11102,8867,19971
SED30035,3,3,7,100,45,148,3,0,4,0,0,0,11,8,17,6125,5676,11801,480,477,964,314,3,318,115,5,126,39,13,57,105,37,143,292,280,567,7591,6561,14148,3,0,5,0,0,0,0,0,0,5,3,8,0,0,0,0,0,0,10,3,16,3,0,3,0,0,0,5,0,10,3,5,5,3,0,3,15,3,23,69,25,96,97,32,127,0,0,0,6,4,8,5,0,4,11,3,16,590,789,1384,845,1142,1987,127,131,259,9267,8661,17920
SED30036,6,3,5,87,39,121,13,6,15,0,0,0,8,14,25,5714,5892,11608,396,608,1003,156,3,159,133,23,157,120,68,196,98,31,129,239,252,491,6971,6939,13912,0,0,3,0,0,0,0,0,0,3,0,6,0,0,0,0,0,0,3,0,4,0,4,5,0,0,0,4,0,7,3,4,6,0,0,3,14,13,22,82,62,150,102,75,175,3,0,4,3,0,8,3,0,4,12,7,16,319,478,800,794,1077,1872,101,94,195,8299,8669,16967
SED30037,3,0,3,316,154,477,7,0,7,0,0,0,12,6,18,8693,7735,16426,696,667,1362,290,10,300,199,21,215,102,36,134,234,63,295,474,303,781,11019,8997,20019,0,0,0,0,0,0,0,0,0,3,0,4,0,0,0,0,0,0,3,0,3,0,0,0,0,0,0,18,6,28,3,15,14,0,0,0,24,25,51,105,52,151,131,74,208,0,0,0,10,3,7,3,4,11,12,5,19,525,685,1209,963,1297,2266,162,122,284,12821,11182,23999
SED30038,379,512,887,186,272,453,0,0,0,0,0,0,17,14,29,8421,6230,14657,591,935,1533,197,5,205,194,16,206,89,17,101,69,30,102,119,141,265,10264,8181,18442,93,96,191,0,3,3,0,0,0,137,160,296,21,43,63,14,3,21,265,307,573,0,0,0,0,0,0,19,19,38,9,26,35,3,4,7,29,51,84,95,50,149,389,415,803,34,51,81,8,5,8,3,0,6,43,53,103,234,434,665,719,1171,1885,148,106,253,11795,10350,22143
SED30039,1159,1010,2174,668,765,1426,58,64,123,6,0,4,34,19,54,6023,5045,11076,331,581,907,40,0,44,182,29,209,645,152,800,96,52,151,620,619,1243,9862,8342,18203,157,168,329,3,3,3,0,0,0,76,80,150,37,39,74,34,14,48,307,301,613,21,11,37,0,0,0,25,42,71,14,23,40,18,11,28,80,95,172,93,54,145,480,448,929,58,52,105,17,4,21,11,8,15,80,62,139,673,740,1416,939,1687,2628,60,75,131,12098,11349,23446
SED30040,382,352,734,67,71,136,0,0,0,0,0,0,17,15,30,8251,6950,15202,624,613,1239,204,8,210,202,17,215,85,11,96,65,35,101,212,244,460,10115,8319,18435,35,60,102,0,0,0,0,0,0,123,142,268,25,41,65,13,0,15,196,248,443,4,0,4,0,0,0,3,10,14,4,5,9,3,0,0,12,20,28,102,47,156,311,311,630,25,29,59,3,0,3,8,0,14,38,32,72,204,357,560,882,1444,2321,101,67,169,11648,10532,22182
SED30041,143,198,343,77,47,120,0,0,3,0,0,0,8,4,16,8712,7491,16204,508,593,1099,347,9,356,193,18,204,55,10,70,85,35,123,186,191,375,10314,8606,18919,22,35,63,0,0,0,0,0,0,144,157,303,14,30,47,6,5,11,189,227,412,0,0,3,0,0,0,0,10,17,6,6,11,0,3,3,7,25,30,114,40,150,307,288,599,33,29,64,4,0,4,4,0,4,40,32,68,329,551,881,960,1378,2339,122,104,228,12071,10956,23025
SED30042,545,690,1237,120,95,212,3,0,3,3,0,3,10,14,22,8999,7689,16687,545,655,1198,294,3,301,253,20,279,57,14,70,105,36,139,133,120,259,11063,9342,20409,123,85,213,0,0,0,0,0,0,177,210,390,37,62,101,36,3,39,373,365,745,0,3,3,0,0,0,16,21,37,3,3,7,3,0,3,21,27,46,117,42,164,513,442,951,41,53,97,3,7,10,5,0,5,55,58,110,338,557,896,1005,1520,2527,92,76,166,13076,11989,25061
SED30043,33,27,57,168,136,306,3,0,3,0,4,5,11,7,17,8388,7871,16254,503,548,1050,197,8,204,135,5,142,184,65,252,149,47,197,208,197,403,9976,8908,18886,10,8,14,0,0,0,0,0,0,43,23,67,0,3,7,4,0,7,60,34,90,0,0,0,0,0,0,0,3,9,8,14,28,5,0,5,18,17,34,114,38,155,192,93,284,10,9,15,7,8,14,5,3,12,28,12,43,494,845,1340,1000,1503,2504,107,81,190,11792,11447,23246
SED30044,4,4,12,336,103,443,4,0,7,0,0,0,11,19,32,8652,8342,16991,716,779,1486,232,7,235,157,22,181,85,25,106,79,47,129,292,249,540,10570,9587,20158,0,0,0,0,0,0,0,0,0,0,3,3,0,0,0,0,0,0,3,3,3,0,0,0,0,0,0,31,0,33,13,10,24,4,3,5,50,13,60,80,43,119,129,57,186,0,0,0,7,4,12,6,0,8,13,6,17,347,630,980,1244,1390,2633,125,90,214,12430,11755,24191
SED30045,34,69,102,71,50,122,3,0,3,3,0,3,0,5,8,8950,7577,16527,638,811,1448,542,12,553,162,18,182,20,6,27,91,50,139,279,210,488,10792,8811,19603,3,3,10,0,0,0,0,0,0,65,78,142,8,16,25,3,0,3,78,100,182,0,0,0,0,0,0,13,23,37,4,9,11,0,0,0,22,25,49,91,39,133,195,166,359,9,12,21,12,5,13,3,0,3,23,22,44,591,775,1363,1020,1494,2516,140,122,262,12762,11395,24150
SED30046,38,54,88,191,295,485,0,0,0,0,0,0,9,6,18,9056,7411,16461,589,621,1213,585,21,609,176,8,182,31,8,41,85,50,137,127,115,239,10882,8588,19468,18,13,34,0,0,0,0,0,0,62,54,116,6,10,15,0,0,3,79,82,165,6,0,6,0,0,0,53,112,163,22,44,66,3,8,12,82,161,243,105,38,139,269,280,550,10,20,28,4,11,12,6,0,6,18,25,48,362,623,989,894,1175,2070,120,87,208,12548,10786,23340
SED30047,742,968,1707,126,142,271,12,10,19,3,0,3,23,16,33,8075,7023,15098,512,673,1185,181,6,189,220,14,238,160,57,212,123,45,164,210,218,429,10383,9165,19543,56,97,157,0,0,0,0,0,0,96,127,226,40,38,78,25,11,39,223,271,491,0,0,0,0,0,0,10,15,33,7,18,21,3,0,3,20,35,57,111,81,191,351,389,737,40,46,85,8,3,12,11,3,18,59,49,111,442,689,1129,866,1428,2291,86,75,159,12178,11801,23983
SED30048,3,0,3,292,78,369,0,0,0,0,0,0,31,29,61,7232,6313,13547,650,636,1282,125,10,134,155,14,173,206,76,286,62,37,98,273,302,581,9031,7498,16533,0,3,3,0,0,0,0,0,0,3,0,3,0,0,0,0,0,0,5,4,6,0,0,0,0,0,0,21,0,22,4,4,13,3,4,8,32,11,45,91,46,133,126,63,187,0,0,0,3,4,10,3,0,7,13,3,16,169,368,537,884,1015,1895,115,82,195,10339,9028,19367
SED30049,28,34,57,1108,1294,2405,4,3,6,3,0,3,23,6,33,7535,6016,13548,392,760,1153,131,8,137,197,11,210,120,22,136,70,33,103,233,217,447,9840,8403,18251,40,30,72,0,0,0,0,0,0,16,16,34,0,0,0,0,0,0,58,48,106,3,4,9,0,0,0,110,145,252,33,86,123,20,8,33,164,250,413,86,51,138,306,349,656,13,15,32,12,6,20,5,3,10,33,28,61,430,560,991,831,1335,2170,69,71,141,11509,10751,22259
SED30050,22,18,43,220,238,456,7,0,7,0,0,0,15,5,19,8582,8061,16635,452,600,1056,176,7,180,172,11,183,200,114,316,132,75,208,445,514,958,10418,9644,20062,0,3,4,0,0,0,0,0,0,31,20,45,0,0,0,0,0,0,33,20,58,0,0,0,0,0,0,4,3,11,11,8,18,13,3,14,30,18,46,102,49,155,160,93,256,8,6,14,20,13,26,13,0,10,33,17,53,682,1011,1686,955,1417,2365,110,102,209,12358,12268,24630
SED30051,4,3,7,119,23,136,5,0,4,0,0,0,16,12,28,5440,5300,10745,385,462,853,240,12,249,150,21,168,134,40,179,79,36,108,253,254,507,6824,6152,12978,0,0,0,0,0,0,0,0,0,0,0,4,0,0,0,0,0,0,3,0,7,0,0,0,0,0,0,6,7,10,3,0,9,4,0,3,15,8,22,86,28,109,98,34,133,0,0,0,4,4,8,0,0,0,7,4,9,368,508,881,772,1060,1832,104,98,199,8181,7856,16038
SED30052,135,85,217,178,213,387,0,0,0,81,82,161,22,14,35,9299,8478,17777,485,681,1169,144,10,150,166,27,195,229,107,336,129,61,194,356,366,723,11219,10119,21341,13,27,49,0,0,0,0,4,3,45,28,70,3,9,12,7,0,9,74,66,141,0,0,0,29,56,83,11,4,16,7,17,25,3,0,0,52,78,134,127,80,205,255,224,481,27,12,39,10,10,26,3,3,5,38,32,67,751,987,1739,920,1503,2419,122,98,221,13307,12957,26268
SED30053,3,0,4,530,101,629,0,0,4,3,0,0,7,3,12,8525,6816,15332,679,482,1164,293,11,310,128,15,144,78,30,111,156,54,216,517,377,896,10929,7890,18818,0,0,0,0,0,0,0,0,0,3,3,4,0,0,0,0,0,0,7,5,7,0,0,0,0,0,0,74,4,79,11,3,14,5,0,5,93,12,101,107,34,140,199,48,251,0,0,0,8,0,9,11,0,8,18,4,21,763,840,1608,1475,1384,2859,176,146,326,13562,10319,23876
SED30054,106,114,226,636,593,1226,8,4,12,0,0,0,24,10,26,7520,6727,14249,317,666,980,114,0,114,227,24,248,332,58,385,82,33,112,179,138,314,9536,8360,17896,90,41,131,0,0,0,0,0,0,201,148,347,23,30,55,3,0,3,320,222,544,0,0,3,0,0,0,87,99,183,20,47,67,9,4,20,120,148,269,144,85,231,588,457,1044,36,31,68,10,9,25,5,3,12,54,45,104,826,1046,1871,834,1482,2315,74,58,131,11915,11447,23357
SED30055,462,535,1003,89,45,132,4,0,4,3,0,6,13,5,17,8828,7762,16599,713,741,1452,374,6,384,219,26,243,48,15,61,118,32,147,143,147,292,11016,9324,20337,56,58,110,0,0,0,0,0,0,144,158,309,45,41,86,44,3,46,284,265,553,0,0,0,0,0,0,5,3,11,5,8,14,4,3,5,12,14,30,115,43,162,411,321,738,57,49,106,0,0,5,9,3,7,64,53,116,344,611,959,1061,1491,2555,119,94,219,13022,11899,24924
SED30056,634,606,1238,1195,1464,2655,30,43,71,9,3,13,67,46,113,6259,5624,11887,407,748,1157,43,0,43,312,36,349,787,307,1093,109,57,164,1014,988,2008,10870,9909,20777,149,172,318,4,5,14,0,0,0,24,22,51,15,16,32,12,9,22,209,230,438,12,5,18,0,0,0,42,42,84,25,51,79,24,29,53,107,124,231,115,74,190,429,425,855,50,33,81,16,14,30,12,4,17,74,53,125,637,825,1465,947,1593,2540,65,54,121,13011,12867,25879
SED30057,5,0,3,142,35,174,0,3,3,0,0,0,33,48,82,4977,3967,8947,535,532,1070,139,13,151,178,24,202,141,56,197,165,85,248,899,874,1766,7212,5630,12843,0,0,0,0,0,0,0,0,0,0,0,0,0,0,0,0,0,0,3,0,3,0,0,0,0,0,0,3,0,6,0,0,0,3,0,3,10,3,9,64,37,104,76,42,117,0,0,0,0,0,0,13,4,16,19,4,23,467,501,968,573,547,1127,133,104,236,8476,6830,15307
SED30058,733,821,1553,239,329,565,3,0,5,3,3,3,20,15,39,7790,6587,14370,346,647,994,96,3,99,190,26,218,261,35,296,92,45,134,153,160,315,9927,8669,18592,149,155,300,0,0,0,0,0,0,222,196,420,41,55,94,32,10,35,442,412,849,0,0,0,0,0,0,23,35,55,8,39,47,4,3,6,33,75,111,100,75,170,577,557,1130,47,60,107,4,3,10,9,0,8,60,67,128,533,685,1219,814,1408,2216,71,53,121,11974,11435,23407
SED30059,149,91,238,102,90,195,8,0,8,4,9,7,13,7,17,9885,9252,19141,603,748,1355,233,3,234,177,16,192,90,29,116,122,57,182,201,175,374,11579,10487,22063,14,11,22,0,0,0,0,0,0,73,32,100,5,8,11,13,0,13,102,49,150,0,0,0,8,11,20,3,7,16,10,20,29,0,0,0,19,36,60,107,59,167,234,141,379,33,13,45,12,6,13,10,0,10,50,25,71,791,1137,1933,934,1474,2407,102,95,197,13688,13351,27040
SED30060,0,3,6,194,138,333,6,8,14,3,0,3,17,20,40,7973,7459,15431,699,805,1505,242,7,245,143,20,162,126,37,158,171,55,224,317,269,584,9905,8810,18713,0,0,0,0,0,0,0,0,0,0,4,3,0,0,3,0,0,0,3,3,10,3,0,3,0,0,0,6,4,8,5,18,23,7,0,7,21,25,43,103,54,159,128,76,212,0,0,0,6,7,8,9,0,9,18,7,22,316,467,780,823,1155,1980,160,130,292,11349,10644,21993
SED30061,7,0,7,154,105,256,3,0,5,0,0,0,22,24,45,7103,6919,14025,518,767,1289,90,0,90,236,26,265,324,118,442,115,36,151,246,223,468,8814,8219,17041,0,0,4,0,0,0,0,0,0,0,0,0,0,0,0,0,0,0,3,3,8,0,0,0,0,0,0,8,3,16,12,17,28,13,3,13,34,22,58,92,51,143,125,76,206,0,0,0,4,3,9,7,3,11,13,3,15,201,341,544,879,1188,2065,83,64,145,10110,9904,20015
SED30062,343,388,732,192,158,345,4,0,4,0,0,0,26,19,49,11766,10165,21928,854,1002,1855,360,6,368,316,20,340,75,16,95,140,67,203,227,229,455,14303,12069,26371,103,74,177,0,0,0,0,0,0,300,294,592,42,58,94,13,0,13,455,423,880,3,0,3,0,0,0,13,18,28,9,25,33,3,0,3,22,43,70,134,71,201,616,539,1150,71,53,122,6,6,11,3,3,4,77,65,143,464,785,1247,1215,1944,3161,154,124,280,16823,15523,32344
SED30063,4,11,10,110,26,138,0,0,0,0,0,0,10,7,14,6445,5710,12153,449,524,967,311,12,328,124,23,143,77,18,87,102,50,154,486,389,882,8120,6757,14876,0,0,0,0,0,0,0,0,0,15,21,31,0,0,3,0,0,0,16,24,38,0,0,0,0,0,0,3,3,8,3,4,4,3,3,4,11,12,20,58,26,82,85,56,138,3,3,3,0,0,0,6,0,6,8,7,13,961,892,1850,937,1146,2087,152,121,273,10267,8979,19243
SED30064,33,19,48,120,85,206,0,0,3,0,0,0,6,10,21,7913,7278,15196,431,569,1004,306,0,306,150,13,169,41,5,49,132,52,181,268,288,562,9406,8334,17736,6,6,7,0,0,0,0,0,0,23,11,37,0,0,0,3,0,3,31,15,50,0,0,0,0,0,0,3,4,11,10,13,18,3,0,3,14,16,30,115,38,150,163,69,234,3,0,4,11,7,16,15,0,13,34,7,38,607,864,1477,873,1405,2281,127,94,222,11206,10779,21987
SED30065,30,17,45,176,160,333,3,0,4,0,0,5,16,10,24,7282,6889,14171,426,598,1020,165,7,175,193,32,229,132,55,189,174,80,254,327,311,640,8921,8146,17070,0,0,0,0,0,0,0,0,0,17,8,25,0,0,0,0,0,0,13,14,23,0,0,0,0,0,0,11,7,11,15,19,30,7,0,7,29,25,54,79,50,133,124,83,211,6,3,6,6,4,9,3,0,8,17,7,28,1075,1397,2472,940,1223,2169,103,107,211,11179,10973,22156
SED30066,1338,1606,2936,409,613,1022,3,0,0,0,0,0,45,23,59,8955,7002,15965,577,806,1379,183,5,191,269,35,305,233,34,268,123,50,174,368,365,733,12505,10541,23048,114,163,281,0,0,0,0,0,0,184,223,411,43,72,117,29,12,43,369,475,845,3,0,4,0,0,0,15,33,51,20,30,50,8,3,11,46,67,116,98,63,163,516,599,1118,43,55,98,5,4,13,4,0,9,57,64,118,387,523,908,1097,1720,2812,139,104,237,14693,13549,28245
SED30067,551,718,1269,95,112,206,0,0,4,3,0,3,14,6,17,9367,7857,17222,543,647,1190,279,4,290,308,18,325,86,16,96,102,46,149,212,163,378,11557,9593,21149,75,78,155,0,0,0,0,0,0,254,284,538,38,50,86,31,3,37,395,414,812,0,0,0,0,0,0,16,28,48,5,13,24,3,0,8,30,47,76,115,52,164,536,513,1054,50,51,104,5,0,4,6,0,6,64,53,114,452,775,1229,1087,1635,2719,114,82,193,13808,12653,26462
SED30068,181,188,374,102,79,181,0,3,3,0,0,0,6,6,10,6305,5540,11847,536,615,1149,250,4,259,140,15,153,81,31,110,98,41,140,171,227,399,7880,6745,14629,31,26,59,0,0,0,0,0,0,89,96,191,10,11,19,18,0,14,147,138,283,0,0,0,0,0,0,11,3,11,5,17,22,5,0,4,24,16,36,73,41,113,240,198,435,19,30,50,3,0,5,0,0,0,26,34,55,332,538,872,912,1149,2061,100,88,189,9485,8758,18244
SED30069,106,153,256,134,179,309,3,0,4,0,0,0,13,14,31,7191,6251,13441,438,564,1004,172,0,175,206,25,224,113,34,144,109,48,154,291,347,636,8779,7613,16387,79,82,160,0,0,0,0,0,0,203,230,430,13,36,45,13,0,9,302,346,652,0,0,0,0,0,0,11,14,20,11,17,31,4,5,12,25,34,61,93,55,145,424,436,858,38,51,95,9,9,13,3,6,8,50,64,114,369,584,951,891,1316,2209,97,89,184,10614,10093,20703
SED30070,51,64,111,202,217,419,29,31,59,0,0,0,6,5,10,8344,7374,15726,450,507,961,327,3,335,152,11,167,44,11,54,82,50,134,162,180,341,9858,8449,18307,8,3,14,0,3,3,0,0,0,66,53,117,8,4,12,3,0,3,79,66,142,19,28,47,0,0,0,67,92,155,11,23,33,3,5,5,93,147,240,353,246,600,525,455,985,18,29,43,27,41,66,40,22,61,87,91,171,484,856,1340,902,1358,2261,87,76,164,11933,11289,23223
SED30071,0,5,4,226,63,292,3,0,3,0,0,0,39,37,83,7307,6932,14247,687,791,1477,219,8,222,175,16,190,165,38,208,59,29,89,363,360,726,9251,8284,17544,0,0,0,0,0,0,0,0,0,0,7,4,0,0,0,0,0,0,6,5,13,0,0,0,0,0,0,26,3,31,3,7,14,0,0,0,30,12,41,93,51,142,126,67,198,0,0,0,3,0,4,4,0,4,10,0,13,195,345,536,975,1310,2280,95,82,176,10659,10085,20742
SED30072,803,942,1749,320,454,772,0,0,0,0,3,7,28,14,39,7900,6957,14854,462,647,1107,186,5,188,244,21,260,112,27,139,84,27,116,188,171,352,10329,9270,19595,110,114,215,0,0,0,0,0,0,198,249,445,25,50,71,41,12,46,366,416,785,0,0,0,0,0,0,10,18,32,15,34,52,3,3,8,33,57,95,105,37,144,504,515,1025,47,44,84,7,5,9,7,0,8,53,51,101,351,576,924,922,1489,2407,95,82,177,12258,11973,24231
SED30073,350,255,607,1958,2564,4521,404,397,797,3,0,3,80,66,140,7221,5311,12532,426,802,1228,62,0,66,320,70,391,1048,514,1562,140,83,224,1744,1827,3570,13756,11894,25647,113,109,227,3,3,10,0,0,0,11,7,23,11,5,16,10,5,17,149,138,286,52,58,106,0,0,0,32,54,86,27,63,87,51,40,91,160,218,375,152,129,282,455,487,949,43,38,84,24,25,46,15,4,24,81,74,159,662,705,1364,1106,1660,2765,94,68,162,16157,14894,31048
SED30074,3,4,5,29,16,53,0,0,0,0,0,3,18,23,42,6978,6067,13048,590,578,1165,339,20,361,110,11,119,89,24,113,124,58,181,562,479,1043,8844,7284,16134,0,0,0,0,0,0,0,0,0,3,0,3,0,0,0,0,0,0,3,3,8,0,0,0,0,0,0,4,0,4,0,0,0,3,0,3,9,3,8,88,35,121,100,37,133,3,5,8,0,0,3,7,0,9,13,7,15,980,943,1925,732,1149,1882,165,125,289,10831,9544,20373
SED30075,122,114,233,178,246,419,0,0,3,252,331,581,24,25,52,9201,7893,17095,667,877,1547,131,3,134,220,37,252,224,81,306,137,63,203,532,641,1179,11701,10311,22006,32,43,70,0,0,0,4,4,10,46,34,80,7,5,14,3,0,3,88,89,181,0,0,3,42,64,104,13,3,13,5,17,15,7,3,15,65,89,155,140,108,245,290,288,577,39,28,63,21,20,33,18,5,26,72,51,121,489,623,1116,921,1479,2398,125,111,233,13591,12861,26456
SED30076,29,29,58,650,862,1514,0,3,3,0,0,0,23,16,36,9364,7765,17125,502,684,1184,245,0,245,213,12,223,64,15,79,88,43,131,136,128,263,11306,9554,20865,25,28,48,0,0,0,0,0,0,16,12,27,5,9,13,0,0,0,44,53,91,4,0,4,0,0,0,116,151,265,28,66,93,10,4,17,156,220,380,125,47,171,329,319,650,19,13,31,13,11,26,0,0,8,35,31,64,454,723,1181,902,1441,2343,90,89,184,13126,12161,25280
SED30077,514,596,1110,1022,1264,2280,8,0,8,4,0,3,41,26,65,7532,6597,14136,419,706,1125,119,3,119,302,33,341,357,84,436,88,48,133,339,386,730,10735,9750,20486,103,93,196,0,0,0,0,0,0,122,155,283,17,29,46,15,7,23,256,290,543,0,0,0,0,0,0,44,54,96,20,40,63,14,22,39,86,118,198,115,60,175,453,465,918,27,28,53,8,15,19,3,6,7,35,50,79,433,622,1053,887,1552,2433,65,67,138,12610,12503,25113
SED30078,235,216,448,1086,1372,2457,4,3,7,0,0,5,41,18,60,10221,7094,17311,520,1121,1642,148,3,152,122,12,135,78,17,93,87,49,136,134,127,264,12678,10037,22712,66,65,129,0,0,0,0,0,0,61,45,106,12,13,24,9,0,7,140,123,268,0,0,0,0,0,0,121,145,259,38,104,140,12,5,20,172,249,427,123,74,202,438,449,890,31,30,63,14,17,34,3,0,3,44,50,97,521,655,1177,871,1277,2142,106,79,184,14654,12552,27204
SED30079,351,346,695,953,1240,2193,4,0,4,3,0,5,37,32,71,8211,5384,13596,575,958,1534,138,5,143,151,14,173,122,20,142,86,48,137,304,340,644,10946,8387,19329,92,105,195,0,0,0,0,0,0,40,60,105,10,10,19,5,0,6,148,177,329,0,0,0,0,0,0,74,59,138,24,69,97,8,11,18,112,143,257,122,44,167,384,367,746,42,28,71,4,17,23,4,3,5,46,45,94,378,506,882,795,1080,1880,129,92,217,12669,10476,23146
SED30080,153,121,270,206,206,408,9,3,13,332,478,806,34,32,64,9141,7362,16509,497,747,1247,115,5,115,220,34,256,272,144,413,180,114,298,948,1054,1993,12103,10292,22394,27,40,65,0,0,0,10,7,16,66,35,100,6,6,13,8,0,12,113,88,201,0,0,0,78,90,172,5,10,19,6,10,14,3,7,8,98,115,214,136,89,228,349,292,644,40,21,54,10,16,31,10,9,22,59,50,107,921,1044,1969,972,1384,2354,130,122,260,14535,13187,27729
SED30081,0,8,9,185,87,271,3,3,7,0,0,3,12,16,24,8716,8700,17419,689,769,1457,199,10,209,236,34,263,142,45,188,155,37,194,170,150,318,10515,9852,20365,0,0,0,0,0,0,0,0,0,0,0,0,0,0,3,0,0,0,0,4,4,0,0,0,0,0,0,8,8,13,8,9,17,6,5,12,22,19,49,94,57,152,121,80,201,0,0,0,4,4,8,9,0,9,13,4,19,186,379,564,981,1343,2328,109,69,176,11917,11730,23650
SED30082,3,3,9,65,33,103,0,3,4,0,0,0,33,38,73,8181,7378,15567,635,757,1392,180,10,185,180,15,193,166,40,209,70,35,109,444,422,867,9968,8735,18705,0,0,0,0,0,0,0,0,0,4,3,5,0,0,0,0,0,0,5,3,7,0,0,0,0,0,0,5,3,5,0,7,11,5,7,10,7,18,24,93,63,161,106,85,193,0,0,0,0,6,3,5,0,9,4,7,10,354,552,902,804,1354,2155,88,88,182,11332,10813,22145
SED30083,8,3,11,47,48,96,0,0,0,0,3,3,37,39,77,8209,7577,15780,711,831,1542,140,5,141,162,8,169,186,43,224,72,28,101,310,289,608,9873,8881,18755,3,0,3,0,0,0,0,0,0,10,0,15,0,0,0,0,0,0,14,3,14,0,0,0,0,0,0,4,3,5,0,5,6,4,0,4,9,13,25,107,58,162,123,74,200,0,0,0,4,4,11,3,3,3,5,9,12,273,438,716,762,1322,2088,81,69,144,11129,10791,21918
SED30084,3,0,3,184,155,343,30,25,51,0,3,3,25,24,54,7953,7605,15557,658,754,1412,143,5,149,259,53,312,368,124,489,142,45,188,626,579,1210,10384,9385,19765,0,0,3,0,0,0,0,0,0,0,3,5,0,0,0,0,0,3,5,3,8,3,3,9,0,0,0,6,5,8,5,9,17,9,4,10,25,22,46,154,127,277,177,151,328,0,0,0,11,15,26,25,18,47,44,38,77,283,458,744,883,1261,2141,98,86,189,11873,11378,23254
SED30085,5,0,5,75,26,94,0,0,4,0,0,0,3,11,16,5781,4877,10655,513,495,1009,311,6,316,109,32,139,113,44,154,191,75,269,725,700,1422,7817,6267,14083,3,0,3,0,0,0,0,0,0,3,0,3,0,0,0,0,0,0,6,0,6,0,0,0,0,0,0,6,5,7,0,0,0,4,0,4,8,5,11,96,36,125,107,41,144,0,0,0,3,0,3,22,6,20,24,4,28,1363,1187,2556,645,913,1552,146,132,281,10105,8534,18642
SED30086,319,318,636,173,318,488,3,0,3,4,0,3,18,9,29,10226,8225,18447,798,853,1657,317,3,319,242,14,256,60,16,72,100,27,127,151,185,341,12409,9975,22386,45,45,86,0,0,0,0,0,0,49,71,117,17,30,45,22,0,28,130,147,277,3,0,3,0,0,0,43,67,108,19,29,47,3,3,10,67,100,163,120,64,187,315,310,623,33,41,79,8,3,7,4,0,6,46,43,91,271,501,778,890,1371,2262,144,129,272,14073,12332,26408
SED30087,9,3,14,505,170,678,63,24,81,0,0,3,29,21,52,9830,8735,18565,731,734,1461,219,13,229,180,31,208,124,39,161,258,158,415,840,730,1569,12794,10657,23444,0,0,0,0,0,0,0,0,0,3,3,7,0,0,0,0,0,0,3,3,7,10,4,15,0,0,0,38,6,45,11,10,22,5,6,9,59,24,84,202,59,262,266,92,357,3,0,3,15,5,17,15,8,18,27,11,43,504,901,1404,1480,1584,3062,134,128,263,15205,13370,28572
SED30088,197,213,414,273,421,692,0,3,3,0,0,0,41,21,59,9116,6298,15416,850,872,1724,238,8,247,202,20,221,62,10,74,82,44,124,139,151,286,11213,8050,19268,46,63,111,0,0,0,0,0,0,35,44,73,15,18,35,10,3,11,104,121,227,0,3,3,0,0,0,64,81,140,8,45,51,0,3,9,78,131,205,111,44,152,289,300,585,20,27,50,0,7,6,3,0,3,29,28,59,168,317,491,805,1051,1851,178,141,316,12687,9885,22576
SED30089,651,709,1356,1059,1424,2488,4,4,8,0,0,0,39,21,60,7817,6546,14361,463,771,1228,108,4,111,280,38,315,652,207,862,68,41,114,306,334,638,11452,10090,21540,140,141,283,0,0,0,0,0,0,49,64,112,14,34,43,27,11,32,224,248,475,0,0,0,0,0,0,68,71,139,27,56,81,26,11,39,124,140,269,103,71,173,456,460,921,35,37,76,7,16,22,4,0,8,50,55,99,530,648,1180,1025,1743,2771,75,63,142,13587,13058,26645
SED39494,13,26,36,83,86,172,3,5,10,3,0,3,8,4,10,811,453,1259,162,174,334,35,5,36,20,3,23,24,14,41,63,38,100,182,223,407,1398,1030,2428,11,6,17,0,0,0,0,0,0,3,5,8,0,3,3,4,0,4,19,11,29,0,0,0,0,0,0,7,0,3,0,0,0,0,3,3,5,5,9,25,10,28,46,25,72,3,6,8,3,0,3,4,0,3,12,5,20,35,56,93,208,197,404,46,25,64,1743,1336,3087
SED39797,0,0,0,0,0,0,0,0,0,0,0,0,0,0,0,8,9,12,0,3,3,0,0,0,0,0,0,0,0,0,0,3,5,4,0,4,11,15,22,0,0,0,0,0,0,0,0,0,0,0,0,0,0,0,0,0,0,0,0,0,0,0,0,0,0,0,0,0,0,0,0,0,0,0,0,0,0,0,0,0,0,0,0,0,0,0,0,0,0,0,0,0,0,0,0,0,0,0,3,19,15,38,0,0,0,31,33,60
