SED_CODE_2016,P_15_19_Num_chld_evr_brn_Nne,P_15_19_Num_chld_evr_brn_1,P_15_19_Num_chld_evr_brn_2,P_15_19_Num_chld_evr_brn_3,P_15_19_Num_chld_evr_brn_4,P_15_19_Num_chld_evr_brn_5,P_15_19_Num_chd_evr_brn_6_mr,P_15_19_Num_chld_evr_brn_ns,P_15_19_yrs_Total,P_20_24_Num_chld_evr_brn_Nne,P_20_24_Num_chld_evr_brn_1,P_20_24_Num_chld_evr_brn_2,P_20_24_Num_chld_evr_brn_3,P_20_24_Num_chld_evr_brn_4,P_20_24_Num_chld_evr_brn_5,P_20_24_Num_chd_evr_brn_6_mr,P_20_24_Num_chld_evr_brn_ns,P_20_24_yrs_Total,P_25_29_Num_chld_evr_brn_Nne,P_25_29_Num_chld_evr_brn_1,P_25_29_Num_chld_evr_brn_2,P_25_29_Num_chld_evr_brn_3,P_25_29_Num_chld_evr_brn_4,P_25_29_Num_chld_evr_brn_5,P_25_29_Num_chd_evr_brn_6_mr,P_25_29_Num_chld_evr_brn_ns,P_25_29_yrs_Total,P_30_34_Num_chld_evr_brn_Nne,P_30_34_Num_chld_evr_brn_1,P_30_34_Num_chld_evr_brn_2,P_30_34_Num_chld_evr_brn_3,P_30_34_Num_chld_evr_brn_4,P_30_34_Num_chld_evr_brn_5,P_30_34_Num_chd_evr_brn_6_mr,P_30_34_Num_chld_evr_brn_ns,P_30_34_yrs_Total,P_35_39_Num_chld_evr_brn_Nne,P_35_39_Num_chld_evr_brn_1,P_35_39_Num_chld_evr_brn_2,P_35_39_Num_chld_evr_brn_3,P_35_39_Num_chld_evr_brn_4,P_35_39_Num_chld_evr_brn_5,P_35_39_Num_chd_evr_brn_6_mr,P_35_39_Num_chld_evr_brn_ns,P_35_39_yrs_Total,P_40_44_Num_chld_evr_brn_Nne,P_40_44_Num_chld_evr_brn_1,P_40_44_Num_chld_evr_brn_2,P_40_44_Num_chld_evr_brn_3,P_40_44_Num_chld_evr_brn_4,P_40_44_Num_chld_evr_brn_5,P_40_44_Num_chd_evr_brn_6_mr,P_40_44_Num_chld_evr_brn_ns,P_40_44_yrs_Total,P_45_49_Num_chld_evr_brn_Nne,P_45_49_Num_chld_evr_brn_1,P_45_49_Num_chld_evr_brn_2,P_45_49_Num_chld_evr_brn_3,P_45_49_Num_chld_evr_brn_4,P_45_49_Num_chld_evr_brn_5,P_45_49_Num_chd_evr_brn_6_mr,P_45_49_Num_chld_evr_brn_ns,P_45_49_yrs_Total,P_50_54_Num_chld_evr_brn_Nne,P_50_54_Num_chld_evr_brn_1,P_50_54_Num_chld_evr_brn_2,P_50_54_Num_chld_evr_brn_3,P_50_54_Num_chld_evr_brn_4,P_50_54_Num_chld_evr_brn_5,P_50_54_Num_chd_evr_brn_6_mr,P_50_54_Num_chld_evr_brn_ns,P_50_54_yrs_Total,P_55_59_Num_chld_evr_brn_Nne,P_55_59_Num_chld_evr_brn_1,P_55_59_Num_chld_evr_brn_2,P_55_59_Num_chld_evr_brn_3,P_55_59_Num_chld_evr_brn_4,P_55_59_Num_chld_evr_brn_5,P_55_59_Num_chd_evr_brn_6_mr,P_55_59_Num_chld_evr_brn_ns,P_55_59_yrs_Total,P_60_64_Num_chld_evr_brn_Nne,P_60_64_Num_chld_evr_brn_1,P_60_64_Num_chld_evr_brn_2,P_60_64_Num_chld_evr_brn_3,P_60_64_Num_chld_evr_brn_4,P_60_64_Num_chld_evr_brn_5,P_60_64_Num_chd_evr_brn_6_mr,P_60_64_Num_chld_evr_brn_ns,P_60_64_yrs_Total,P_65_69_Num_chld_evr_brn_Nne,P_65_69_Num_chld_evr_brn_1,P_65_69_Num_chld_evr_brn_2,P_65_69_Num_chld_evr_brn_3,P_65_69_Num_chld_evr_brn_4,P_65_69_Num_chld_evr_brn_5,P_65_69_Num_chd_evr_brn_6_mr,P_65_69_Num_chld_evr_brn_ns,P_65_69_yrs_Total,P_70_74_Num_chld_evr_brn_Nne,P_70_74_Num_chld_evr_brn_1,P_70_74_Num_chld_evr_brn_2,P_70_74_Num_chld_evr_brn_3,P_70_74_Num_chld_evr_brn_4,P_70_74_Num_chld_evr_brn_5,P_70_74_Num_chd_evr_brn_6_mr,P_70_74_Num_chld_evr_brn_ns,P_70_74_yrs_Total,P_75_79_Num_chld_evr_brn_Nne,P_75_79_Num_chld_evr_brn_1,P_75_79_Num_chld_evr_brn_2,P_75_79_Num_chld_evr_brn_3,P_75_79_Num_chld_evr_brn_4,P_75_79_Num_chld_evr_brn_5,P_75_79_Num_chd_evr_brn_6_mr,P_75_79_Num_chld_evr_brn_ns,P_75_79_yrs_Total,P_80_84_Num_chld_evr_brn_Nne,P_80_84_Num_chld_evr_brn_1,P_80_84_Num_chld_evr_brn_2,P_80_84_Num_chld_evr_brn_3,P_80_84_Num_chld_evr_brn_4,P_80_84_Num_chld_evr_brn_5,P_80_84_Num_chd_evr_brn_6_mr,P_80_84_Num_chld_evr_brn_ns,P_80_84_yrs_Total,P_85_ov_Num_chld_evr_brn_Nne,P_85_ov_Num_chld_evr_brn_1,P_85_ov_Num_chld_evr_brn_2,P_85_ov_Num_chld_evr_brn_3,P_85_ov_Num_chld_evr_brn_4,P_85_ov_Num_chld_evr_brn_5,P_85_ov_Num_chd_evr_brn_6_mr,P_85_ov_Num_chld_evr_brn_ns,P_85ov_Total,Tot_Nmbr_child_ever_born_None,Tot_Nmbr_children_ever_born_1,Tot_Nmbr_children_ever_born_2,Tot_Nmbr_children_ever_born_3,Tot_Nmbr_children_ever_born_4,Tot_Nmbr_children_ever_born_5,Tot_Nmbr_chidrn_ever_brn_6_mr,Tot_Nmbr_childrn_ever_born_Ns,Total_Total
SED30001,2221,25,0,0,0,0,0,281,2528,1610,264,95,25,3,0,4,170,2165,1127,550,455,169,28,6,3,186,2534,651,593,826,368,109,29,21,180,2771,358,431,1071,514,204,59,41,157,2827,267,367,1123,571,210,52,39,170,2795,285,323,969,534,186,86,44,146,2572,213,273,782,458,179,48,32,119,2107,159,203,711,467,176,68,24,106,1912,95,154,560,375,165,43,16,95,1508,84,121,511,340,134,47,20,78,1337,50,75,291,210,97,32,25,47,826,28,55,147,108,81,21,28,36,497,16,20,77,72,38,29,19,25,300,21,34,71,72,39,18,30,29,311,7182,3482,7687,4281,1647,550,351,1820,26992
SED30002,1696,16,3,0,0,0,0,160,1878,1363,158,71,14,0,0,0,121,1728,1012,380,249,81,29,4,3,108,1861,662,607,650,217,74,12,21,106,2340,344,354,787,308,135,35,27,90,2083,251,310,761,359,137,50,33,82,1988,241,309,802,399,145,65,47,106,2113,205,286,704,376,146,46,39,76,1870,133,181,603,349,119,42,34,63,1525,120,196,493,320,94,46,24,60,1356,72,107,387,261,110,25,20,55,1045,50,66,222,182,86,30,23,51,701,29,33,139,111,67,46,17,34,486,22,19,80,81,47,30,27,40,343,21,33,91,90,60,38,29,110,455,6216,3064,6033,3149,1241,475,330,1255,21764
SED30003,1397,4,0,0,0,0,0,102,1502,1503,44,8,3,0,0,0,114,1680,1110,131,50,17,3,0,0,104,1411,676,336,282,76,14,3,3,91,1482,390,304,653,245,55,8,0,69,1730,319,266,834,370,90,10,3,78,1968,267,237,788,418,90,13,11,94,1913,239,186,625,337,97,18,5,66,1580,224,151,484,286,88,24,18,53,1331,176,118,397,241,93,26,12,50,1113,118,96,357,220,94,27,10,47,977,102,66,242,195,73,29,11,42,759,50,40,157,140,63,27,21,33,539,27,26,81,93,59,15,38,32,376,40,39,108,108,56,33,28,58,471,6632,2057,5078,2768,877,231,162,1028,18827
SED30004,1330,3,0,0,0,0,0,83,1421,1215,56,15,0,3,0,0,81,1373,867,192,111,29,4,0,0,83,1277,507,334,341,107,27,5,5,70,1401,252,296,591,183,45,11,6,51,1450,241,228,643,288,75,27,12,54,1565,213,229,731,331,97,28,11,62,1698,193,178,611,318,98,23,13,69,1509,182,155,558,346,119,31,11,56,1456,164,157,514,289,131,29,20,50,1353,128,113,473,294,89,25,17,43,1182,113,81,351,274,120,32,11,56,1046,80,52,246,216,106,26,24,53,806,72,30,170,166,112,45,51,64,708,83,65,178,168,115,48,49,151,852,5639,2179,5529,3020,1135,338,234,1025,19098
SED30005,1582,15,0,0,0,0,0,203,1801,1183,95,43,5,0,0,0,160,1485,997,259,203,48,19,3,0,133,1656,728,451,469,176,52,13,7,159,2051,501,430,756,314,96,26,8,167,2302,457,416,915,429,128,33,25,192,2592,478,405,967,445,133,39,28,210,2704,478,401,834,391,137,45,21,198,2509,395,275,772,416,131,40,20,166,2222,275,215,670,341,134,37,27,174,1862,186,165,532,280,125,31,20,140,1481,100,97,346,234,97,20,25,90,1003,46,43,147,123,78,21,12,71,543,35,38,79,58,60,27,26,56,366,25,43,79,74,37,23,19,52,354,7441,3347,6813,3331,1237,357,242,2176,24938
SED30006,1560,25,3,0,0,0,0,251,1841,1005,187,110,21,0,0,0,156,1480,645,281,297,87,21,6,5,127,1464,401,282,496,241,70,21,13,142,1658,248,240,587,332,154,45,21,90,1720,257,290,715,415,203,54,57,168,2157,296,263,753,465,218,56,45,165,2267,276,239,723,468,181,66,32,174,2158,251,193,657,437,221,42,38,173,2015,197,173,605,414,186,61,31,165,1832,151,141,599,389,234,47,28,139,1725,96,97,365,311,163,55,37,94,1224,59,52,189,186,148,55,60,68,818,54,29,92,106,85,45,50,64,530,40,29,101,87,93,46,51,63,512,5531,2522,6295,3960,1982,609,467,2027,23397
SED30007,1370,3,0,0,0,0,0,193,1563,3945,48,11,3,0,0,0,574,4580,4378,197,37,17,6,4,0,689,5323,2795,513,190,44,7,7,0,499,4058,1269,351,318,92,25,0,9,281,2352,779,278,394,132,33,4,4,215,1833,588,257,398,127,34,8,6,181,1593,410,213,367,162,45,8,8,157,1384,331,173,357,191,69,14,9,149,1296,231,146,350,210,62,18,8,148,1169,154,105,268,183,58,17,10,120,924,93,44,158,124,58,27,3,108,606,54,32,97,89,42,21,18,83,439,32,16,57,56,49,16,14,73,302,53,40,77,78,36,18,23,232,553,16476,2422,3080,1507,527,159,110,3691,27967
SED30008,1041,10,0,0,0,0,0,148,1208,1322,92,40,3,0,0,0,188,1652,940,263,148,27,7,3,3,156,1551,611,350,315,92,17,8,3,133,1545,395,305,507,158,37,16,5,100,1533,380,329,540,254,77,20,7,146,1744,371,333,574,242,79,22,15,132,1773,331,312,622,289,84,25,16,164,1848,310,283,644,359,117,22,18,162,1914,274,229,754,381,142,27,21,134,1962,235,238,761,455,165,52,23,168,2100,173,191,595,378,174,49,19,143,1732,97,102,364,316,153,56,39,138,1268,75,68,211,193,130,55,38,125,890,84,119,246,216,109,57,45,189,1078,6652,3226,6319,3362,1301,422,259,2240,23782
SED30009,1508,6,0,0,0,0,0,151,1669,1171,81,29,0,0,0,0,99,1381,736,226,149,35,10,0,0,80,1237,411,305,431,138,21,5,4,78,1405,229,246,597,263,79,23,3,63,1505,182,261,835,407,128,25,12,77,1918,197,257,845,399,120,39,6,87,1949,196,245,771,430,157,30,14,94,1932,197,174,693,409,127,31,15,84,1738,173,141,589,398,133,38,9,83,1568,149,135,638,403,130,39,16,86,1594,105,89,412,308,107,28,29,92,1179,87,77,232,233,116,39,27,67,885,57,42,159,175,102,37,23,82,675,58,47,155,165,94,27,32,204,789,5467,2344,6538,3767,1326,359,184,1428,21415
SED30010,1250,3,0,0,0,0,0,133,1390,1672,61,17,0,4,0,0,175,1928,1899,217,63,7,3,0,0,254,2445,1380,569,386,89,16,6,3,218,2665,692,455,683,258,47,12,3,131,2292,490,332,806,317,64,11,7,123,2144,423,305,744,318,81,15,12,114,2012,332,227,603,281,68,23,8,96,1644,260,195,439,273,88,34,18,79,1389,178,127,403,255,72,25,14,98,1175,128,84,291,169,74,23,19,56,847,88,60,186,128,63,32,12,33,606,45,25,130,113,48,35,30,26,453,41,31,90,74,53,31,23,36,393,70,49,122,135,93,45,34,51,604,8957,2756,4977,2415,777,284,191,1638,21989
SED30011,1108,33,6,0,4,0,0,140,1289,872,218,97,30,8,0,0,118,1343,623,267,245,101,25,11,5,113,1402,317,224,362,166,82,30,6,82,1272,165,154,361,213,115,34,30,58,1136,145,139,399,266,119,53,38,83,1242,161,149,417,284,116,52,47,105,1314,150,134,484,311,145,36,32,82,1379,159,131,474,316,151,44,38,107,1420,130,142,454,334,142,49,35,110,1391,137,108,424,347,162,56,27,100,1369,95,78,374,306,178,78,52,111,1270,85,75,289,281,170,89,66,118,1168,56,49,139,209,140,81,74,112,865,71,80,188,198,149,91,101,148,1029,4276,1975,4724,3369,1695,702,566,1592,18890
SED30012,2301,67,14,4,0,0,0,332,2709,2059,466,242,72,16,3,0,272,3121,1519,722,646,284,101,27,18,258,3576,939,842,990,448,195,82,53,262,3820,474,466,1006,487,247,116,115,192,3094,356,410,910,473,226,123,129,191,2818,290,306,745,490,220,82,103,188,2433,234,255,649,441,200,96,117,156,2139,161,184,497,465,193,89,76,145,1808,96,122,416,331,170,71,59,118,1387,68,87,318,281,150,52,54,102,1110,37,49,179,192,104,54,37,71,732,37,22,112,121,97,39,49,49,522,27,25,64,63,49,30,37,34,331,23,21,55,51,52,33,39,46,319,8610,4040,6846,4204,2015,886,885,2423,29911
SED30013,1149,14,3,0,0,0,0,204,1369,1041,127,55,12,3,0,0,216,1462,724,266,174,71,32,4,7,158,1438,384,235,346,213,56,18,11,141,1395,181,180,474,293,93,29,22,119,1399,181,164,497,320,105,38,31,139,1477,180,174,519,350,126,49,37,143,1582,184,161,568,378,161,46,27,141,1675,167,137,521,379,184,48,33,113,1593,131,122,481,370,185,44,22,133,1489,81,89,363,384,169,54,31,145,1336,59,56,234,236,148,61,35,82,920,50,44,149,181,117,64,41,84,731,27,29,86,107,91,48,45,66,498,27,26,90,98,79,46,56,94,503,4571,1817,4573,3400,1555,549,408,1981,18857
SED30014,1205,3,4,0,0,0,0,142,1355,1240,52,21,3,0,0,0,139,1458,1414,202,114,26,3,0,3,192,1949,906,415,399,113,24,3,3,144,2005,452,389,719,244,52,9,9,148,2018,353,348,716,274,93,18,13,133,1940,303,296,650,334,83,24,11,116,1826,235,252,602,311,99,19,10,98,1625,225,192,602,347,123,35,14,130,1667,183,168,574,339,116,26,6,117,1528,173,144,566,334,114,34,12,118,1491,116,101,382,298,125,38,19,86,1167,72,65,248,222,127,34,24,84,871,77,51,172,139,89,46,24,63,654,67,97,232,146,94,44,34,106,822,7013,2778,5984,3127,1146,332,203,1812,22382
SED30015,1176,17,3,0,0,0,0,175,1373,614,126,64,18,3,0,0,69,892,441,172,189,73,23,6,0,64,970,276,196,332,165,59,16,17,74,1137,169,155,471,243,105,34,26,78,1282,173,159,479,330,132,58,35,109,1472,210,199,608,347,146,52,32,110,1712,243,232,641,404,164,63,35,132,1909,235,194,664,492,188,59,31,139,2015,196,145,723,490,213,51,28,151,2006,174,179,734,526,220,69,39,146,2087,102,101,409,387,208,57,35,110,1417,68,63,220,209,153,68,45,90,911,34,33,72,104,80,48,38,39,451,25,32,67,63,51,33,30,35,347,4128,1992,5692,3850,1752,629,402,1528,19968
SED30016,1354,47,4,0,0,0,0,293,1702,1389,211,61,29,8,0,0,327,2022,1458,332,194,106,32,12,4,397,2540,994,430,402,139,57,24,29,314,2387,613,409,566,241,89,39,35,271,2264,455,362,590,310,136,51,43,292,2235,433,308,597,296,126,55,60,242,2113,406,296,560,307,134,46,47,236,2034,320,237,596,314,138,64,55,221,1947,248,195,492,353,111,49,61,190,1705,171,149,411,292,126,55,33,175,1402,107,85,258,227,94,43,47,118,978,60,70,169,155,91,40,34,111,739,53,43,97,114,63,41,46,72,519,52,47,138,133,82,44,61,140,697,8104,3227,5139,3017,1283,553,545,3411,25275
SED30017,1006,35,3,0,0,0,0,189,1238,636,140,99,32,5,0,4,117,1032,458,193,208,104,39,11,5,106,1126,264,184,310,218,89,36,11,107,1216,165,146,356,262,126,53,37,114,1266,150,150,400,311,174,57,43,121,1415,173,127,461,340,163,66,43,154,1530,176,152,520,398,194,70,31,177,1718,157,138,499,382,223,53,65,146,1666,138,120,450,372,188,78,44,150,1535,99,113,420,370,213,68,67,151,1493,88,76,268,261,181,75,56,124,1136,50,39,144,168,130,75,65,90,776,32,16,76,93,84,38,58,71,477,27,32,79,88,77,60,70,66,507,3617,1666,4295,3410,1888,745,621,1882,18125
SED30018,1301,17,3,0,0,0,0,144,1468,910,86,46,5,0,0,0,92,1143,608,243,189,52,13,0,3,81,1180,391,316,421,159,51,15,6,90,1444,269,250,573,232,80,16,19,81,1517,206,250,731,359,133,35,12,80,1805,246,221,717,368,111,34,11,104,1821,306,239,610,380,127,33,19,104,1823,229,176,670,402,170,54,20,98,1824,200,164,673,449,175,41,16,106,1832,192,170,756,484,154,46,23,102,1929,128,117,502,391,190,66,23,106,1521,88,57,285,292,177,53,52,78,1086,47,37,156,157,128,55,37,73,684,78,80,217,175,140,70,62,142,966,5198,2433,6562,3902,1650,518,314,1463,22038
SED30019,1324,7,4,0,0,0,0,95,1431,1167,153,50,7,0,0,0,61,1445,830,314,208,77,13,5,3,58,1506,525,348,480,170,46,6,12,69,1650,291,270,577,291,89,22,10,56,1603,237,238,610,308,130,33,30,60,1645,200,206,640,352,127,39,24,46,1639,213,208,706,393,123,36,20,55,1764,178,193,642,440,171,36,14,62,1740,142,149,600,371,164,38,14,56,1527,95,115,498,351,149,30,24,47,1310,64,67,277,194,96,36,23,51,812,39,39,145,162,102,57,27,46,619,22,22,79,91,44,29,28,37,353,37,41,109,103,67,38,35,84,518,5363,2352,5627,3310,1320,419,265,895,19542
SED30020,1530,5,0,0,0,0,0,110,1644,1508,53,19,10,0,0,0,105,1698,1151,210,110,30,5,0,0,108,1614,751,434,424,115,32,7,4,90,1860,404,366,757,290,63,18,5,82,1994,296,323,852,374,76,15,17,84,2033,302,321,796,385,105,28,18,64,2008,263,241,724,369,92,34,10,87,1824,213,213,629,400,118,25,13,82,1693,162,177,521,309,111,31,14,53,1378,106,113,460,276,112,34,15,42,1157,91,75,297,226,70,30,23,37,852,47,37,184,144,76,31,18,38,574,43,37,92,110,63,36,30,34,456,34,45,133,118,65,33,27,48,509,6913,2645,6008,3147,988,326,193,1059,21286
SED30021,1377,3,0,0,0,0,0,137,1518,1872,55,6,0,0,0,0,195,2139,2084,243,56,13,4,0,5,261,2664,1411,470,275,52,6,4,3,212,2442,704,335,560,191,51,5,0,138,1988,534,316,639,293,72,10,8,148,2021,449,283,638,326,89,21,7,144,1950,373,235,595,296,83,11,8,120,1724,318,200,469,286,109,21,11,109,1520,251,174,376,241,113,25,6,103,1287,176,109,309,208,81,30,12,74,998,135,75,232,164,80,23,19,44,769,93,51,138,119,79,27,14,43,553,74,27,86,100,62,30,25,32,439,60,50,127,126,97,39,39,86,624,9905,2617,4504,2420,925,252,167,1850,22648
SED30022,1563,16,0,0,0,0,0,115,1695,1093,99,43,9,3,0,0,82,1326,633,209,146,34,11,0,0,71,1094,356,248,368,120,27,13,3,66,1207,192,231,517,250,69,18,18,47,1348,213,269,773,350,115,26,25,54,1813,186,290,882,424,101,27,18,74,2004,220,238,800,488,139,52,23,88,2044,226,190,759,491,136,46,11,100,1965,197,154,668,419,135,41,10,98,1722,173,157,584,376,167,38,14,84,1596,109,107,441,330,156,38,27,92,1295,99,62,243,230,131,60,24,92,937,49,47,154,180,102,49,48,96,715,53,50,162,140,100,54,40,261,856,5353,2359,6535,3842,1397,465,260,1405,21619
SED30023,1678,34,3,0,0,0,0,237,1953,1209,211,119,30,3,0,0,126,1691,701,316,307,138,47,16,4,116,1640,342,300,521,290,98,37,25,109,1728,173,167,588,398,157,56,54,116,1698,181,186,627,483,220,73,53,118,1936,210,184,639,506,205,72,54,136,1999,204,169,614,485,203,74,51,131,1928,146,146,589,495,266,73,49,128,1888,130,116,489,409,208,74,34,118,1573,98,82,399,387,186,85,37,119,1386,69,49,277,291,193,56,62,103,1102,49,42,141,140,139,52,63,62,683,29,14,72,105,96,58,67,73,519,28,29,70,89,91,41,69,115,516,5241,2053,5453,4236,2103,747,609,1801,22246
SED30024,1051,66,5,3,0,0,0,416,1544,848,329,161,46,18,0,3,268,1663,757,295,278,145,62,33,17,309,1900,455,254,360,202,124,61,47,226,1726,294,178,377,228,137,80,102,179,1565,269,186,432,290,151,89,121,182,1722,272,185,432,277,142,63,114,201,1683,256,174,422,307,157,74,97,193,1672,264,152,399,297,153,80,96,208,1645,189,126,367,261,173,57,78,190,1442,114,82,276,257,110,34,72,142,1091,78,74,194,192,108,44,54,99,845,46,32,111,122,88,37,40,77,548,17,25,49,78,47,17,28,32,296,20,20,49,46,35,14,28,85,299,4930,2174,3915,2759,1501,671,901,2804,19654
SED30025,2103,29,5,0,0,0,0,292,2431,1678,311,172,35,10,3,3,202,2410,1112,524,485,178,45,12,4,238,2605,661,554,753,318,129,39,20,250,2720,340,406,914,442,167,63,41,194,2569,327,339,1046,507,203,54,43,204,2719,314,349,983,474,166,58,41,217,2607,270,275,815,450,205,68,41,205,2332,213,227,726,432,206,59,32,148,2045,189,222,689,442,163,49,20,148,1922,174,188,763,436,171,59,30,153,1979,128,148,507,396,152,42,23,127,1506,101,75,251,232,144,63,31,86,982,35,54,133,135,97,41,30,62,591,42,73,145,125,69,42,41,79,612,7699,3762,8393,4604,1923,648,395,2605,30029
SED30026,1176,9,4,0,0,0,0,142,1330,1012,85,22,4,3,0,0,122,1246,843,188,106,25,5,0,0,140,1311,577,341,356,99,28,11,0,122,1539,363,245,544,204,51,23,7,112,1542,259,243,651,303,103,14,10,90,1674,286,268,661,334,101,22,13,125,1808,288,232,676,339,129,27,13,125,1827,265,231,699,398,115,27,19,155,1918,214,168,643,375,109,38,16,134,1698,154,149,550,344,144,36,18,112,1515,108,101,400,295,120,42,26,78,1165,75,53,230,203,122,47,29,89,851,57,55,163,151,110,56,27,76,695,77,103,219,199,117,42,42,105,892,5768,2464,5911,3282,1250,381,229,1728,21010
SED30027,1163,35,7,0,0,0,0,209,1410,678,161,86,14,4,0,0,131,1078,551,231,249,91,28,9,3,147,1309,299,218,433,241,72,25,15,132,1433,180,132,441,290,121,43,35,127,1365,171,162,507,314,158,41,40,139,1531,178,165,499,339,154,58,47,168,1598,214,155,492,357,155,84,43,177,1676,208,141,444,402,203,60,29,150,1638,167,139,426,395,162,56,40,134,1515,119,123,424,334,183,70,34,152,1437,88,79,265,281,137,67,38,130,1079,48,47,150,174,119,62,51,100,747,37,32,81,108,79,58,49,79,521,35,32,98,90,65,38,53,92,512,4126,1851,4603,3430,1638,663,475,2063,18848
SED30028,1411,7,0,0,0,0,0,105,1522,1287,61,16,3,0,0,0,88,1467,967,223,114,29,9,0,0,70,1417,628,373,400,128,19,6,3,72,1633,312,327,684,253,63,12,8,48,1709,297,276,800,354,93,20,10,80,1928,224,264,742,349,105,18,8,50,1765,208,194,672,380,92,22,10,60,1642,159,164,577,307,109,24,14,47,1399,128,101,427,288,102,16,12,47,1115,118,111,414,290,109,37,12,50,1140,73,66,293,198,88,33,13,29,796,46,39,185,140,91,31,19,37,593,53,28,83,89,74,23,33,42,421,55,66,127,128,74,36,30,58,588,5970,2310,5533,2936,1019,281,188,893,19132
SED30029,1339,8,0,0,0,0,0,131,1481,946,61,26,4,0,0,0,70,1117,707,181,107,22,11,0,3,53,1088,479,315,362,136,28,9,3,54,1384,290,271,669,277,78,18,4,49,1647,296,262,818,417,98,26,12,62,1996,285,243,828,372,125,27,21,76,1983,198,189,681,337,97,36,13,61,1626,161,156,531,353,119,41,11,60,1429,125,128,503,321,133,20,21,48,1295,113,108,476,339,131,33,23,56,1272,66,51,317,217,102,37,19,41,848,42,30,136,126,59,36,8,46,473,32,22,78,78,36,21,18,22,313,22,39,95,80,47,35,29,79,427,5112,2070,5632,3079,1074,325,193,898,18380
SED30030,1694,15,3,0,0,0,0,175,1895,1386,179,59,4,0,0,0,145,1771,988,371,259,74,21,9,0,136,1859,574,506,654,227,65,27,11,131,2201,337,364,828,343,140,36,17,114,2177,290,356,916,447,135,42,30,118,2330,279,335,863,444,173,38,23,121,2271,221,281,731,388,161,41,25,120,1957,186,212,655,396,157,47,35,100,1786,147,178,552,329,138,38,20,91,1490,111,147,512,329,121,38,16,75,1344,66,69,346,257,97,29,23,83,966,45,63,204,178,112,33,20,65,721,36,36,110,103,48,30,22,59,442,42,59,114,99,48,24,31,115,533,6395,3179,6792,3629,1414,429,278,1655,23762
SED30031,1346,51,3,0,0,0,0,209,1616,1127,229,116,25,3,0,0,166,1670,875,422,412,155,37,9,0,172,2082,482,424,649,285,91,33,12,159,2124,217,250,646,404,142,32,36,146,1873,216,229,789,498,169,58,45,145,2145,174,209,738,467,176,58,42,122,1976,164,196,673,429,169,63,18,149,1866,100,166,545,415,158,45,33,117,1585,71,95,404,309,143,50,21,91,1176,50,68,321,234,122,42,25,76,945,37,40,165,198,102,39,26,64,666,25,25,102,126,75,33,41,37,467,10,16,57,58,55,32,44,39,309,13,24,62,69,38,19,42,24,305,4912,2438,5690,3668,1479,510,377,1712,20785
SED30032,1487,18,0,0,0,0,0,163,1663,993,150,88,19,3,0,0,151,1403,650,284,228,95,31,9,3,85,1390,377,254,409,226,67,26,7,105,1465,247,204,550,295,113,45,21,100,1579,276,240,659,384,150,29,28,123,1884,289,262,695,432,182,57,24,122,2074,272,236,718,457,194,55,22,138,2092,244,227,669,442,187,50,21,141,1987,226,177,676,440,213,47,38,148,1969,183,159,634,505,212,58,23,115,1890,110,96,414,376,156,58,33,96,1336,67,60,200,178,136,74,36,72,811,21,36,106,110,80,32,27,47,460,33,22,103,92,75,28,42,67,456,5475,2429,6163,4040,1792,577,317,1669,22459
SED30033,1103,10,0,0,5,0,0,112,1224,1588,52,18,4,0,0,0,174,1827,1706,243,81,20,7,0,0,172,2227,1181,528,338,74,9,6,4,150,2293,592,354,560,210,43,11,7,99,1882,393,297,683,306,68,26,6,93,1868,356,245,620,292,75,20,19,86,1708,321,204,485,256,76,24,14,85,1466,265,167,409,234,89,22,15,72,1273,199,113,351,204,77,28,9,45,1026,145,113,301,202,72,18,9,63,913,88,72,189,142,57,21,18,47,631,77,36,136,130,72,34,31,52,570,50,28,104,120,82,45,35,41,504,76,63,162,130,85,40,67,103,728,8127,2512,4427,2332,824,294,225,1389,20138
SED30034,877,20,4,0,0,0,0,196,1099,799,166,92,27,3,0,0,152,1235,626,267,266,114,31,9,5,158,1482,373,258,500,282,97,24,15,194,1747,190,135,424,301,121,40,22,139,1366,134,139,410,327,138,34,48,152,1386,146,103,421,330,132,52,42,142,1372,105,133,414,336,172,54,44,150,1407,89,93,372,327,148,58,27,132,1240,51,67,277,222,119,51,28,102,914,38,33,179,208,98,44,28,81,705,29,23,128,125,84,29,32,51,504,21,5,62,69,63,35,33,47,338,7,8,46,50,40,22,34,26,242,14,11,24,43,41,28,26,29,210,3501,1452,3602,2757,1290,487,389,1759,15241
SED30035,1138,12,3,0,0,3,0,181,1333,687,173,76,19,0,0,0,79,1035,439,223,217,91,21,8,0,78,1075,266,214,358,194,77,25,14,87,1236,174,187,421,256,131,44,28,71,1315,181,183,495,302,123,56,27,108,1481,248,209,589,345,150,52,47,136,1772,256,211,664,364,186,54,44,154,1936,226,201,640,486,206,57,33,148,2000,216,184,634,437,213,56,42,159,1940,183,136,612,491,212,56,34,153,1864,97,122,425,373,210,66,54,145,1486,60,56,190,230,135,76,47,105,895,46,34,98,125,106,52,67,100,626,39,40,94,88,77,59,56,148,606,4262,2184,5509,3794,1846,675,502,1844,20607
SED30036,1216,33,3,0,0,0,0,166,1429,751,171,90,24,0,0,0,120,1147,523,220,240,94,19,10,4,111,1218,295,234,328,182,67,22,17,70,1213,193,195,447,279,111,56,25,98,1404,202,198,492,311,130,45,46,103,1528,219,225,603,320,140,52,45,129,1738,224,226,583,351,175,58,40,120,1780,254,209,664,459,186,67,30,156,2021,245,235,749,450,192,62,26,155,2106,270,259,862,550,223,64,32,188,2445,190,157,688,471,215,69,31,174,1993,120,109,393,356,240,85,63,126,1490,79,56,214,208,167,71,56,92,940,60,78,208,180,102,53,74,139,893,4839,2616,6559,4221,1969,710,479,1957,23350
SED30037,1182,19,4,0,0,0,0,182,1392,974,206,104,21,5,0,3,132,1443,774,405,290,113,32,7,3,127,1760,403,365,526,258,79,29,6,129,1789,218,247,544,313,110,29,21,94,1575,201,219,601,321,133,53,40,145,1705,201,183,550,375,135,51,38,138,1662,189,176,630,392,169,39,35,141,1757,184,173,612,421,184,40,31,157,1802,161,134,552,427,177,36,29,106,1615,94,131,441,367,154,59,34,120,1414,70,66,280,244,140,49,39,112,1009,45,32,164,170,118,55,44,77,704,26,19,94,106,86,53,29,53,466,32,36,97,98,77,44,48,64,489,4759,2403,5469,3631,1602,542,396,1767,20574
SED30038,1691,37,8,0,0,0,0,274,2013,1492,206,84,33,9,0,0,301,2125,1018,415,315,117,42,14,8,291,2222,555,492,504,233,112,36,26,277,2231,328,341,583,279,108,64,40,212,1958,305,283,588,330,150,74,87,183,2005,281,247,587,360,174,52,93,169,1956,224,233,582,353,166,77,91,150,1871,148,184,439,354,187,80,49,138,1587,125,136,416,275,157,57,59,103,1311,92,93,282,246,133,63,47,94,1056,46,57,208,164,109,48,49,97,781,38,32,119,116,79,66,74,62,587,23,22,66,68,56,34,60,61,391,8,22,42,58,45,29,63,91,352,6373,2789,4819,2986,1525,691,745,2501,22436
SED30039,2346,3,0,0,0,0,0,163,2511,3843,15,11,0,0,0,0,356,4230,1764,153,51,9,0,0,0,176,2150,853,342,292,63,10,3,3,130,1695,430,318,528,181,33,0,0,75,1560,309,241,613,315,51,11,7,63,1603,219,211,618,256,76,11,10,64,1459,195,166,529,286,72,11,8,69,1332,168,143,435,277,81,15,10,47,1185,152,121,390,249,77,21,9,50,1067,141,96,394,230,93,16,9,61,1043,92,77,239,201,63,20,7,32,723,66,38,116,124,76,20,14,28,491,35,24,72,95,65,31,19,29,360,35,36,94,126,82,28,33,69,507,10643,1978,4372,2416,783,181,132,1413,21915
SED30040,1476,47,3,0,0,0,0,179,1711,1246,237,135,26,4,0,0,168,1811,877,395,360,132,49,12,11,160,2000,504,368,529,258,100,23,21,117,1912,310,285,470,283,134,49,43,90,1663,255,230,546,321,130,48,51,119,1707,280,219,527,329,131,65,56,105,1711,229,168,523,368,156,55,37,107,1640,168,159,500,386,162,45,49,85,1547,149,110,447,318,148,51,52,97,1376,97,92,368,278,166,51,38,70,1161,70,49,295,226,105,52,42,70,907,51,40,164,192,121,57,67,47,746,42,40,121,122,104,44,58,40,573,47,49,129,125,105,53,69,69,648,5800,2480,5114,3361,1621,618,584,1525,21115
SED30041,1580,33,8,0,0,0,0,205,1827,1198,252,143,37,10,3,3,156,1809,714,348,323,139,50,16,4,129,1728,449,296,580,255,112,35,32,150,1909,238,222,543,329,136,51,38,115,1665,252,223,602,394,150,67,70,97,1852,256,242,659,364,180,61,55,147,1957,206,223,619,433,203,70,54,134,1943,170,164,550,446,189,53,48,129,1745,121,131,473,352,173,49,43,104,1456,78,107,428,309,169,57,41,114,1304,71,75,298,222,145,56,45,71,991,41,43,146,170,138,59,70,73,738,24,31,86,101,88,27,52,54,463,27,37,94,96,63,38,54,49,458,5431,2427,5540,3643,1803,646,617,1734,21840
SED30042,1510,20,7,0,0,0,0,151,1693,1340,216,103,27,4,0,0,130,1828,895,387,332,132,31,9,3,134,1926,507,420,583,272,94,25,13,121,2034,310,302,698,316,114,44,24,101,1911,262,264,737,353,139,58,32,91,1939,242,242,669,393,131,46,30,85,1840,178,191,643,398,149,51,29,93,1725,145,152,609,395,157,40,26,87,1602,102,110,515,350,144,36,21,74,1350,90,112,445,317,153,48,31,75,1266,71,61,258,235,121,32,32,59,868,36,26,108,149,82,41,36,30,512,30,31,90,96,61,20,20,51,399,26,24,102,79,50,35,46,115,480,5735,2570,5898,3504,1424,491,343,1396,21363
SED30043,1677,15,0,0,0,0,0,164,1863,1314,106,41,6,0,0,0,126,1605,858,229,204,49,15,0,0,90,1444,446,338,494,197,57,16,9,77,1635,194,239,644,288,100,22,11,74,1573,216,227,827,409,131,42,12,87,1958,190,216,805,404,123,33,18,95,1881,193,215,668,385,138,27,21,79,1719,178,163,624,377,136,38,24,77,1615,149,173,533,348,123,29,12,67,1431,130,154,616,381,147,42,18,84,1572,133,120,494,402,164,60,26,79,1475,108,80,332,316,185,49,41,65,1178,68,59,240,241,155,59,44,80,937,74,91,218,242,133,77,58,124,1014,5935,2419,6734,4046,1604,498,290,1364,22892
SED30044,1545,28,9,0,0,0,0,198,1775,1085,172,98,21,5,0,3,124,1510,695,321,272,116,33,4,0,109,1556,383,289,525,248,76,20,11,112,1670,255,216,592,344,114,52,15,116,1699,200,230,604,406,137,48,36,129,1789,161,225,663,429,171,63,43,124,1866,203,196,729,461,187,48,31,144,2001,193,146,641,506,201,62,37,130,1915,160,159,569,454,174,52,32,123,1726,117,102,486,363,167,54,28,122,1435,82,86,286,283,157,61,36,108,1096,57,43,194,212,115,53,51,66,792,33,34,100,103,95,39,57,65,525,24,40,89,97,81,43,45,106,529,5181,2296,5854,4043,1711,594,430,1787,21887
SED30045,1702,33,8,0,0,0,0,244,1985,1362,175,87,17,6,0,3,176,1826,804,311,259,101,30,6,4,155,1659,418,286,470,243,101,31,22,96,1672,227,215,617,340,163,57,36,111,1764,196,247,655,402,208,62,47,150,1970,261,231,663,438,175,69,58,160,2052,243,207,623,460,180,75,58,162,1997,159,161,500,442,180,68,38,128,1663,145,123,476,384,189,78,35,139,1567,88,105,465,375,201,77,31,112,1457,72,57,253,247,161,59,56,91,996,55,26,134,150,96,56,41,73,633,26,28,70,73,58,37,43,47,378,29,33,83,74,45,22,38,98,413,5793,2230,5352,3748,1788,688,495,1940,22037
SED30046,1607,25,4,0,0,0,0,219,1855,1217,192,80,16,4,0,0,129,1638,670,298,254,114,41,11,7,110,1502,370,317,473,239,108,31,20,103,1665,218,250,535,321,145,49,45,99,1661,213,234,633,393,151,61,54,114,1861,198,250,700,382,162,55,48,107,1910,170,192,654,390,174,67,48,107,1809,133,144,599,430,201,63,50,93,1722,97,119,521,339,136,45,27,78,1359,68,99,409,260,136,40,26,72,1113,36,54,244,196,100,34,35,66,759,21,33,121,101,71,33,36,36,449,20,27,66,70,53,24,30,23,309,14,26,45,44,35,18,21,16,225,5053,2275,5344,3272,1529,525,456,1377,19837
SED30047,1368,12,3,0,0,0,0,152,1530,1051,104,31,8,3,0,0,97,1295,781,239,156,48,14,4,3,102,1343,556,403,439,119,40,16,10,73,1639,371,391,654,250,71,10,7,75,1840,354,317,769,342,116,29,16,75,2022,321,333,722,325,110,31,11,97,1950,329,262,643,298,114,31,23,95,1796,228,211,598,331,129,29,24,74,1620,173,158,482,303,119,40,19,69,1366,129,116,444,303,113,36,33,71,1248,103,90,314,269,116,39,13,69,1007,67,55,174,190,115,56,35,64,747,53,43,125,131,91,66,53,61,620,63,61,164,156,127,61,68,114,812,5938,2771,5711,3080,1275,443,323,1283,20827
SED30048,1099,23,3,0,0,0,0,106,1236,986,147,75,17,3,0,0,119,1345,770,281,241,74,18,6,0,141,1532,439,312,432,178,45,16,5,110,1550,220,195,427,237,78,18,19,92,1302,196,208,457,286,113,48,35,89,1432,184,197,520,295,106,33,20,111,1478,179,168,524,334,135,59,34,117,1551,156,126,469,362,158,51,21,113,1455,94,103,409,279,138,57,32,87,1209,81,70,290,256,121,58,31,93,1009,55,50,222,182,109,48,48,78,784,57,35,125,133,114,62,47,61,631,43,24,85,124,89,59,61,62,547,46,45,103,110,104,56,79,81,631,4590,1988,4390,2895,1342,569,446,1453,17678
SED30049,1571,10,0,0,0,0,0,138,1716,1736,53,16,7,3,0,0,171,1987,1183,204,93,29,3,0,0,113,1617,676,416,383,88,32,3,3,105,1708,322,294,587,225,68,10,4,82,1601,254,238,761,317,103,24,14,65,1774,220,248,703,337,95,20,15,54,1684,204,194,610,340,89,22,18,78,1558,171,176,465,270,108,19,12,64,1282,136,125,406,279,103,27,14,55,1138,94,113,381,281,99,34,18,51,1067,98,67,301,219,111,34,16,51,897,58,53,195,203,89,40,25,54,722,39,24,119,114,78,48,36,35,504,54,58,151,145,77,35,44,49,611,6814,2287,5151,2860,1052,320,213,1186,19870
SED30050,1148,3,0,0,0,0,0,155,1306,1407,106,29,3,3,0,4,198,1745,1285,240,130,27,4,0,0,159,1852,726,382,378,86,28,0,3,152,1756,378,292,527,186,53,13,3,108,1559,336,265,641,256,79,15,9,118,1716,382,271,686,306,99,22,10,123,1898,341,271,724,413,139,36,8,142,2080,306,208,733,451,152,39,22,178,2076,256,186,762,412,166,41,20,139,1987,184,138,627,417,142,39,20,140,1697,109,114,443,344,125,48,20,113,1325,75,74,286,252,147,55,35,106,1018,46,51,158,180,125,51,43,131,786,52,62,179,192,105,57,43,184,872,7022,2665,6295,3513,1370,426,241,2143,23679
SED30051,1149,36,7,0,0,0,0,164,1362,594,170,84,31,6,0,0,85,970,343,207,211,108,42,10,3,74,999,230,169,300,219,78,30,20,107,1151,184,160,355,235,119,40,35,83,1220,209,179,503,308,142,63,35,129,1575,188,221,549,328,157,57,40,127,1672,262,195,583,402,197,57,33,145,1879,266,195,640,464,211,82,49,166,2060,226,184,724,551,216,68,47,164,2176,202,173,710,520,239,87,41,200,2176,119,128,445,408,187,99,57,158,1602,65,75,232,227,166,78,67,107,1008,50,38,103,133,110,58,58,79,631,39,52,138,98,92,71,79,66,630,4125,2187,5596,4034,1957,798,549,1856,21100
SED30052,1539,6,0,0,0,0,0,170,1716,1916,63,19,3,0,0,0,232,2233,1542,228,112,19,0,0,0,184,2082,884,413,338,96,19,4,3,152,1911,450,343,563,195,49,12,8,110,1733,294,339,723,304,72,9,9,101,1849,298,337,768,331,79,21,11,124,1971,255,294,663,318,107,19,12,102,1771,249,242,659,372,103,26,14,126,1799,176,203,604,338,105,33,11,113,1586,167,165,653,352,118,22,9,97,1585,146,129,435,292,97,24,5,84,1210,84,89,278,203,90,34,21,79,868,49,79,164,149,58,29,13,96,638,69,72,164,133,81,39,26,215,793,8118,3010,6146,3095,977,279,151,1979,23754
SED30053,1297,13,3,3,0,0,0,219,1535,941,185,78,18,6,0,0,190,1416,605,268,318,110,35,7,0,172,1530,360,326,539,296,95,28,12,175,1839,209,189,544,353,118,29,21,134,1592,204,179,587,396,162,48,30,153,1760,163,158,631,381,195,53,41,163,1778,175,162,597,453,209,73,46,163,1878,151,132,529,512,224,69,44,155,1806,96,109,452,380,198,58,31,131,1457,76,74,331,317,177,85,40,89,1187,54,48,216,217,101,59,31,94,824,42,33,102,126,72,56,46,56,529,21,19,43,79,45,30,41,38,310,25,9,33,33,44,24,36,43,255,4411,1903,5021,3655,1685,625,432,1968,19693
SED30054,1647,6,0,0,0,0,0,131,1781,1206,22,15,3,0,0,0,74,1320,610,115,62,18,0,0,0,38,843,423,282,319,109,12,3,0,47,1188,242,241,634,267,62,18,3,59,1527,216,255,919,421,95,23,12,85,2017,218,265,926,425,112,39,9,57,2048,177,192,785,449,107,31,12,64,1819,174,168,663,372,109,39,12,71,1599,132,170,555,334,109,18,8,41,1371,112,142,464,339,112,30,9,49,1256,76,82,345,280,73,28,17,55,948,49,36,205,194,91,47,15,41,676,43,36,105,91,68,25,19,50,432,33,34,118,97,78,26,21,180,587,5363,2046,6116,3399,1022,316,135,1034,19420
SED30055,1854,43,3,4,0,0,0,182,2085,1363,277,137,27,3,0,0,168,1971,744,341,402,170,30,15,3,110,1826,431,362,520,320,92,40,20,125,1909,257,261,640,416,160,59,48,86,1923,198,261,739,440,177,70,45,99,2017,205,240,799,484,216,66,56,96,2157,162,189,668,447,177,62,38,79,1814,137,155,594,401,198,64,39,75,1662,101,138,510,341,199,53,31,102,1474,84,103,458,327,142,46,32,75,1266,55,66,253,234,104,43,20,52,828,32,33,113,123,72,50,36,43,504,20,18,58,80,46,27,34,41,321,15,18,57,58,37,34,34,42,301,5647,2497,5947,3864,1657,628,437,1375,22054
SED30056,1310,3,0,0,0,0,0,150,1467,3023,19,5,0,0,0,0,315,3368,2423,117,38,8,0,0,0,275,2862,1332,347,199,32,5,0,0,137,2049,699,308,425,152,21,5,3,121,1730,430,254,523,232,57,12,0,86,1599,365,205,498,223,59,13,8,86,1452,253,145,468,222,58,5,3,76,1236,233,141,384,200,56,15,4,76,1120,168,130,326,161,70,5,18,62,943,140,91,267,158,66,14,6,61,813,104,62,158,134,43,16,9,41,567,54,30,102,68,40,25,12,30,356,38,27,47,55,50,18,13,28,276,45,25,79,74,53,21,26,53,376,10622,1896,3527,1733,576,157,98,1602,20213
SED30057,643,57,6,4,0,0,0,182,891,717,174,78,20,4,0,0,165,1167,628,233,201,100,46,19,3,187,1420,342,260,311,174,82,29,14,159,1372,162,139,266,202,96,33,29,119,1054,117,124,260,201,100,49,56,109,1016,121,107,287,198,122,49,44,131,1050,125,77,259,249,125,59,37,144,1072,60,69,239,193,119,51,39,111,884,53,56,158,174,77,28,28,90,657,38,51,109,127,73,25,32,70,529,25,16,76,78,52,32,41,50,372,17,9,36,39,37,18,26,40,212,3,3,18,21,19,17,32,19,138,6,3,17,17,16,15,15,21,107,3062,1372,2319,1801,962,423,402,1594,11925
SED30058,1378,4,0,0,0,0,0,98,1479,1206,42,11,3,0,0,0,99,1360,978,192,103,29,4,0,0,91,1405,640,409,393,125,24,7,5,79,1688,322,309,694,265,62,15,5,58,1732,260,245,738,316,87,20,19,68,1753,246,263,753,322,97,21,12,74,1791,233,252,612,283,93,19,15,68,1578,179,179,614,336,110,32,11,58,1516,141,167,510,280,88,33,7,49,1280,100,113,524,281,105,31,13,63,1222,60,73,293,188,95,14,7,58,790,42,38,143,130,84,29,23,53,547,20,35,101,83,61,43,18,67,425,27,42,114,92,57,34,38,254,657,5829,2369,5613,2727,963,295,189,1237,19220
SED30059,1601,7,6,0,0,0,0,181,1801,1216,108,23,5,0,0,3,126,1483,909,250,170,36,9,3,0,130,1503,546,420,493,163,36,12,8,165,1835,288,382,733,291,87,11,3,139,1947,263,379,981,413,139,30,17,140,2363,260,350,929,410,138,29,21,129,2265,246,322,772,407,143,42,11,120,2065,223,257,725,398,131,46,18,118,1910,186,200,591,349,138,36,14,135,1644,135,183,610,371,115,31,17,108,1574,105,111,408,228,117,30,13,94,1111,68,66,244,177,106,30,7,99,803,25,42,139,98,56,25,23,93,503,35,68,139,93,53,46,12,284,729,6109,3134,6964,3454,1257,380,172,2063,23541
SED30060,1454,44,5,0,0,0,0,270,1772,983,240,120,23,12,0,0,162,1539,724,337,302,129,62,19,8,159,1743,418,332,462,192,99,41,45,164,1765,286,211,536,322,145,66,80,144,1803,269,222,580,342,169,86,95,135,1894,249,200,586,361,150,69,96,139,1864,216,171,559,337,144,66,82,141,1714,183,140,482,348,167,46,48,153,1568,138,129,437,316,138,41,46,126,1375,86,87,361,273,130,43,47,92,1119,57,46,227,181,114,51,42,100,815,33,31,118,146,90,42,49,73,582,19,17,75,81,56,32,48,37,369,24,25,85,111,71,46,47,34,460,5147,2241,4932,3159,1561,645,746,1941,20368
SED30061,1723,24,3,0,0,0,0,152,1908,1770,118,46,10,0,0,0,161,2104,847,247,171,71,26,10,0,110,1483,480,244,328,181,64,17,14,100,1431,246,213,441,234,95,33,39,72,1369,189,211,526,316,122,42,34,86,1519,186,213,490,329,116,43,41,95,1513,169,179,487,306,117,40,28,74,1413,124,142,479,324,123,39,27,66,1322,104,108,399,278,119,44,20,81,1139,96,94,332,234,98,47,23,73,999,78,62,269,221,101,37,29,62,842,53,32,155,184,117,57,52,61,703,23,33,91,135,73,56,39,59,507,34,37,97,116,91,35,48,87,539,6115,1954,4310,2933,1259,492,396,1341,18800
SED30062,2099,51,0,0,0,0,0,223,2377,1716,324,159,35,11,0,0,205,2446,1170,573,468,159,44,17,7,173,2611,694,678,856,357,128,39,17,177,2944,396,473,985,481,174,51,48,158,2761,351,383,1034,590,216,72,54,152,2851,241,338,913,532,207,93,54,139,2506,209,280,745,454,197,75,49,144,2152,162,209,643,374,166,66,43,108,1769,117,149,575,422,179,57,32,106,1630,125,149,544,428,176,52,30,99,1601,116,102,448,293,132,55,35,77,1268,70,54,227,248,146,62,48,91,955,49,41,143,161,101,47,47,102,690,49,70,153,148,110,60,56,187,836,7568,3881,7885,4692,1977,743,515,2139,29396
SED30063,1107,20,4,0,0,0,0,177,1314,687,159,96,34,8,7,0,104,1095,430,206,252,122,41,11,8,97,1159,240,200,368,247,98,27,20,82,1283,203,139,388,290,131,51,42,86,1323,185,165,468,339,158,59,41,122,1540,209,166,478,379,174,67,43,110,1625,184,134,585,402,185,75,47,116,1730,242,169,580,473,222,56,46,153,1934,209,163,551,489,236,82,50,136,1913,149,156,564,468,272,99,48,148,1901,101,106,371,353,204,85,64,104,1389,62,40,181,207,154,80,57,94,871,34,33,84,101,98,65,66,54,534,36,28,90,95,77,48,66,90,523,4090,1876,5059,3992,2053,800,594,1668,20136
SED30064,1326,17,3,0,0,0,0,138,1487,888,122,55,11,3,0,0,114,1190,626,287,198,65,16,3,0,102,1297,398,314,455,186,54,21,9,87,1530,261,249,559,276,107,30,12,106,1610,266,235,648,346,123,49,30,97,1796,295,257,686,339,154,45,34,119,1930,294,234,678,394,161,45,29,117,1948,244,206,622,414,173,40,33,117,1853,192,169,590,443,189,50,28,111,1770,172,153,592,367,174,39,13,119,1633,111,101,440,346,156,47,24,89,1313,91,58,204,254,132,59,30,58,890,50,39,110,150,126,55,51,51,621,62,67,156,163,126,65,67,95,800,5270,2511,5998,3765,1688,549,359,1521,21666
SED30065,1242,8,0,0,0,0,0,170,1411,714,40,17,7,0,0,3,78,859,558,143,71,36,4,0,0,60,872,351,253,306,103,20,6,4,73,1115,270,233,548,228,62,24,7,90,1459,247,273,780,371,87,29,15,116,1916,341,301,776,393,135,19,15,131,2117,405,295,785,406,111,41,17,134,2198,375,305,722,415,122,30,16,126,2112,317,255,779,406,139,26,14,132,2075,305,261,821,454,102,31,12,131,2119,210,126,609,366,139,35,13,110,1612,111,77,331,242,107,50,21,89,1027,65,66,169,169,84,29,32,69,683,51,56,190,143,94,38,43,181,799,5558,2695,6910,3737,1217,356,211,1681,22367
SED30066,1201,16,3,0,0,0,0,121,1335,1640,132,39,12,8,0,0,189,2020,1781,411,153,27,16,3,0,204,2595,1204,655,471,104,33,10,3,153,2632,599,453,630,216,59,24,13,122,2114,466,347,675,278,81,19,24,102,2000,387,303,564,254,102,33,26,96,1762,320,224,532,284,108,31,16,86,1594,300,205,489,274,124,31,27,93,1552,237,163,414,281,122,43,16,80,1359,176,106,369,257,113,38,25,71,1151,93,81,247,200,101,43,25,58,844,86,43,177,167,101,49,49,64,736,65,48,104,131,94,50,56,63,603,80,45,117,120,114,50,55,229,805,8627,3216,4981,2613,1176,421,322,1739,23099
SED30067,1589,25,0,0,0,0,0,124,1736,1367,199,61,6,3,0,0,100,1739,933,342,298,95,21,3,3,104,1799,576,446,601,239,62,18,10,88,2044,361,312,701,364,101,40,21,77,1975,315,261,754,391,132,47,22,90,2009,228,229,806,419,150,41,40,90,1996,235,221,616,411,140,28,33,75,1759,184,123,647,403,154,55,28,80,1673,115,131,492,373,159,51,29,79,1417,84,93,511,346,140,41,17,75,1312,68,70,251,215,119,29,22,35,806,27,38,133,117,87,39,27,50,511,17,23,53,57,47,27,30,53,301,16,18,50,77,58,18,15,107,362,6095,2529,5973,3516,1379,432,283,1223,21431
SED30068,1239,34,5,3,0,0,0,162,1442,885,182,105,20,3,0,3,107,1295,588,241,227,88,35,12,0,118,1311,329,238,389,224,83,23,21,105,1398,206,216,400,248,105,52,28,90,1348,192,218,500,309,154,53,43,100,1558,221,226,549,320,150,37,44,111,1658,231,210,515,351,187,65,41,115,1730,226,192,684,459,188,50,23,121,1955,268,208,698,547,203,73,37,161,2197,228,210,830,585,233,66,39,186,2380,168,181,698,519,255,101,58,160,2130,111,85,359,342,231,85,68,136,1423,68,50,205,198,134,73,67,154,943,57,57,176,168,101,63,64,406,1097,5016,2549,6346,4371,2059,766,523,2230,23868
SED30069,1090,20,3,0,0,0,0,152,1271,852,132,44,12,0,0,0,62,1104,626,224,156,53,14,10,5,106,1199,442,280,308,138,47,11,3,76,1301,341,247,459,203,73,21,8,100,1466,333,287,545,300,126,50,23,115,1769,347,296,587,298,105,37,31,104,1813,340,252,628,362,138,56,23,107,1918,250,228,655,405,161,54,32,122,1907,215,192,657,417,204,46,23,131,1883,210,189,688,467,184,61,31,161,1987,126,109,453,324,168,61,47,118,1406,107,73,269,255,174,76,39,120,1110,77,57,175,162,116,63,79,108,828,99,75,153,172,104,65,73,224,971,5454,2662,5766,3578,1615,618,421,1814,21932
SED30070,1461,14,0,0,0,0,0,129,1607,1051,102,43,6,3,0,0,75,1284,629,237,199,56,15,13,0,63,1209,321,331,474,171,57,18,10,80,1460,199,228,585,272,120,23,16,76,1524,189,239,756,393,125,31,18,85,1830,213,251,822,428,130,42,27,90,2002,206,203,770,400,132,46,23,86,1863,188,181,688,430,159,39,24,81,1788,185,186,620,423,150,40,25,80,1717,177,143,622,426,175,47,27,115,1734,112,126,450,337,138,42,27,85,1305,62,56,250,233,133,41,32,62,878,35,43,146,144,107,60,40,64,643,55,58,149,142,91,39,38,148,709,5078,2387,6584,3862,1539,479,291,1320,21538
SED30071,1539,40,6,3,3,0,0,215,1815,1201,247,130,41,3,0,0,186,1808,865,341,335,134,38,12,3,128,1876,418,331,515,227,66,30,15,116,1720,251,200,428,260,111,49,31,103,1437,195,179,471,282,134,50,46,96,1451,183,191,534,321,150,64,49,112,1616,160,160,492,342,168,63,51,118,1558,145,152,472,354,170,60,39,133,1516,120,113,382,268,134,55,33,86,1191,102,92,310,263,150,33,33,96,1084,67,60,228,223,144,51,38,99,903,71,37,188,168,145,84,73,110,871,58,31,123,123,140,61,72,107,713,87,47,117,116,88,65,75,250,837,5462,2225,4735,3127,1653,678,556,1960,20385
SED30072,1230,14,0,0,0,0,0,130,1373,1128,105,31,6,0,0,0,111,1387,955,301,145,34,17,0,0,90,1542,668,492,507,122,22,5,0,91,1907,426,373,658,249,61,13,19,87,1889,394,328,728,340,88,26,25,97,2028,325,294,671,335,98,30,24,103,1876,316,259,626,333,109,27,20,100,1786,239,187,594,341,105,27,17,55,1571,179,137,478,337,127,41,23,68,1388,128,108,442,321,143,46,25,80,1303,105,85,316,257,111,41,34,52,995,53,55,189,205,119,64,30,82,798,47,45,147,132,95,47,38,71,627,60,87,163,138,89,55,62,105,756,6255,2874,5703,3151,1188,423,324,1302,21224
SED30073,1285,8,0,0,0,0,0,171,1460,3140,45,14,4,0,0,0,395,3599,3362,175,62,5,0,3,0,444,4052,2203,447,175,34,7,3,0,312,3183,1025,369,390,107,17,3,7,212,2128,612,336,469,194,41,13,9,147,1821,446,272,452,232,43,15,8,156,1619,365,234,460,214,36,18,7,135,1469,309,180,387,209,79,16,8,130,1309,210,143,361,196,79,24,14,111,1140,128,108,277,190,76,17,19,68,869,96,60,182,132,60,19,15,57,631,56,24,113,88,61,22,13,45,425,36,17,83,66,45,22,25,46,337,50,45,122,60,42,23,29,103,472,13325,2472,3535,1734,594,191,151,2525,24515
SED30074,1142,52,3,3,0,0,0,180,1377,760,176,85,27,6,0,0,94,1149,499,219,201,107,44,12,5,98,1177,294,209,367,211,89,28,17,82,1294,154,156,406,273,142,40,33,95,1297,147,177,485,319,172,59,43,104,1508,168,151,501,384,166,52,44,126,1595,214,145,535,394,198,57,51,108,1693,193,150,582,454,214,65,36,144,1835,161,159,493,446,210,82,44,158,1746,154,123,520,389,241,68,54,145,1696,117,85,331,350,204,80,54,154,1376,70,58,201,250,171,83,75,113,1021,50,29,96,139,114,64,74,100,661,53,50,118,127,103,70,74,147,748,4165,1927,4943,3866,2068,751,617,1837,20170
SED30075,1748,20,0,0,3,0,3,245,2020,2490,131,40,10,0,0,0,336,3010,1635,325,176,40,12,3,0,255,2437,865,488,373,134,33,13,3,175,2078,496,404,530,206,63,11,23,155,1887,349,369,640,272,111,31,24,160,1941,338,360,701,286,104,35,24,169,2006,318,295,694,333,123,35,16,158,1968,252,260,602,362,133,49,21,150,1826,196,222,567,283,117,28,18,124,1557,193,209,551,332,123,34,30,124,1607,144,139,397,297,115,45,18,117,1276,88,98,254,252,115,62,39,95,1006,68,53,213,149,94,46,31,85,744,111,137,236,181,124,60,65,162,1080,9288,3498,5976,3137,1260,457,309,2498,26430
SED30076,1436,7,3,0,0,0,0,133,1577,1191,110,27,10,0,0,0,125,1468,948,279,196,64,18,3,0,100,1604,578,399,533,169,48,17,8,96,1847,362,354,680,276,93,30,22,75,1888,241,235,795,314,116,24,21,80,1831,229,263,684,314,125,27,15,74,1732,168,214,637,323,115,35,25,75,1602,166,184,727,403,139,33,24,86,1766,112,138,615,394,142,48,19,79,1557,93,122,632,354,134,43,17,65,1462,41,72,286,230,108,26,16,37,818,30,37,131,116,72,24,12,29,449,15,17,55,87,43,24,26,14,287,21,24,80,63,58,33,27,18,329,5636,2463,6085,3110,1204,373,241,1100,20208
SED30077,1169,4,4,0,0,0,0,117,1293,1769,56,7,4,0,0,0,159,2003,1666,229,83,26,5,0,5,168,2186,1074,506,318,65,20,4,4,148,2140,552,371,528,202,59,11,8,98,1830,387,277,665,304,71,11,14,86,1814,354,259,617,301,83,14,9,78,1711,339,201,466,257,89,21,11,53,1442,255,172,415,221,81,21,13,70,1254,183,127,302,191,71,22,14,56,958,147,84,263,187,80,34,18,43,866,86,69,231,183,83,28,23,42,743,87,30,146,175,84,42,29,54,643,72,28,120,95,78,48,41,81,555,91,50,127,130,102,55,40,252,841,8222,2466,4286,2345,912,325,229,1502,20289
SED30078,1655,5,0,0,0,0,0,179,1841,1960,115,22,3,0,0,0,185,2292,1860,462,201,43,14,7,0,203,2788,1031,753,655,148,49,13,8,143,2795,459,500,876,315,83,29,27,100,2390,283,345,800,322,116,36,37,101,2043,235,290,754,308,108,44,39,79,1861,187,305,729,309,103,24,31,66,1758,109,296,672,380,95,34,26,79,1689,127,218,569,322,117,34,21,56,1462,91,137,444,274,91,32,23,52,1144,57,59,260,195,92,27,25,31,749,27,39,124,121,63,33,39,24,469,16,28,68,87,61,25,37,26,348,43,34,99,97,58,40,45,63,488,8159,3583,6263,2930,1053,375,360,1401,24114
SED30079,1326,3,0,0,0,0,0,149,1478,2430,119,39,5,6,0,0,291,2888,2013,343,175,39,10,0,6,245,2827,1000,576,476,126,34,17,7,154,2403,455,418,577,184,60,17,35,113,1854,282,336,550,224,64,31,34,101,1617,238,266,510,240,95,31,45,104,1528,190,249,502,269,75,31,26,88,1437,155,241,499,264,106,40,38,85,1437,126,235,451,316,130,39,22,79,1392,110,157,438,305,105,44,27,87,1283,85,95,339,250,104,43,33,69,1006,72,65,205,191,113,44,42,57,789,44,36,153,125,75,43,43,64,585,61,50,152,163,96,62,57,112,760,8585,3184,5067,2707,1081,446,419,1801,23286
SED30080,1252,6,0,0,0,0,3,223,1484,1900,83,15,4,0,0,0,398,2407,1860,235,96,21,3,0,0,421,2636,1084,393,279,69,11,5,3,253,2092,561,348,444,170,44,3,10,244,1828,376,322,598,268,81,14,12,185,1854,385,355,657,297,102,20,10,212,2037,387,315,687,318,88,26,6,267,2093,342,270,653,339,102,16,18,219,1971,269,238,634,328,88,31,23,213,1832,243,205,666,344,112,20,10,210,1806,177,150,543,316,109,40,7,157,1498,125,101,289,230,90,32,26,96,988,58,63,148,124,80,26,21,95,612,61,76,157,112,74,36,21,121,666,9077,3162,5865,2952,990,267,182,3318,25809
SED30081,1686,38,5,3,0,0,0,216,1950,1413,257,139,31,9,0,0,170,2013,889,384,357,134,41,5,3,125,1940,423,406,588,290,122,35,32,133,2016,214,238,638,350,151,57,39,116,1798,209,224,698,399,167,63,53,102,1914,162,228,674,406,173,68,58,115,1886,140,149,593,428,189,52,41,119,1703,131,151,560,362,182,57,27,112,1584,75,111,417,331,144,50,25,88,1242,64,76,398,276,140,34,25,94,1101,52,54,218,170,92,39,23,55,710,37,25,108,129,87,43,35,49,508,17,20,54,64,59,31,21,45,317,16,17,48,60,47,29,30,51,296,5527,2375,5486,3434,1598,568,409,1582,20975
SED30082,1496,26,5,0,0,0,0,203,1735,1252,171,88,28,4,3,0,144,1685,892,283,204,102,31,4,4,130,1648,469,280,368,192,76,22,10,100,1518,278,182,438,286,121,32,23,93,1451,245,170,493,334,147,53,35,108,1594,229,205,597,373,151,61,46,102,1764,211,181,540,397,170,59,33,102,1688,215,152,571,408,192,45,25,137,1745,187,118,477,399,178,54,46,94,1550,150,99,477,359,150,65,38,123,1459,114,79,354,305,175,64,43,108,1242,69,39,191,206,159,57,52,95,870,61,38,108,142,113,64,68,69,670,67,41,105,109,103,61,70,93,654,5944,2068,5012,3648,1768,630,499,1694,21263
SED30083,1443,12,3,0,0,0,0,150,1619,1261,184,74,21,3,0,0,142,1684,942,328,235,104,26,9,3,119,1763,501,364,464,252,73,29,9,115,1797,285,236,479,268,120,31,23,91,1532,233,227,539,323,140,48,56,81,1639,232,194,573,343,122,32,37,107,1648,193,152,506,310,129,45,35,74,1445,187,147,509,391,155,56,22,81,1551,158,142,465,352,159,47,28,109,1450,150,112,487,361,180,39,37,109,1462,103,94,356,319,157,51,38,119,1240,97,49,239,260,166,84,76,132,1108,70,46,141,206,163,77,90,155,954,79,64,177,190,162,90,92,434,1289,5938,2363,5241,3706,1742,635,548,2005,22186
SED30084,1192,40,7,0,0,0,3,207,1445,1465,155,95,35,6,0,0,227,1979,1207,285,174,74,15,13,3,202,1977,787,376,355,125,46,26,18,181,1914,425,293,431,209,77,21,32,167,1655,351,245,540,254,94,38,39,133,1698,345,232,513,317,125,46,37,171,1787,281,211,529,340,127,38,38,155,1713,260,208,516,336,138,48,40,141,1677,169,149,424,299,119,45,33,136,1377,121,113,359,238,114,49,30,123,1150,87,55,205,167,91,37,40,89,761,53,44,114,124,88,51,29,69,569,34,24,67,85,69,33,28,44,391,55,34,92,101,59,32,52,53,475,6828,2466,4403,2701,1165,486,429,2087,20568
SED30085,839,25,4,0,0,0,0,176,1046,718,182,73,20,4,0,0,146,1145,579,216,223,99,37,12,9,152,1317,292,230,358,212,80,25,21,133,1342,169,124,371,264,117,34,35,135,1240,131,113,390,311,133,57,45,140,1326,136,107,427,315,144,44,37,156,1360,122,119,417,308,160,67,40,147,1378,92,101,377,356,158,54,32,160,1330,76,82,332,314,144,48,28,142,1166,71,59,268,234,140,38,42,132,986,46,33,169,176,133,58,50,94,757,33,26,96,145,118,52,59,75,606,26,20,62,69,63,39,46,52,380,26,21,63,78,64,44,62,83,442,3360,1455,3625,2907,1495,582,503,1912,15829
SED30086,1784,40,10,0,0,0,0,262,2091,1574,324,176,37,11,0,11,223,2368,1150,582,484,185,61,21,4,243,2732,620,518,643,284,127,46,38,161,2436,365,339,657,362,163,85,61,154,2186,286,341,607,386,171,98,83,159,2134,266,275,597,394,173,82,65,186,2041,210,216,547,402,209,82,76,146,1885,144,163,542,445,199,95,59,154,1804,118,159,537,342,188,67,54,132,1598,97,120,497,355,193,73,52,137,1515,66,87,291,269,141,66,66,104,1098,47,45,179,206,127,59,69,71,806,37,29,107,131,95,49,54,60,575,44,63,146,158,106,62,59,76,708,6809,3308,6024,3964,1972,877,751,2260,25967
SED30087,1520,28,11,0,0,0,0,232,1783,1280,180,76,29,3,3,3,241,1807,1069,379,302,96,33,10,6,276,2166,575,367,612,285,77,22,10,189,2142,297,286,739,389,123,31,25,160,2043,259,259,822,452,121,57,25,178,2170,274,251,813,444,193,38,28,175,2213,217,224,747,457,181,65,19,163,2073,197,173,644,465,166,62,33,174,1911,146,137,496,411,168,58,24,120,1559,102,91,406,298,149,40,19,114,1219,65,74,237,219,105,47,41,72,848,38,28,120,158,89,44,22,65,576,24,15,64,74,77,41,39,39,368,18,25,64,54,64,23,36,65,354,6064,2519,6153,3833,1539,533,332,2263,23238
SED30088,1813,76,8,0,0,0,0,377,2275,1418,379,210,65,18,3,0,310,2398,963,495,474,251,90,25,17,243,2555,523,446,636,368,191,69,73,213,2522,344,288,589,361,226,111,114,199,2229,266,249,493,358,207,120,142,180,2015,234,226,500,342,226,129,128,180,1963,209,183,444,340,240,101,116,144,1763,149,149,446,334,185,89,103,152,1603,121,115,393,333,160,67,62,131,1381,75,108,394,306,182,70,69,111,1313,55,61,174,191,104,52,60,78,773,46,39,94,91,79,48,50,54,510,17,22,58,62,45,24,47,50,325,9,24,53,37,34,23,36,49,268,6240,2860,4962,3438,1991,911,1011,2479,23892
SED30089,1374,12,0,0,0,0,0,138,1526,2185,52,13,4,0,0,3,204,2461,1798,216,80,20,7,0,0,180,2308,1224,516,337,81,17,6,3,164,2354,666,392,591,211,39,9,6,136,2050,401,300,662,274,64,15,9,92,1829,410,245,622,268,78,30,16,113,1779,334,210,571,223,66,21,13,109,1552,287,190,447,262,82,29,13,82,1392,227,134,321,203,79,27,15,68,1072,142,103,269,205,75,23,10,53,873,98,57,214,155,71,30,22,59,704,52,49,173,118,86,39,25,43,593,48,36,100,137,88,44,28,54,530,66,63,146,147,71,41,45,89,667,9303,2575,4556,2317,832,309,211,1583,21680
SED39494,157,0,0,0,0,0,0,33,203,412,17,15,4,3,0,0,118,576,436,23,21,7,7,0,0,138,627,198,33,32,9,11,0,3,83,374,78,31,45,22,15,3,3,65,261,70,33,35,28,6,5,5,68,256,66,39,59,33,14,9,7,72,298,87,32,104,60,20,12,7,84,393,91,56,166,112,48,12,14,100,592,53,47,207,154,64,14,10,91,639,42,35,175,129,56,16,5,82,539,20,20,60,65,38,14,9,33,254,5,6,29,23,18,3,8,29,118,4,5,3,9,3,0,0,0,34,3,3,0,7,0,0,0,10,18,1728,366,959,652,307,89,77,1006,5179
SED39797,4,0,0,0,0,0,0,0,5,0,3,0,0,0,0,0,0,4,4,0,0,0,0,0,0,0,4,0,0,0,0,0,0,0,0,3,0,0,0,0,0,0,0,0,0,0,0,0,0,0,0,0,0,3,0,0,0,0,0,0,0,0,5,0,0,3,0,0,0,0,0,3,0,0,5,8,0,0,0,3,14,0,0,4,0,0,0,0,0,3,3,0,3,3,4,0,0,4,12,0,0,0,3,0,0,0,0,9,0,3,0,0,0,0,0,0,4,0,0,0,0,0,0,0,0,0,0,0,0,0,0,0,0,0,0,13,11,18,18,5,3,0,9,81
