SED_CODE_2016,Aust_BP_B_OS,Aust_FO_B_OS,Aust_MO_B_OS,Aust_Both_parents_born_Aust,Aust_Birthplace_not_stated,Aust_Tot_Resp,Aust_Abor_BP_B_OS,Aust_Abor_FO_B_OS,Aust_Abor_MO_B_OS,Aust_Abor_BP_B_Aus,Aust_Abor_BP_NS,Aust_Abor_Tot_Resp,Chinese_BP_B_OS,Chinese_FO_B_OS,Chinese_MO_B_OS,Chinese_BP_B_Aus,Chinese_BP_NS,Chinese_Tot_Resp,Croatian_BP_B_OS,Croatian_FO_B_OS,Croatian_MO_B_OS,Croatian_BP_B_Aus,Croatian_BP_NS,Croatian_Tot_Resp,Dutch_BP_B_OS,Dutch_FO_B_OS,Dutch_MO_B_OS,Dutch_BP_B_Aus,Dutch_BP_NS,Dutch_Tot_Resp,English_BP_B_OS,English_FO_B_OS,English_MO_B_OS,English_BP_B_Aus,English_BP_NS,English_Tot_Resp,Filipino_BP_B_OS,Filipino_FO_B_OS,Filipino_MO_B_OS,Filipino_BP_B_Aus,Filipino_BP_NS,Filipino_Tot_Resp,French_BP_B_OS,French_FO_B_OS,French_MO_B_OS,French_BP_B_Aus,French_BP_NS,French_Tot_Resp,German_BP_B_OS,German_FO_B_OS,German_MO_B_OS,German_BP_B_Aus,German_BP_NS,German_Tot_Resp,Greek_BP_B_OS,Greek_FO_B_OS,Greek_MO_B_OS,Greek_BP_B_Aus,Greek_BP_NS,Greek_Tot_Resp,Hungarian_BP_B_OS,Hungarian_FO_B_OS,Hungarian_MO_B_OS,Hungarian_BP_B_Aus,Hungarian_BP_NS,Hungarian_Tot_Resp,Indian_BP_B_OS,Indian_FO_B_OS,Indian_MO_B_OS,Indian_BP_B_Aus,Indian_BP_NS,Indian_Tot_Resp,Irish_BP_B_OS,Irish_FO_B_OS,Irish_MO_B_OS,Irish_BP_B_Aus,Irish_BP_NS,Irish_Tot_Resp,Italian_BP_B_OS,Italian_FO_B_OS,Italian_MO_B_OS,Italian_BP_B_Aus,Italian_BP_NS,Italian_Tot_Resp,Korean_BP_B_OS,Korean_FO_B_OS,Korean_MO_B_OS,Korean_BP_B_Aus,Korean_BP_NS,Korean_Tot_Resp,Lebanese_BP_B_OS,Lebanese_FO_B_OS,Lebanese_MO_B_OS,Lebanese_BP_B_Aus,Lebanese_BP_NS,Lebanese_Tot_Resp,Macedonian_BP_B_OS,Macdonian_FO_B_OS,Macdonian_MO_B_OS,Macdonian_BP_B_Aus,Macdonian_BP_NS,Macedonian_Tot_Resp,Maltese_BP_B_OS,Maltese_FO_B_OS,Maltese_MO_B_OS,Maltese_BP_B_Aus,Maltese_BP_NS,Maltese_Tot_Resp,Maori_BP_B_OS,Maori_FO_B_OS,Maori_MO_B_OS,Maori_BP_B_Aus,Maori_BP_NS,Maori_Tot_Resp,NZ_BP_B_OS,NZ_FO_B_OS,NZ_MO_B_OS,NZ_BP_B_Aus,NZ_BP_NS,NZ_Tot_Resp,Polish_BP_B_OS,Polish_FO_B_OS,Polish_MO_B_OS,Polish_BP_B_Aus,Polish_BP_NS,Polish_Tot_Resp,Russian_BP_B_OS,Russian_FO_B_OS,Russian_MO_B_OS,Russian_BP_B_Aus,Russian_BP_NS,Russian_Tot_Resp,Scottish_BP_B_OS,Scottish_FO_B_OS,Scottish_MO_B_OS,Scottish_BP_B_Aus,Scottish_BP_NS,Scottish_Tot_Resp,Serbian_BP_B_OS,Serbian_FO_B_OS,Serbian_MO_B_OS,Serbian_BP_B_Aus,Serbian_BP_NS,Serbian_Tot_Resp,Sth_African_BP_B_OS,Sth_African_FO_B_OS,Sth_African_MO_B_OS,Sth_Afrcan_BP_B_Aus,Sth_African_BP_NS,Sth_African_Tot_Resp,Spanish_BP_B_OS,Spanish_FO_B_OS,Spanish_MO_B_OS,Spanish_BP_B_Aus,Spanish_BP_NS,Spanish_Tot_Resp,Sri_Lankan_BP_B_OS,Sri_Lankan_FO_B_OS,Sri_Lankan_MO_B_OS,Sri_Lankan_BP_B_Aus,Sri_Lankan_BP_NS,Sri_Lankan_Tot_Resp,Turkish_BP_B_OS,Turkish_FO_B_OS,Turkish_MO_B_OS,Turkish_BP_B_Aus,Turkish_BP_NS,Turkish_Tot_Resp,Vietnamese_BP_B_OS,Vietnamese_FO_B_OS,Vietnamese_MO_B_OS,Vietnamese_BP_B_Aus,Vietnamese_BP_NS,Vietnamese_Tot_Resp,Welsh_BP_B_OS,Welsh_FO_B_OS,Welsh_MO_B_OS,Welsh_BP_B_Aus,Welsh_BP_NS,Welsh_Tot_Resp,Other_BP_B_OS,Other_FO_B_OS,Other_MO_B_OS,Other_BP_B_Aus,Other_BP_NS,Other_Tot_Resp,Ancestry_NS_BP_B_OS,Ancestry_NS_FO_B_OS,Ancestry_NS_MO_B_OS,Ancestry_NS_BP_B_Aus,Ancestry_NS_BP_NS,Ancestry_NS_Tot_Resp,Tot_P_BP_B_OS,Tot_P_FO_B_OS,Tot_P_MO_B_OS,Tot_P_BP_B_Aus,Tot_P_BP_NS,Tot_P_Tot_Resp
SED30001,681,2902,2422,18087,302,24395,4,16,15,159,4,199,891,39,55,132,5,1117,176,25,16,52,0,273,598,157,119,353,5,1239,10025,2667,2183,14843,382,30094,470,33,111,22,6,637,253,26,33,147,9,463,865,301,238,2303,36,3741,143,56,28,160,4,389,142,22,14,49,4,241,562,35,29,11,4,639,1889,565,397,4429,63,7342,497,239,110,760,20,1621,278,0,5,3,0,285,47,29,3,39,0,120,31,10,3,10,0,58,137,56,30,177,0,395,2442,187,107,22,30,2781,1429,358,257,106,32,2176,257,53,17,109,5,440,138,23,14,46,3,223,2385,593,434,3630,58,7097,103,13,4,15,3,139,617,40,47,14,8,714,209,33,39,56,5,341,85,7,13,16,0,121,88,13,7,18,0,130,90,9,10,4,0,112,280,50,28,140,4,508,3870,506,460,645,52,5532,306,49,47,357,3683,4440,22476,5301,4274,33350,4485,69881
SED30002,639,1865,1507,10785,172,14971,0,8,11,112,0,127,4121,46,113,131,29,4439,202,20,14,45,10,282,431,117,81,183,3,818,4900,1623,1219,8989,224,16952,868,27,111,18,13,1032,155,10,8,90,0,270,612,187,131,1533,35,2500,104,46,24,97,5,272,136,34,13,37,3,215,2647,39,46,22,19,2776,926,358,253,3106,50,4689,377,124,64,508,7,1081,337,0,7,6,0,352,49,34,7,30,0,107,99,12,3,0,0,116,62,27,14,50,3,148,1169,86,76,14,29,1365,646,170,119,56,22,1017,199,51,18,76,4,346,110,11,6,40,0,169,1258,424,273,2514,49,4523,230,27,3,15,3,283,370,37,12,16,3,431,334,18,24,50,3,434,373,7,4,11,3,394,40,3,3,4,0,58,1773,46,50,36,9,1923,121,27,18,110,3,283,6295,451,378,496,70,7678,281,27,39,254,2106,2701,24753,3485,2743,20608,2719,54310
SED30003,290,2261,1705,11996,139,16395,7,7,6,70,0,93,679,52,82,145,11,969,58,28,5,22,0,114,352,127,74,201,0,756,3945,2104,1528,11720,161,19458,231,14,47,9,3,299,218,60,37,128,0,441,482,197,164,1915,20,2785,77,48,15,163,3,307,108,21,12,45,0,181,533,13,29,22,0,600,1165,718,476,6636,50,9043,517,223,88,803,11,1642,104,4,7,0,3,121,22,14,6,32,0,71,68,0,17,13,0,93,41,37,15,76,0,163,114,28,17,7,4,180,398,130,117,27,3,678,230,41,37,112,3,424,111,12,13,38,0,179,1180,567,419,4136,46,6347,39,5,3,15,0,60,328,41,36,11,3,411,140,17,20,40,0,215,97,13,3,13,0,126,13,11,5,3,0,30,73,0,7,3,0,85,146,59,24,195,0,428,2144,446,440,688,24,3745,61,21,17,181,1811,2081,10781,4167,3124,26318,2169,46556
SED30004,303,1717,1224,10435,145,13820,0,10,5,83,0,96,1710,61,83,143,11,2007,72,20,9,23,0,123,286,115,58,159,3,623,3333,1506,1048,10127,171,16188,748,23,73,14,0,855,139,25,19,85,0,269,413,160,116,1849,16,2553,179,66,17,124,7,396,65,7,0,14,0,86,1953,47,24,26,13,2067,800,381,278,4455,52,5968,1129,288,117,967,28,2532,128,0,9,4,0,144,40,14,5,43,0,108,30,3,0,3,0,37,56,15,9,59,0,135,345,38,22,8,5,416,332,129,108,30,0,600,157,33,10,87,0,293,69,11,12,21,0,113,881,406,313,3118,52,4778,25,4,0,3,0,36,278,32,19,7,0,337,133,26,14,36,0,210,218,12,11,9,0,242,6,7,0,0,0,17,140,7,3,6,0,154,115,39,19,147,4,325,3096,306,316,457,43,4215,124,28,18,227,1653,2047,14417,3239,2291,22445,2097,44487
SED30005,451,2455,2299,15160,243,20593,3,20,3,525,11,559,626,57,71,250,12,1013,120,21,18,63,0,226,730,168,136,254,8,1303,6597,2155,1817,13294,326,24189,404,17,110,23,3,554,339,50,37,132,5,562,1188,285,249,2006,47,3780,132,50,30,142,4,356,124,19,14,32,3,197,442,23,18,20,3,506,1377,565,423,5271,105,7740,665,316,169,1324,29,2499,192,0,14,0,5,210,22,13,4,22,0,60,7,3,5,8,0,17,77,33,20,110,3,247,262,57,46,33,0,400,507,164,106,45,6,822,261,58,26,101,3,449,111,11,16,38,7,186,1664,557,401,3983,85,6688,30,10,5,9,0,58,244,24,15,20,0,303,196,27,14,76,0,310,83,14,8,13,3,117,29,0,3,0,0,35,61,17,13,0,0,95,255,31,47,182,11,520,3904,580,750,961,68,6259,141,31,27,318,4262,4781,16622,4508,3951,30906,4974,60957
SED30006,370,2221,1705,18933,410,23638,0,12,8,198,3,218,207,22,36,121,3,391,64,10,6,24,3,110,543,162,103,272,11,1086,5497,1978,1524,14885,423,24309,186,10,58,28,0,283,153,27,21,136,3,339,630,285,218,3819,87,5041,49,41,13,123,3,235,82,17,4,30,0,135,171,18,8,26,0,226,949,375,330,5034,103,6786,211,109,52,478,13,861,102,0,0,3,0,104,17,6,0,14,0,42,7,3,0,8,0,17,55,17,9,63,0,145,301,47,35,16,5,403,555,193,155,56,13,971,148,42,23,117,3,335,63,14,10,30,0,120,1372,539,384,3917,92,6306,38,3,5,0,0,56,127,22,5,4,3,170,95,26,13,63,3,201,20,5,7,7,0,38,11,3,0,8,0,22,20,0,0,3,0,29,164,34,29,136,3,367,1662,333,305,604,35,2936,121,48,28,540,4063,4799,10764,3911,2979,35460,4964,58081
SED30007,305,1703,1435,9112,128,12680,7,18,9,70,0,102,5001,84,103,144,40,5376,78,25,16,40,3,162,346,143,75,231,9,809,4606,1799,1283,10323,168,18183,601,5,126,8,5,742,431,53,50,143,5,685,723,236,142,1838,19,2957,157,79,33,193,0,466,108,19,14,30,0,175,1803,29,26,23,6,1884,1520,620,421,5681,66,8314,1395,282,134,974,29,2811,1454,3,16,8,7,1488,54,19,16,88,0,177,18,3,0,4,0,33,48,34,11,78,0,171,246,17,23,13,0,310,382,83,77,25,0,569,296,57,39,120,0,515,237,23,16,63,0,337,1297,513,374,3734,33,5948,105,5,6,8,3,128,215,32,20,13,0,282,537,21,16,60,9,643,172,6,13,5,4,206,71,7,3,0,0,81,362,5,11,3,0,384,177,43,38,210,4,469,7765,428,428,710,39,9370,209,12,15,165,7025,7427,25985,3676,2852,22533,7473,62513
SED30008,462,1777,1441,10554,223,14462,0,13,5,85,0,104,1317,31,46,100,15,1515,178,24,16,28,4,246,471,110,57,141,9,783,7031,1616,1308,10900,368,21218,533,12,101,12,16,666,254,24,21,115,10,414,688,164,123,1471,38,2480,191,68,23,147,10,433,158,15,7,19,3,204,465,24,6,5,0,505,1438,373,269,3658,88,5823,563,128,82,483,8,1262,198,6,9,3,4,211,62,16,5,37,0,124,56,3,3,10,0,73,123,30,23,57,0,237,769,65,37,11,9,894,761,128,118,28,12,1038,254,34,24,71,6,386,220,21,14,37,0,293,1719,377,309,2871,84,5361,185,15,3,26,0,227,229,25,14,8,4,277,262,12,20,38,3,333,50,5,0,0,0,54,107,10,0,4,0,125,127,6,11,3,3,147,229,32,19,131,3,415,3886,342,357,478,48,5120,220,22,26,261,3907,4433,18409,3292,2631,22620,4647,51599
SED30009,347,2132,1657,13480,213,17832,0,3,6,78,0,84,298,26,37,99,7,473,64,25,8,24,0,119,541,134,85,204,11,978,6394,2002,1501,12665,279,22846,166,7,59,7,0,251,205,33,30,139,5,403,677,248,140,2164,37,3262,93,19,20,100,3,232,66,3,9,10,0,90,236,16,8,4,0,264,1233,435,340,4444,67,6521,354,159,83,624,16,1237,124,0,3,0,0,129,29,11,6,14,0,59,3,0,0,0,0,7,64,34,15,70,3,191,234,36,24,24,0,322,559,165,135,60,3,924,159,44,14,98,3,311,66,11,16,41,3,132,1500,472,369,3909,69,6313,22,5,0,6,0,31,419,34,27,11,4,498,138,17,18,63,0,239,46,11,8,9,0,67,10,0,3,0,0,14,25,0,7,4,0,36,265,45,31,166,3,505,1800,352,341,590,28,3112,121,22,15,258,2486,2898,12513,3794,2918,27671,3060,49957
SED30010,373,2120,1744,12368,264,16863,3,9,6,84,0,105,1039,63,86,135,7,1334,108,34,7,42,3,197,385,134,95,246,3,864,4703,2070,1405,12072,197,20446,373,5,74,15,8,477,261,44,33,128,0,469,618,213,177,1985,31,3013,220,99,55,302,9,682,126,18,12,22,0,175,923,42,36,35,8,1048,1670,593,423,5825,93,8614,614,292,102,958,27,1989,292,0,15,3,0,310,72,21,16,70,3,180,19,3,0,7,0,37,39,24,16,81,3,165,339,29,27,16,4,422,560,136,99,35,6,838,233,59,44,116,8,463,141,25,29,69,3,274,1390,561,408,3937,61,6357,53,7,3,14,4,78,265,43,28,9,0,354,279,16,31,52,3,375,132,10,8,11,3,159,38,4,0,3,0,43,180,9,16,6,0,213,172,39,35,185,4,427,3072,489,474,745,44,4826,90,28,11,192,2979,3295,14608,4143,3161,26841,3592,52351
SED30011,168,1279,835,15431,377,18082,0,15,0,258,9,289,374,11,23,126,5,535,24,3,3,20,0,51,238,91,46,140,9,520,2010,1194,839,13598,398,18034,360,10,90,16,3,474,60,4,5,81,4,166,278,181,92,3362,56,3962,20,20,3,68,0,109,39,7,3,13,0,73,276,21,7,17,3,326,316,223,168,3817,71,4592,336,148,35,593,31,1141,126,3,3,0,0,134,0,0,0,8,0,15,0,0,0,9,0,8,49,14,10,92,0,178,74,38,28,26,0,170,126,79,63,43,0,310,36,13,4,78,0,130,35,4,6,34,0,72,466,273,194,3544,64,4544,5,4,0,6,0,20,60,5,10,5,0,74,74,8,8,43,3,139,30,3,3,18,0,58,51,11,0,4,0,67,88,3,0,0,0,97,56,16,9,104,0,185,922,193,127,696,26,1967,69,13,26,460,2888,3457,5677,2331,1582,30388,3724,43702
SED30012,950,2962,2308,17710,298,24236,4,34,12,388,13,449,1525,34,71,153,11,1793,124,23,11,25,0,181,621,169,97,343,10,1242,7628,2607,2025,14683,394,27329,1268,38,169,25,16,1514,192,31,33,114,8,375,1229,357,260,2780,61,4686,102,49,12,128,3,295,145,20,13,47,0,231,2185,43,32,36,16,2315,1448,632,403,4452,87,7016,324,127,76,660,19,1211,154,0,8,0,0,166,35,22,3,21,0,87,21,5,4,11,0,42,90,42,23,98,4,257,2098,198,110,48,50,2492,1104,272,190,80,19,1655,269,61,29,149,8,515,121,16,10,58,0,202,1814,562,522,3849,62,6805,102,17,8,14,0,139,319,18,27,5,6,380,488,63,39,96,8,696,199,13,9,9,0,222,47,7,3,3,0,58,1343,78,41,23,15,1508,195,46,17,191,0,452,12366,790,540,775,206,14679,564,46,48,425,4801,5875,31121,5396,4126,33122,5795,79568
SED30013,230,1277,1046,17220,361,20135,3,12,5,323,20,362,261,22,30,198,6,510,29,8,0,18,0,58,213,61,56,155,4,479,1857,1188,820,12372,314,16547,290,6,64,18,10,387,103,13,17,107,4,243,337,126,101,1901,30,2489,96,39,13,191,4,343,40,8,0,8,3,59,210,4,8,16,0,240,377,266,208,4274,70,5190,1095,410,183,2264,41,3996,229,0,0,13,4,246,3,0,0,9,0,18,5,0,0,0,0,7,30,29,12,65,0,134,136,20,26,26,3,213,155,53,77,20,3,309,70,21,17,49,8,157,32,7,5,22,0,65,534,310,271,3669,64,4852,8,3,0,4,0,15,105,11,8,12,0,137,134,42,17,187,5,392,35,0,0,4,0,45,20,7,0,3,0,26,113,0,6,3,3,127,54,22,8,146,0,231,1143,212,218,1081,62,2715,73,24,25,452,4881,5452,6610,2527,1928,31543,5656,48265
SED30014,346,2147,1671,13188,228,17588,3,14,10,89,0,114,716,52,77,132,11,986,136,23,9,39,0,206,417,127,83,205,8,832,5408,1907,1474,12642,268,21698,286,13,69,3,5,375,208,35,41,137,12,434,666,177,150,1544,26,2569,141,64,32,149,8,400,126,21,13,37,0,198,274,22,12,16,3,325,1240,434,349,4764,98,6888,556,188,82,660,22,1511,118,0,14,3,0,137,56,10,7,40,0,116,44,0,0,18,0,60,117,40,33,80,9,281,494,58,43,17,6,617,638,231,161,44,10,1078,211,22,28,96,0,364,104,16,16,36,0,172,1440,482,370,3485,74,5853,114,4,3,14,0,143,219,29,23,10,0,288,213,23,11,79,3,325,33,3,0,3,0,44,49,15,0,5,0,76,53,8,5,4,0,70,218,35,24,172,4,453,2638,434,408,573,38,4091,140,35,27,284,3192,3679,13388,3928,3028,27321,3828,51486
SED30015,170,1481,1132,16991,349,20121,0,5,3,126,0,131,191,9,13,120,3,335,60,6,3,16,3,90,430,108,72,168,10,782,3356,1388,1027,14433,352,20562,189,0,43,4,13,246,129,18,9,104,3,259,515,229,114,3326,49,4234,29,22,7,56,8,118,73,12,3,18,0,104,97,3,6,18,0,125,565,317,213,4007,73,5167,309,145,38,612,18,1121,40,0,0,4,0,46,12,7,7,11,0,28,3,0,0,0,0,9,115,30,11,84,0,244,133,31,23,13,4,200,229,98,94,50,9,469,93,19,10,79,3,203,57,16,7,32,3,114,820,337,235,3754,72,5217,17,4,0,5,0,30,153,11,8,0,3,178,49,13,5,44,0,120,23,0,3,9,0,37,34,3,3,5,0,47,41,0,0,0,0,48,136,23,11,129,0,301,983,206,184,640,36,2058,68,22,21,519,2874,3506,7299,2715,1963,32806,3630,48417
SED30016,510,1861,1821,14042,423,18648,10,64,13,779,16,885,1316,67,100,291,21,1803,131,47,12,43,0,232,387,106,88,122,3,703,4045,1554,1358,11078,324,18356,1147,31,175,34,17,1412,266,21,21,112,4,426,751,221,179,1608,29,2794,127,36,23,159,0,347,116,19,7,24,0,164,961,17,14,15,11,1023,916,412,382,4617,85,6409,860,298,158,1303,32,2657,757,7,14,0,3,783,22,0,4,22,0,53,14,3,0,0,0,14,60,18,22,76,3,182,294,31,48,25,11,407,385,92,86,44,7,609,203,18,18,64,4,306,74,14,14,46,3,145,1058,428,349,3103,81,5012,38,3,0,8,0,57,87,5,12,6,0,107,255,27,18,69,10,374,93,14,4,16,0,123,38,3,0,3,0,42,230,0,19,0,4,253,139,44,25,127,3,331,6159,548,818,1985,150,9655,255,33,34,367,6631,7320,17862,3553,3361,27869,7590,60238
SED30017,164,1042,766,18023,412,20410,0,12,4,1443,22,1480,131,6,3,104,4,254,19,0,0,0,0,21,260,80,39,170,4,558,1808,967,672,12856,357,16665,325,4,51,0,16,397,54,6,6,64,3,138,374,183,103,3758,86,4512,34,12,7,51,0,98,38,12,3,19,0,79,85,10,5,13,0,117,379,179,143,3564,92,4355,124,64,16,317,11,528,77,0,3,0,0,81,8,3,0,12,0,28,0,0,0,0,0,3,27,10,3,38,0,71,101,23,10,14,5,156,144,52,38,31,0,269,47,13,9,46,3,112,35,0,8,27,3,67,476,236,203,3274,86,4274,5,4,0,6,0,20,71,6,10,15,0,100,58,8,3,22,0,93,38,0,0,14,0,48,0,0,0,0,0,11,114,3,4,3,4,126,50,18,11,86,3,169,867,159,92,486,45,1659,81,27,29,554,3919,4599,4856,1903,1364,33267,4794,46182
SED30018,289,2058,1519,15549,362,19787,0,13,3,142,4,159,226,27,19,127,3,406,54,11,3,21,0,90,479,130,81,212,13,927,5760,1887,1420,13614,310,22992,190,13,46,10,4,265,149,29,20,124,0,327,583,204,126,2401,51,3365,85,57,16,97,0,251,83,19,4,17,0,119,213,11,10,9,3,248,1081,403,319,4785,111,6691,343,130,57,538,9,1078,29,0,7,0,0,36,19,13,0,22,0,53,4,0,0,3,0,13,66,41,15,67,0,182,288,48,38,26,3,401,515,176,144,54,10,896,116,35,8,73,3,232,48,11,0,25,3,85,1308,482,353,3853,71,6076,12,10,0,9,0,29,192,25,15,11,0,239,78,24,10,57,0,172,28,3,6,5,0,39,15,0,0,0,0,21,23,3,0,0,0,30,186,48,21,170,5,424,1443,323,299,555,28,2654,111,28,26,337,2619,3124,10913,3670,2680,30459,3370,51095
SED30019,314,2069,1516,13738,203,17839,0,11,8,128,4,147,484,18,49,102,3,651,102,18,9,36,4,175,402,129,94,233,4,871,5003,1882,1410,12151,229,20669,437,16,52,10,9,522,189,25,25,82,3,325,575,197,139,2100,26,3041,126,72,16,148,3,363,85,29,9,30,0,152,463,17,11,14,4,511,1064,379,313,4168,71,6001,357,149,70,555,17,1148,30,0,4,0,0,43,40,10,8,15,0,82,11,0,4,4,0,14,71,14,14,41,3,142,685,78,79,27,20,893,611,216,163,65,10,1058,179,44,26,83,3,332,96,16,11,54,4,177,1392,472,321,3297,61,5536,36,10,3,8,0,53,285,29,32,13,0,354,144,14,6,48,0,209,59,13,3,7,0,88,31,7,0,0,0,41,75,0,10,0,0,82,147,38,24,144,0,357,2007,412,280,572,45,3316,144,30,26,234,1584,2013,11986,3708,2770,26774,2120,47361
SED30020,397,2253,1573,12020,137,16375,3,10,5,74,0,96,1991,54,107,128,19,2293,147,24,16,28,0,221,368,136,72,180,10,762,4200,1911,1280,11054,185,18633,442,9,95,10,0,562,194,28,21,101,0,341,519,204,147,1892,31,2798,536,193,68,459,10,1262,85,14,10,19,0,136,1243,26,34,29,3,1336,1216,526,324,4714,67,6841,896,332,117,910,22,2278,374,0,19,0,0,400,82,32,14,58,0,182,34,3,4,8,0,46,54,13,15,69,0,153,469,52,26,17,5,567,545,154,110,41,4,855,188,36,32,126,0,382,232,36,21,54,0,342,1255,459,336,3482,43,5573,86,8,3,13,0,112,551,18,43,8,3,620,214,22,10,46,0,298,226,5,7,0,0,242,34,3,0,0,0,40,295,13,14,10,3,338,146,33,30,168,0,383,3430,465,413,700,24,5030,136,13,5,213,1808,2184,16759,4160,2860,25131,2235,51151
SED30021,321,2014,1504,11660,185,15677,4,19,9,94,3,126,1207,71,87,147,11,1526,57,13,5,30,0,108,268,162,84,204,11,728,3789,1844,1360,12085,214,19297,465,9,99,6,3,576,212,36,31,158,3,444,469,204,163,2004,28,2872,169,95,38,221,0,518,82,21,6,36,0,144,1662,29,14,15,12,1736,1157,699,436,6612,88,8997,835,318,128,1009,21,2320,300,3,20,3,0,325,46,23,9,108,0,184,26,3,0,10,3,43,38,36,17,65,0,160,202,33,16,6,0,267,438,104,87,30,4,664,192,48,45,108,0,385,114,13,14,42,0,183,1100,541,367,4162,64,6234,53,7,3,14,3,76,177,14,13,4,4,218,181,23,13,56,4,278,131,14,10,15,3,172,20,0,0,4,0,23,129,4,9,3,0,148,136,37,24,229,3,420,3841,396,417,745,32,5424,128,24,8,197,3450,3799,14487,3963,2899,26909,3969,52226
SED30022,275,1998,1522,12570,233,16593,0,5,3,167,10,187,589,38,69,99,10,801,121,12,11,51,4,206,646,151,88,205,11,1097,7445,1907,1514,11990,232,23085,204,9,44,5,3,271,148,22,16,117,6,312,636,192,143,2005,29,3006,156,43,27,129,4,368,93,16,4,22,3,138,336,13,13,11,5,387,1396,435,322,4273,51,6479,418,188,88,579,10,1278,46,0,3,3,0,54,47,11,4,35,0,101,13,0,0,5,0,23,94,26,17,67,0,203,450,61,37,9,4,568,558,149,88,52,7,852,230,31,32,96,6,391,83,19,11,65,3,189,1887,534,345,3544,66,6370,74,7,6,10,0,95,640,49,21,6,3,719,115,11,3,52,0,184,87,6,6,8,0,98,20,0,8,4,0,31,90,0,9,3,0,101,268,44,19,183,0,508,2118,345,298,578,44,3383,94,26,11,227,2258,2619,15218,3721,2798,25711,2837,50283
SED30023,183,1207,969,22959,363,25681,0,14,8,218,6,239,248,14,22,144,4,433,12,3,0,20,0,38,289,90,62,237,5,683,1774,1098,940,16759,316,20894,524,0,57,19,14,612,38,4,14,112,3,180,324,170,157,5812,94,6553,18,16,6,65,3,111,22,3,4,28,0,56,465,12,3,15,10,506,327,259,200,6130,92,7006,114,59,30,467,9,683,36,0,3,0,0,38,13,8,7,46,0,71,6,0,0,3,0,9,14,12,4,22,0,56,125,27,16,29,3,207,121,85,72,51,4,335,56,16,9,123,0,207,27,6,12,36,3,81,463,304,242,4547,45,5614,4,3,0,3,0,13,138,19,12,7,0,171,78,7,3,37,0,125,49,0,3,0,0,55,7,0,0,0,0,7,37,4,0,0,0,37,50,21,9,121,3,210,1919,187,164,601,28,2897,126,22,22,625,3514,4310,6344,2166,1786,42824,4277,57395
SED30024,238,1093,901,12731,338,15295,4,43,31,7987,72,8137,198,24,17,251,4,501,102,20,11,46,3,180,272,65,52,101,5,504,2301,865,700,7780,270,11919,237,3,61,57,7,358,170,17,18,81,0,288,548,110,94,1149,31,1928,64,6,10,42,0,125,44,8,5,12,0,70,141,6,8,10,3,173,534,190,171,2866,79,3832,1171,297,106,1159,42,2772,81,0,0,0,0,81,10,3,0,13,0,27,0,0,0,0,0,0,18,12,7,43,0,83,120,10,23,22,4,188,208,33,55,22,6,333,84,18,17,60,4,185,25,0,7,15,0,57,596,241,164,2172,48,3226,22,5,0,4,0,36,83,7,5,6,0,104,118,22,8,59,3,207,30,4,3,6,0,40,6,0,0,4,0,13,27,3,3,3,5,42,63,15,7,65,0,151,1759,428,370,8192,196,10946,124,38,25,514,5029,5734,7710,2231,1758,34040,5901,51639
SED30025,650,3053,2339,18133,326,24500,7,9,12,156,3,187,1186,54,66,162,13,1482,153,22,19,47,9,254,738,146,115,318,16,1328,10772,2543,2076,15275,353,31015,531,21,106,22,13,686,267,41,28,127,5,468,1042,283,232,2433,45,4037,170,75,41,158,4,452,165,25,7,33,3,232,534,25,22,23,0,614,1968,504,389,4456,81,7402,500,184,126,803,21,1630,280,5,7,3,3,298,66,30,13,44,0,158,26,3,0,9,3,43,131,39,23,121,3,314,2299,180,113,52,26,2678,1358,307,233,95,15,2010,250,56,37,99,8,448,206,26,16,60,0,314,2514,529,417,3660,84,7214,89,26,8,29,3,150,742,46,37,24,3,846,233,32,18,52,3,337,59,7,5,11,0,78,194,24,22,6,0,246,109,4,8,0,0,122,300,27,47,146,6,530,4576,592,454,715,67,6404,285,34,40,433,5319,6107,24773,5254,4139,34309,6166,74650
SED30026,326,1950,1660,13616,264,17819,6,5,7,128,3,151,274,31,34,124,3,463,69,18,10,29,3,126,402,130,81,229,3,848,4777,1818,1433,12833,301,21169,197,3,67,13,0,281,193,26,40,153,4,406,522,175,160,1538,25,2420,114,52,19,93,0,280,84,18,7,23,0,133,138,15,11,25,4,187,1001,396,333,4925,85,6745,449,162,77,585,7,1273,35,0,3,0,0,35,38,9,12,37,0,93,28,4,0,17,0,48,74,30,12,66,0,187,357,53,31,33,4,485,492,168,91,34,11,790,192,40,36,82,3,347,97,16,18,40,0,169,1244,439,362,3408,66,5518,44,19,5,11,4,87,164,23,19,5,0,222,150,17,20,48,3,237,23,4,5,8,0,37,17,7,0,3,0,32,26,0,11,6,0,44,162,48,37,164,5,416,1838,416,422,573,30,3284,115,39,27,281,3099,3560,10385,3627,2946,27827,3728,48520
SED30027,199,1291,1081,17827,402,20802,3,17,12,365,15,408,111,13,19,251,8,401,42,10,4,17,0,72,283,64,60,152,3,560,2369,1150,926,12924,377,17755,349,3,38,13,10,418,92,14,12,97,4,225,464,156,126,1852,47,2645,29,17,8,78,3,127,31,11,3,17,0,63,155,6,4,17,5,191,499,276,221,4611,122,5732,573,233,107,1240,33,2187,23,0,5,0,0,29,5,0,0,16,0,23,0,0,0,3,0,3,30,16,14,99,3,157,171,35,26,39,7,276,215,73,65,57,3,415,72,20,9,73,4,175,28,6,9,24,0,70,650,322,234,3527,86,4816,5,0,0,3,0,15,121,16,10,5,0,155,48,8,3,86,0,147,26,0,0,0,0,29,7,0,0,0,0,6,17,4,0,4,0,31,92,21,19,130,6,274,1073,233,228,633,38,2211,90,28,21,549,5052,5750,6287,2422,1958,31857,5929,48456
SED30028,258,2087,1524,13419,168,17462,0,7,0,74,0,84,661,33,69,154,5,920,59,10,8,24,0,107,369,143,79,219,7,814,3897,1915,1289,11760,208,19067,293,22,53,10,0,378,143,19,29,121,0,310,508,231,151,2007,19,2914,89,32,14,120,0,250,87,22,6,24,0,139,557,25,25,25,0,638,1033,560,366,5158,73,7183,646,260,94,794,7,1800,56,3,4,0,0,61,20,10,4,30,0,57,10,4,5,4,3,24,44,28,8,69,0,154,171,51,26,11,0,257,415,137,132,56,3,750,229,54,29,119,4,437,80,12,12,34,3,140,1079,525,344,3714,42,5703,30,0,0,3,0,35,381,39,40,9,0,469,141,24,16,57,0,229,86,9,6,10,0,101,11,6,3,0,0,17,68,8,0,3,0,82,177,32,30,160,3,401,2063,404,332,687,18,3500,78,14,19,214,1553,1875,10710,3872,2706,26935,1972,46194
SED30029,247,2196,1529,13823,174,17964,0,5,8,96,0,112,418,22,48,119,6,612,32,6,4,28,0,73,392,133,94,234,4,862,4305,2078,1338,12252,204,20179,193,16,54,8,7,274,182,31,19,100,8,329,478,208,152,2141,18,3007,63,22,7,95,0,193,92,18,13,25,0,156,384,35,17,23,0,456,803,530,360,5273,56,7018,359,159,58,627,16,1216,34,0,12,7,0,60,17,8,5,14,0,41,19,6,3,9,0,35,43,21,15,60,3,142,160,31,10,15,0,217,364,136,104,63,4,676,170,47,36,122,0,370,79,11,13,39,0,148,1062,512,393,4035,50,6051,20,0,3,6,0,28,351,37,24,9,3,424,101,18,13,44,0,172,70,12,9,11,0,104,12,5,3,0,0,20,36,4,4,6,0,46,148,42,34,197,3,424,1701,361,319,592,32,3005,67,35,29,249,1446,1831,9586,3883,2717,27652,1886,45719
SED30030,556,2564,2030,14227,231,19605,0,7,0,113,7,128,916,40,49,143,6,1164,189,27,21,44,0,279,486,132,101,188,4,907,7776,2161,1736,12576,335,24587,541,22,123,21,7,708,229,46,19,112,4,408,797,257,157,1722,33,2957,175,51,47,129,6,403,205,22,10,28,0,267,621,36,15,11,3,686,1429,424,342,4012,72,6289,448,166,114,658,13,1401,305,0,17,6,0,330,91,17,9,39,3,155,48,3,9,9,0,68,119,30,34,99,3,289,1613,146,93,39,28,1918,1237,289,203,72,17,1815,256,29,32,81,0,389,159,12,11,19,0,202,1875,580,399,3197,74,6124,146,8,13,16,0,183,293,31,34,15,0,375,245,25,19,68,0,355,64,10,4,3,0,87,43,20,10,6,0,72,78,10,8,0,3,96,211,44,24,160,5,449,3584,495,378,574,42,5080,195,56,35,360,3059,3705,18958,4496,3558,27696,3753,58463
SED30031,260,1765,1404,20185,341,23944,3,11,11,233,0,259,300,24,23,237,6,581,48,15,5,19,0,83,342,111,78,251,6,783,3400,1486,1147,15058,301,21381,804,6,103,21,10,948,102,14,10,79,3,218,450,210,127,2839,40,3665,63,36,12,146,4,258,69,6,3,25,0,99,598,7,6,26,3,633,772,323,211,4521,89,5906,229,158,58,623,10,1075,44,0,3,0,0,46,11,0,0,12,0,26,6,3,0,9,0,15,35,18,9,80,3,150,519,76,55,41,16,704,427,156,104,75,5,768,105,22,22,85,0,233,96,5,3,35,0,143,982,384,290,3808,77,5536,27,0,0,5,0,34,393,12,30,12,4,458,115,11,0,58,3,185,49,0,0,6,0,58,13,4,0,0,0,16,33,3,0,0,0,33,106,32,15,136,6,289,1920,267,226,767,36,3215,136,33,26,490,3764,4452,9775,3012,2321,36035,4475,55616
SED30032,289,2117,1717,17517,377,22015,0,8,3,148,6,167,229,34,30,136,11,436,44,23,3,13,3,85,519,121,93,264,10,1000,5250,1990,1568,14791,351,23944,204,10,63,12,3,297,197,26,24,149,3,399,634,228,175,2717,52,3813,49,27,3,79,0,158,46,18,4,25,0,92,80,17,15,23,0,128,961,411,281,4838,107,6597,304,161,71,603,18,1151,95,3,0,0,0,94,6,5,0,13,0,30,4,0,0,0,0,3,51,25,12,57,3,147,267,45,26,35,3,378,431,180,137,56,6,807,120,28,22,76,4,256,47,17,16,34,5,119,1167,519,391,4082,92,6257,13,0,0,0,0,22,205,7,28,11,0,254,91,23,3,32,6,158,23,4,3,3,0,33,8,3,0,4,0,20,56,0,3,0,0,65,156,36,37,199,8,434,1640,352,285,680,23,2981,76,24,43,407,4124,4676,10306,3820,2967,33329,4959,55380
SED30033,359,1915,1464,10936,166,14834,5,10,5,105,0,126,1105,63,77,137,17,1397,85,19,4,35,0,151,312,140,77,236,8,765,3032,1820,1298,10906,162,17216,328,10,72,10,4,426,166,34,30,104,3,337,449,215,156,2035,22,2884,361,174,59,362,16,973,89,32,17,45,0,177,1406,38,32,27,10,1517,958,588,425,5983,69,8021,518,244,101,814,26,1693,239,0,12,7,0,272,85,21,20,95,3,230,28,6,0,3,0,45,36,13,7,60,6,121,205,37,27,19,4,293,357,132,93,32,3,613,168,37,19,99,3,332,163,27,21,60,0,266,936,532,384,3608,55,5514,109,8,0,23,5,147,162,31,25,7,3,228,189,23,27,52,0,293,166,19,10,3,0,197,33,9,0,5,0,48,221,8,18,4,0,251,121,32,30,187,3,368,3713,513,393,680,48,5346,128,18,21,179,2364,2711,13081,3898,2822,24704,2824,47328
SED30034,132,885,775,16418,284,18485,0,12,3,986,22,1019,148,5,8,153,3,319,21,7,3,8,0,40,194,44,48,141,3,434,1594,693,619,11441,254,14602,344,5,38,17,3,407,52,5,8,82,3,153,246,95,99,1970,33,2448,19,18,7,42,0,84,18,3,0,17,0,39,190,5,4,7,3,206,359,163,163,3815,66,4560,101,47,18,419,6,586,43,0,0,0,0,45,3,0,0,10,0,15,5,0,0,0,0,4,16,7,5,61,3,95,398,24,39,7,8,484,236,85,56,45,0,414,37,18,6,43,0,107,19,3,5,18,0,40,472,187,191,3000,68,3911,6,0,0,0,0,8,153,17,11,12,0,182,50,3,3,34,0,94,27,0,0,5,0,31,8,0,5,0,0,10,13,3,0,0,0,17,32,11,4,103,4,158,808,122,114,433,24,1506,88,29,22,529,4249,4916,4481,1486,1323,29354,4847,41497
SED30035,181,1501,1215,17244,387,20529,0,10,9,171,0,185,99,17,15,153,12,295,29,6,4,6,0,46,385,110,81,177,8,758,3389,1536,1190,15044,392,21550,225,4,61,5,6,301,124,27,16,111,0,277,547,219,163,2842,77,3852,28,16,9,67,0,118,52,14,8,15,4,91,117,14,0,11,0,141,575,340,226,4618,80,5841,155,97,48,486,15,808,17,0,0,0,0,18,9,8,3,9,0,32,3,3,0,0,0,3,48,11,8,33,0,97,140,48,30,11,4,229,211,90,71,62,3,436,92,27,11,67,6,196,49,11,3,23,0,87,775,380,255,3973,87,5477,16,3,8,0,0,27,111,15,13,6,0,145,61,13,5,36,3,111,16,5,4,6,0,32,3,0,0,0,0,7,41,3,5,0,3,48,104,20,22,157,3,314,903,246,155,656,34,2000,74,27,20,509,3457,4088,6723,2849,2147,33283,4298,49300
SED30036,264,1804,1332,16314,387,20094,3,15,4,255,8,293,248,23,37,118,8,435,54,10,0,30,3,106,526,82,67,203,4,876,5304,1801,1319,14862,398,23678,289,14,68,6,9,385,142,24,12,139,9,339,713,206,172,2791,56,3946,64,23,7,87,4,183,100,11,0,15,0,135,270,14,9,21,0,319,882,346,236,4548,82,6096,255,112,41,573,15,995,14,0,0,0,0,18,14,3,0,14,0,33,11,5,0,5,0,18,100,35,10,63,3,210,164,27,35,30,0,260,318,95,91,40,10,556,142,16,10,57,5,232,58,23,14,25,0,126,1241,435,312,3830,68,5882,23,5,0,4,0,37,181,22,8,6,0,213,104,10,13,27,3,160,51,4,4,3,0,61,11,6,0,7,0,27,36,0,0,3,0,40,163,29,22,122,3,342,1483,279,215,727,35,2740,107,31,25,381,3542,4086,10650,3278,2387,32311,4398,53035
SED30037,305,1593,1347,17441,370,21048,3,21,8,493,8,532,128,19,15,252,3,417,48,10,6,36,3,97,310,89,73,221,12,710,2628,1331,1126,13933,270,19298,355,12,65,19,13,460,108,25,11,91,0,239,452,186,149,2115,50,2946,67,25,19,152,3,274,60,12,9,27,0,112,344,12,17,20,13,399,557,356,224,5045,76,6257,1632,685,311,3481,98,6200,47,0,6,0,0,56,8,0,0,8,0,22,3,5,0,6,0,15,145,55,40,184,3,430,158,52,34,27,3,268,227,104,81,61,7,484,55,10,16,74,3,162,47,6,4,30,0,91,685,326,287,3734,57,5081,13,3,0,3,0,19,86,24,13,15,0,132,99,22,19,137,7,288,4,4,3,9,0,15,9,0,0,3,0,14,19,4,3,0,4,25,84,16,6,104,3,225,1403,242,266,936,32,2879,118,41,37,502,3596,4300,8350,3248,2515,34284,4386,52783
SED30038,819,1564,1264,9242,257,13149,0,21,12,298,8,337,1528,29,56,88,13,1716,90,21,10,20,0,136,430,114,62,161,12,774,4293,1327,996,7544,278,14440,901,14,96,12,3,1020,182,18,12,54,3,276,688,203,121,1432,44,2486,41,22,11,62,0,136,77,14,10,29,0,138,1296,39,18,17,14,1380,799,322,227,2533,62,3937,315,136,58,347,15,866,146,0,5,0,0,161,79,4,0,11,0,104,31,8,0,4,0,38,65,31,20,49,0,162,652,56,39,19,13,777,469,114,84,29,8,702,271,35,29,95,5,439,101,14,9,35,3,163,980,320,223,2004,41,3569,169,13,5,6,0,194,171,15,9,7,0,202,327,17,14,40,5,407,345,12,3,0,0,365,21,7,0,0,0,31,8144,69,162,63,78,8514,106,26,23,101,3,257,8501,394,343,472,151,9862,522,34,25,209,6986,7774,27793,2912,2359,17629,7803,58495
SED30039,329,1710,1556,9454,88,13140,0,0,5,41,0,44,5125,105,156,121,25,5531,53,12,10,16,0,90,444,120,81,185,0,827,3823,1669,1326,9872,142,16837,272,8,54,3,5,346,268,29,21,104,0,422,675,221,153,1813,21,2883,103,51,33,126,0,309,82,25,8,34,0,153,1528,32,24,22,3,1613,987,504,392,4995,62,6954,438,152,79,696,5,1364,486,9,8,7,0,508,33,22,27,68,0,152,11,3,0,0,0,11,13,13,3,74,0,98,72,15,13,10,0,110,277,95,77,37,3,487,219,48,32,104,0,396,166,16,17,37,3,239,1085,503,400,3834,35,5857,43,14,0,10,0,65,393,31,27,11,0,458,276,18,7,39,0,346,259,11,4,15,0,294,34,3,0,5,0,43,566,9,31,4,0,603,139,25,33,178,7,378,5145,366,501,599,38,6649,104,15,11,120,2383,2638,19589,3320,2854,21474,2713,49953
SED30040,315,1990,1387,17875,375,21940,0,18,10,268,4,300,358,27,37,131,3,558,37,9,0,22,0,73,311,131,65,238,9,753,2851,1796,1301,14909,303,21165,339,24,75,26,9,470,85,16,15,107,0,223,388,321,157,4255,74,5187,38,15,6,91,0,155,44,16,14,39,0,105,451,17,12,19,4,503,609,417,274,5013,73,6389,125,85,46,468,5,737,25,0,3,0,0,29,14,3,4,22,0,38,0,3,0,0,0,5,54,34,16,75,0,174,422,54,44,28,10,556,295,156,82,65,3,595,92,22,14,136,3,271,24,8,6,48,3,92,773,497,349,4059,67,5742,18,10,3,10,0,46,66,7,3,10,0,80,92,12,15,41,0,167,31,6,0,7,0,53,11,6,3,3,0,21,83,4,11,8,0,106,97,42,20,239,9,409,1948,313,256,624,43,3180,104,22,31,477,2930,3556,7858,3554,2464,34545,3696,52119
SED30041,270,1969,1516,18994,340,23082,4,15,3,241,3,266,219,24,29,108,5,385,39,13,6,30,0,87,425,149,82,329,5,993,3521,1860,1428,15576,345,22720,245,10,82,11,0,358,90,24,14,103,0,231,408,320,211,4822,74,5828,29,30,13,88,3,164,58,13,4,25,0,107,173,26,20,39,3,257,652,404,282,4958,86,6369,161,101,35,531,16,836,48,0,3,0,0,54,3,7,0,10,0,23,4,4,0,6,0,11,49,32,14,74,0,164,299,73,36,21,9,446,294,119,104,69,4,586,107,33,23,153,0,319,30,8,8,34,3,88,917,536,370,4085,72,5978,14,6,7,4,0,29,139,15,10,9,0,177,90,17,3,52,0,158,29,3,0,0,0,34,15,0,6,0,0,22,44,3,9,3,0,50,129,50,32,235,0,452,1307,240,259,554,22,2381,82,48,23,530,3754,4426,7647,3605,2705,36651,4495,55108
SED30042,352,2297,1708,16226,245,20831,0,17,3,158,8,180,392,37,34,129,8,591,37,10,3,14,4,70,461,122,93,241,10,924,5025,2198,1542,13941,297,22995,440,19,82,16,11,566,145,31,21,115,3,321,514,258,189,2496,36,3488,52,29,16,102,0,200,52,15,8,32,0,106,546,33,14,20,0,616,1028,459,362,4538,67,6452,309,146,84,636,14,1199,52,0,6,3,0,58,24,17,3,35,0,71,11,0,0,3,0,13,45,32,19,60,0,155,730,69,57,29,6,896,582,195,159,73,4,1022,151,28,16,106,0,295,76,7,0,32,0,113,1168,516,360,3742,58,5839,27,8,7,13,3,51,335,28,6,9,0,379,143,7,11,56,0,218,52,14,3,13,0,82,13,4,0,0,0,16,35,7,3,0,0,44,200,32,27,167,3,432,2562,438,303,593,35,3926,162,41,16,352,2595,3167,12032,4104,2996,30817,3194,53146
SED30043,304,2068,1757,15820,261,20216,0,5,0,111,3,118,358,29,26,117,7,537,64,12,3,32,0,109,494,131,79,252,14,968,6206,2053,1478,13803,305,23846,220,5,44,14,3,290,196,24,22,158,8,402,708,224,167,2277,32,3416,86,43,19,113,0,257,91,30,10,22,9,158,356,16,14,16,3,406,1172,416,315,4592,75,6569,362,164,78,655,18,1269,100,0,3,0,0,104,25,6,4,17,0,57,17,13,3,5,0,27,70,39,16,90,3,214,306,41,27,29,3,413,602,173,139,48,16,979,150,29,26,100,3,312,92,13,13,42,0,154,1514,517,324,3913,83,6350,16,4,0,4,0,24,302,27,33,14,0,378,109,16,8,57,0,189,41,0,0,3,0,41,13,0,0,3,0,16,65,3,5,4,0,78,196,43,23,187,3,446,1735,361,322,637,32,3076,121,18,22,365,2466,2991,12583,3827,2928,31039,3120,53503
SED30044,187,1470,1155,20401,426,23637,0,14,3,341,6,369,247,27,19,229,5,518,23,5,0,18,0,52,275,103,60,234,4,679,2507,1300,1026,16499,307,21644,484,9,82,9,0,583,89,20,12,102,3,227,375,168,107,2980,43,3682,41,13,8,86,0,157,39,8,0,19,0,69,273,17,3,25,4,319,498,319,208,5540,70,6634,169,86,46,621,7,923,32,0,8,0,0,41,5,4,0,34,0,43,3,0,0,0,0,4,38,13,5,75,3,141,213,44,34,23,3,318,257,101,84,58,5,505,70,39,14,75,4,195,39,4,11,41,0,92,658,291,215,4234,76,5474,6,5,0,6,0,17,202,13,13,7,3,242,89,10,7,65,0,171,86,0,0,3,0,93,3,0,0,0,0,3,296,4,4,0,0,299,103,44,19,159,4,328,1533,250,183,1000,50,3012,84,18,13,498,3758,4368,7201,2580,1961,38276,4571,54580
SED30045,286,1716,1387,19098,394,22873,0,5,0,140,0,149,599,13,19,101,3,740,67,16,6,9,0,101,406,148,94,233,13,903,3422,1587,1189,14175,393,20758,216,5,69,14,6,312,104,16,11,96,5,235,458,230,190,5346,106,6334,27,21,7,58,0,110,63,14,5,18,0,102,248,22,7,19,4,299,613,345,222,4411,86,5683,190,82,43,488,11,810,137,0,6,0,0,145,16,3,0,22,0,39,13,0,0,0,0,14,47,36,12,79,0,175,217,42,36,27,5,324,347,108,108,53,4,612,107,24,15,125,9,285,44,9,9,39,0,94,857,391,269,3666,82,5262,25,3,5,5,3,47,115,24,8,10,0,155,92,22,11,38,0,168,21,0,3,0,0,23,22,0,0,3,0,30,153,3,3,5,0,164,132,18,19,149,3,321,2075,225,213,593,44,3153,127,35,28,694,3922,4806,9079,3073,2361,35896,4810,55221
SED30046,598,2050,1575,13261,263,17746,5,3,3,158,4,166,1124,22,45,114,5,1318,247,28,13,34,6,334,440,138,73,223,10,888,5052,1756,1457,10958,276,19498,516,22,76,13,5,626,109,8,11,86,4,224,604,220,149,1799,39,2812,78,30,21,95,0,228,143,29,20,27,0,223,643,16,12,21,6,700,979,341,292,3255,57,4919,261,129,57,521,8,978,75,0,9,0,0,88,27,5,0,14,0,43,54,0,6,9,0,66,66,35,29,55,0,180,1016,87,78,35,11,1228,685,203,117,65,3,1069,131,32,23,71,3,261,88,18,15,34,3,156,1260,334,316,2659,50,4610,248,25,18,17,0,312,148,26,27,16,0,205,211,17,17,50,0,292,44,12,3,9,0,66,39,3,0,13,0,58,298,11,14,0,0,324,80,20,20,87,6,216,4589,438,318,553,55,5957,201,41,24,342,2559,3170,15961,3600,2873,24582,3202,50214
SED30047,327,2123,1525,13038,247,17255,6,10,7,148,0,171,566,46,54,127,9,807,86,13,7,33,0,134,370,119,86,187,7,765,5339,2003,1395,12420,267,21417,608,14,90,8,4,721,183,28,23,119,3,354,489,192,167,2037,37,2930,125,54,25,135,3,349,65,13,6,23,3,110,519,33,14,20,5,592,1325,543,363,5011,78,7328,317,149,49,542,13,1075,53,0,8,3,0,65,26,3,0,19,0,54,9,6,0,5,0,22,41,29,14,62,0,139,1025,90,65,32,12,1222,664,148,127,50,14,997,134,47,25,86,3,293,87,20,21,46,0,173,1399,512,397,3642,73,6028,30,0,3,3,0,41,219,27,27,10,0,289,188,18,18,56,0,273,84,12,10,5,0,117,22,5,0,0,0,30,166,3,8,3,0,186,201,42,27,159,3,427,2302,375,326,672,42,3713,150,27,20,234,2269,2695,13084,3899,2807,26758,2878,49425
SED30048,224,1226,981,14071,232,16739,3,12,9,304,4,333,300,8,21,179,0,515,20,12,10,12,3,53,246,84,49,167,6,547,2101,1035,830,12097,279,16346,1126,9,115,17,8,1268,70,17,9,89,0,183,310,145,144,2137,41,2781,29,21,5,85,4,146,29,16,3,16,0,64,395,23,8,24,3,464,465,312,228,4354,73,5430,275,134,53,782,21,1268,18,0,5,3,0,25,4,3,0,13,0,17,0,3,0,0,0,4,300,121,69,490,11,984,232,41,32,31,6,335,220,113,55,48,3,444,60,22,4,72,3,165,36,15,10,47,0,112,618,321,254,3547,58,4796,10,0,0,3,0,16,160,26,6,11,0,209,126,15,10,52,3,201,53,3,3,8,0,67,6,5,0,0,0,7,68,0,3,0,0,66,70,27,17,117,3,233,1368,237,177,1281,47,3108,89,29,16,346,3284,3767,7294,2368,1834,27984,3886,43364
SED30049,412,1604,1235,9103,164,12518,0,6,0,74,3,85,5383,80,139,100,31,5733,124,26,4,16,0,171,329,110,51,148,7,647,2938,1363,972,8221,184,13681,620,13,92,12,4,739,151,23,23,70,0,276,451,165,104,1511,16,2247,606,157,90,418,16,1283,113,11,4,9,0,137,1990,45,28,25,8,2092,704,358,281,3549,41,4937,496,168,71,594,19,1346,981,0,30,5,6,1023,101,38,22,42,3,201,40,5,3,9,0,49,31,17,8,26,0,73,275,37,27,4,5,348,307,122,102,28,11,568,206,32,35,57,4,331,218,21,18,33,5,297,739,365,241,2446,32,3828,195,12,9,5,4,222,383,20,13,11,3,428,209,23,11,26,0,273,482,5,8,7,5,503,50,10,0,0,0,63,411,19,27,5,0,467,82,27,20,110,0,242,4233,369,323,560,56,5546,164,14,7,143,2086,2423,20177,3072,2326,18772,2556,46906
SED30050,289,1858,1547,13951,253,17904,0,10,8,85,0,106,307,17,36,145,12,517,67,10,5,33,9,120,498,118,89,249,10,971,5542,1813,1559,13658,303,22881,259,7,64,6,3,342,174,31,26,149,3,392,693,201,176,2313,43,3419,83,39,10,115,0,246,84,23,11,27,5,149,533,19,10,20,4,581,1184,471,343,5442,97,7525,424,157,63,592,14,1252,105,0,3,5,0,110,24,13,8,22,0,64,6,3,0,7,0,13,85,32,13,81,0,214,253,33,21,15,5,332,549,145,137,49,8,887,184,26,19,84,5,325,63,8,13,28,0,121,1444,454,398,3996,85,6376,30,9,3,0,0,44,251,30,15,14,0,313,130,20,9,62,0,222,46,3,3,13,0,69,22,0,5,0,0,29,57,0,3,3,0,66,186,56,29,205,6,478,1968,334,301,654,22,3276,109,27,22,342,3729,4228,12161,3490,2901,29748,4385,52691
SED30051,234,1513,1039,18491,414,21683,0,7,8,220,4,237,109,8,11,122,6,251,36,3,3,13,0,56,337,117,62,193,10,715,3061,1431,990,15690,444,21615,248,8,88,23,3,370,68,10,9,114,0,203,464,197,137,3756,80,4640,26,24,3,56,3,118,54,12,3,15,0,91,87,8,3,25,0,117,459,292,180,4312,81,5319,150,91,32,388,14,677,3,0,4,0,0,6,7,5,0,7,0,17,3,0,0,3,0,4,55,19,11,43,3,130,114,24,19,37,3,196,226,91,50,40,6,412,95,18,16,94,3,228,31,11,7,34,0,79,743,354,247,3917,102,5357,6,7,0,0,0,14,63,7,7,3,0,84,53,6,4,60,3,126,3,0,0,0,0,7,3,0,0,0,0,3,23,0,4,0,0,33,93,20,10,134,5,261,793,207,151,757,30,1935,79,33,23,609,4116,4847,6149,2703,1860,35344,5040,51102
SED30052,455,1889,1732,10666,177,14924,4,0,4,61,0,70,2571,56,99,90,17,2838,243,40,26,54,4,371,488,109,73,180,3,850,6460,1860,1458,10798,272,20842,464,14,87,8,10,581,264,35,29,131,4,465,781,178,143,1406,25,2537,362,89,37,230,0,719,175,20,11,43,0,248,628,16,11,24,5,685,1433,481,318,3998,61,6287,883,224,121,699,19,1939,306,3,13,3,12,332,93,28,15,64,3,199,65,10,14,18,0,109,145,39,13,68,3,272,608,55,34,15,11,719,828,186,153,35,7,1207,295,26,31,93,0,452,180,18,20,32,0,251,1574,484,331,2861,61,5309,143,22,5,15,0,179,327,32,30,13,4,401,262,24,12,43,10,349,89,11,4,4,0,105,78,17,9,12,0,111,137,7,16,3,0,155,196,43,28,140,9,415,4116,405,550,494,46,5602,183,27,26,221,3310,3763,19769,3769,3180,23027,3902,53648
SED30053,210,1230,943,21545,428,24365,3,3,4,197,5,216,138,7,6,202,13,360,11,8,10,5,0,31,196,90,68,150,3,515,1837,1016,833,15122,361,19179,338,14,83,26,11,470,69,11,14,97,3,199,284,148,119,2866,47,3472,11,13,6,61,0,90,27,8,0,23,3,60,132,4,3,15,0,154,362,239,204,4678,62,5545,190,134,47,867,19,1249,7,0,0,3,0,10,3,5,0,14,0,25,0,0,0,0,0,3,353,149,85,845,18,1441,206,40,22,34,7,309,202,103,59,54,3,423,25,13,9,74,3,119,23,10,4,59,4,100,509,306,222,4147,75,5252,10,3,3,11,0,20,114,6,8,10,7,149,45,7,4,43,3,105,9,0,0,4,0,17,3,3,0,0,0,4,6,0,0,0,0,6,61,17,13,128,5,222,712,198,144,991,38,2082,63,20,17,630,5615,6352,4847,2257,1739,38210,6481,53528
SED30054,330,2169,1712,10259,112,14586,0,0,0,39,0,43,1663,72,93,117,14,1961,38,14,12,22,0,78,641,156,85,191,9,1079,6299,2025,1490,10018,162,19990,221,7,49,6,0,287,302,44,20,110,5,477,929,237,161,1885,19,3233,124,38,25,101,4,288,92,28,13,16,3,147,1036,41,24,17,12,1122,1390,539,387,4450,67,6831,368,127,83,489,6,1078,342,0,23,3,0,363,35,3,3,40,0,77,11,0,0,0,0,10,38,15,5,37,0,94,120,19,8,11,0,152,318,138,91,25,3,575,251,42,28,79,0,403,151,17,16,21,3,206,1633,546,356,3566,37,6139,49,6,8,9,0,74,951,75,44,4,0,1071,162,20,15,41,0,235,280,10,11,3,3,301,22,3,0,0,0,30,157,4,11,10,0,178,275,53,37,174,0,547,2872,396,490,575,26,4362,99,22,7,155,1635,1909,16587,3902,3007,21930,1996,47419
SED30055,390,2406,1862,18468,296,23426,0,10,8,236,5,261,436,13,30,152,3,631,72,17,11,12,0,104,377,153,91,257,11,888,5210,2074,1634,15045,306,24264,411,11,78,17,8,523,148,24,29,123,4,327,552,240,168,2591,43,3591,52,20,13,79,0,166,89,31,11,32,0,164,244,23,14,26,0,305,956,369,288,4615,89,6323,301,171,76,620,14,1178,174,0,0,3,3,181,17,8,0,17,0,44,10,3,0,0,0,8,76,39,29,98,9,257,622,86,40,32,15,798,638,204,182,62,8,1095,137,22,15,85,3,252,57,6,9,52,0,124,1251,456,359,3645,60,5781,16,7,6,0,0,31,259,15,14,11,0,296,120,14,9,58,3,203,29,3,5,13,0,52,7,4,0,5,0,23,48,0,3,0,0,47,146,25,25,146,0,338,1941,413,313,747,52,3460,150,29,39,446,2530,3199,11443,4040,3138,33907,3217,55741
SED30056,246,1918,1464,9795,105,13530,6,0,0,48,0,56,2193,71,103,134,17,2514,72,27,11,40,0,156,360,102,78,219,0,761,3515,1856,1370,10512,169,17416,227,7,67,0,3,310,247,47,32,131,4,462,583,218,170,1771,32,2773,116,44,17,193,4,382,76,21,7,34,0,140,732,40,21,19,4,822,1100,639,473,5954,46,8207,685,220,104,769,12,1799,230,0,9,7,0,243,32,14,16,48,0,116,36,10,0,3,0,51,22,23,12,59,0,124,111,25,8,11,0,155,348,81,88,26,3,550,191,41,34,99,3,363,134,28,22,60,0,251,1009,495,403,4053,44,6002,57,4,9,7,0,83,207,32,24,9,0,270,229,6,19,46,0,299,105,22,10,14,0,149,27,4,0,0,0,32,177,4,10,9,0,202,145,41,22,195,3,403,3139,456,400,653,39,4682,67,19,11,161,3009,3270,13133,3693,2828,23004,3353,46006
SED30057,149,700,668,11729,269,13521,0,28,13,3001,19,3064,116,8,10,275,14,421,18,9,0,10,0,36,119,33,25,95,3,277,1250,544,506,6901,189,9402,522,7,107,25,4,667,44,4,14,67,0,127,264,71,63,996,9,1403,30,3,11,55,0,97,23,9,0,8,0,44,252,3,5,10,0,271,339,182,133,2623,47,3327,104,73,31,459,7,673,6,0,0,0,0,6,0,0,5,8,0,13,3,0,0,0,0,3,20,6,4,45,0,78,405,42,23,13,3,480,176,64,45,33,3,319,36,17,3,27,0,82,15,0,3,10,0,35,363,140,94,1903,36,2537,11,3,0,0,0,19,93,5,8,9,0,106,70,6,6,39,0,123,39,3,4,6,0,53,3,0,4,0,0,6,18,0,7,0,0,22,41,6,3,61,0,116,1171,137,139,416,27,1890,70,9,7,348,3399,3835,4552,1257,1109,21773,3905,32588
SED30058,408,1768,1456,9643,156,13435,0,10,8,67,0,79,2466,67,88,108,23,2747,89,18,3,37,0,138,416,118,83,212,4,835,4371,1579,1231,8933,197,16308,437,17,70,9,0,533,229,43,30,97,0,400,644,198,153,1749,23,2770,91,23,19,98,0,239,92,14,10,31,0,143,1442,37,44,27,4,1554,984,487,315,4008,63,5862,424,145,65,474,11,1115,301,0,16,5,0,322,132,35,21,29,0,226,49,11,4,4,0,65,59,11,9,42,0,124,219,41,22,10,0,290,428,114,101,45,7,695,294,34,34,105,11,472,143,11,13,52,0,214,1250,407,327,3058,50,5090,119,16,7,5,0,152,395,51,33,5,0,489,214,26,25,23,3,295,381,5,3,14,0,410,30,3,3,0,0,31,1626,11,40,26,9,1715,142,46,30,136,3,350,3943,377,431,530,35,5305,157,13,18,157,1739,2090,18121,3266,2677,20179,2201,46446
SED30059,474,2394,2045,13043,205,18158,0,11,4,90,0,105,1179,43,88,111,15,1438,164,38,16,41,0,253,579,158,93,184,13,1028,7789,2118,1717,11832,285,23747,340,24,82,6,7,454,292,40,34,104,4,478,857,207,169,1575,37,2840,161,62,41,128,5,405,143,24,7,23,6,202,482,16,15,23,3,540,1471,421,337,3921,81,6240,584,188,136,585,24,1515,266,0,7,0,3,278,65,24,17,57,0,159,34,3,8,3,0,50,145,44,29,88,3,311,587,79,40,34,15,750,943,253,206,44,8,1459,272,26,23,82,5,410,208,13,20,39,0,287,1900,463,422,3203,64,6050,108,3,6,15,3,132,682,58,46,6,0,791,182,29,26,56,5,299,57,3,3,4,0,72,41,17,3,5,0,68,60,0,10,0,0,69,275,54,29,162,3,529,3532,534,503,567,32,5162,174,37,22,247,3611,4091,18593,4275,3603,25716,4215,56410
SED30060,417,1713,1473,16303,368,20270,3,51,27,3164,34,3277,290,65,50,309,10,731,49,24,3,52,3,136,305,103,64,181,6,661,2514,1366,1122,11716,261,16979,472,24,136,37,11,684,93,18,32,79,0,218,464,187,173,1831,37,2689,88,37,16,191,3,335,51,14,7,17,4,92,553,16,20,30,10,626,509,323,252,4431,65,5583,1007,397,192,1955,45,3593,64,0,0,0,0,68,11,0,0,0,0,16,0,0,0,0,0,4,131,51,33,183,0,399,243,48,34,32,7,360,272,92,95,39,7,506,92,22,21,62,0,194,41,11,6,32,0,83,667,339,268,2968,61,4305,7,3,3,5,0,18,49,9,15,6,0,81,102,10,16,81,5,216,58,0,5,15,0,72,10,0,0,0,0,13,28,4,0,0,0,38,80,32,13,131,0,252,3202,420,479,1594,88,5778,180,35,29,490,3738,4461,9731,3211,2698,32427,4533,52611
SED30061,250,1446,1145,13980,195,17018,4,27,10,298,3,332,614,28,58,251,7,954,37,11,9,23,0,80,230,85,50,209,0,576,2386,1299,979,11799,189,16649,602,19,97,20,4,749,85,21,14,125,6,250,353,175,124,1779,21,2451,125,32,27,168,3,350,37,7,0,27,0,70,960,17,8,21,0,1007,502,352,266,4839,68,6028,424,213,114,1280,19,2045,87,0,3,4,0,96,6,0,0,16,0,24,9,0,0,5,0,7,27,19,11,83,3,143,138,33,32,26,0,225,201,104,63,45,0,416,89,24,14,80,0,216,46,7,8,41,0,102,640,344,278,3429,63,4759,14,3,3,5,3,27,192,13,7,6,0,222,138,25,17,81,0,267,126,3,0,4,3,138,5,3,0,3,0,11,151,3,7,0,0,163,84,26,22,140,7,273,2768,261,323,892,33,4280,121,21,12,315,2413,2886,9413,2685,2140,27601,2883,44724
SED30062,591,2854,2219,19913,328,25907,4,14,13,245,3,283,959,48,69,171,3,1256,84,23,3,36,0,140,602,161,122,292,11,1181,8711,2636,1927,16442,432,30147,1077,31,120,30,20,1277,284,33,28,145,6,493,826,293,187,2834,33,4167,75,42,12,165,3,300,161,20,9,45,4,234,1429,43,31,27,14,1543,1640,548,369,5149,70,7775,480,210,84,805,11,1585,167,7,8,3,0,189,27,14,4,19,0,60,26,7,0,0,0,31,88,48,22,107,0,265,1363,124,96,39,29,1656,1023,263,209,80,21,1586,182,35,25,107,0,345,116,8,6,37,0,176,2048,624,437,4129,77,7315,54,7,12,4,3,80,771,29,33,19,3,854,290,28,16,68,4,409,151,15,14,14,0,194,35,0,0,0,0,31,123,6,15,4,3,144,277,61,27,151,4,524,5054,548,423,852,73,6951,279,59,38,476,4051,4902,22458,5126,3812,37038,4956,73389
SED30063,192,1329,1066,18869,398,21857,0,8,3,154,0,168,147,12,17,99,3,279,20,6,4,10,0,45,324,78,69,189,11,662,2778,1395,1010,14803,445,20430,551,7,42,15,15,629,103,12,14,97,3,229,425,220,163,4910,92,5812,27,15,3,66,0,116,45,12,8,11,4,80,63,3,4,15,0,90,457,278,196,4528,126,5576,117,82,33,333,12,581,36,0,0,3,0,43,6,7,3,15,0,25,9,0,0,0,0,9,31,7,14,33,0,85,115,22,27,30,3,196,174,78,58,46,8,372,59,20,10,103,4,199,24,4,3,33,0,68,634,318,222,3908,88,5162,3,0,0,0,0,5,80,9,7,6,0,98,52,9,8,47,0,117,25,0,0,3,0,29,3,3,0,0,0,9,79,0,8,0,0,90,79,25,15,132,5,257,753,163,153,603,22,1700,79,39,22,653,3206,3999,5999,2472,1872,35830,4134,50313
SED30064,295,1995,1645,16107,271,20315,3,3,9,178,0,190,181,35,27,134,9,383,49,8,0,17,0,71,539,149,115,246,9,1055,5008,2068,1541,14198,318,23128,208,14,70,9,3,308,143,41,26,138,0,351,690,245,158,2561,56,3711,53,29,9,87,4,180,55,15,7,12,0,86,222,16,7,21,0,267,908,424,257,4594,79,6262,254,123,56,533,8,977,25,0,5,3,0,39,7,6,4,14,0,38,3,0,0,0,0,7,55,25,14,61,0,155,171,36,38,19,0,269,366,154,96,49,5,666,116,19,19,95,3,246,49,12,12,27,0,94,1212,517,374,3991,82,6169,14,4,0,5,0,18,215,20,18,4,5,262,53,9,9,63,0,136,28,3,3,6,0,42,0,0,0,3,0,5,26,0,3,0,0,30,165,43,27,187,8,424,1492,351,298,747,33,2920,96,30,18,399,3051,3594,9799,3710,2831,31389,3732,51460
SED30065,324,2140,1646,12754,207,17067,0,10,10,91,9,111,196,18,34,73,3,320,74,16,5,21,0,121,638,140,115,213,8,1109,7430,2035,1595,12972,277,24313,157,7,55,7,0,227,320,53,33,163,3,572,953,233,170,1905,32,3293,108,54,13,102,8,291,126,26,9,20,0,188,172,11,10,17,0,216,1307,473,344,4906,80,7105,493,189,63,581,10,1332,54,0,14,0,0,65,23,13,3,38,0,68,21,5,0,0,0,19,83,25,23,51,0,185,165,34,24,26,3,248,476,140,83,36,3,736,234,26,34,101,3,401,91,15,12,31,3,153,1657,559,369,4040,67,6698,23,3,4,13,0,45,291,31,37,11,0,374,130,10,7,67,0,216,34,0,3,9,0,51,15,4,0,3,3,26,36,0,3,0,0,43,265,35,31,179,7,517,1937,400,347,656,43,3381,102,26,23,276,3036,3470,13842,3982,2983,27704,3613,52125
SED30066,470,2067,1622,13161,264,17579,0,21,7,196,3,228,1286,47,77,148,15,1579,72,13,17,21,0,125,261,111,72,188,3,645,3760,1901,1346,12210,268,19487,1130,23,145,11,10,1320,165,31,21,114,0,330,501,215,162,2363,17,3252,90,53,24,129,0,297,81,21,9,29,0,137,2389,42,49,22,14,2515,996,572,347,5763,91,7767,636,247,93,842,21,1834,321,0,10,3,0,335,25,11,3,22,3,70,18,4,0,3,0,27,46,28,6,64,3,153,509,61,39,23,4,635,502,151,142,32,3,833,171,40,25,125,15,379,81,11,12,30,3,143,1055,493,377,3747,58,5739,38,3,4,3,0,43,118,32,10,12,7,171,261,16,13,40,4,332,212,18,8,6,0,236,17,7,0,0,0,22,226,11,17,8,8,267,113,50,25,165,3,347,4894,494,470,705,68,6630,206,28,37,269,2660,3196,16799,3945,3017,27613,3316,54688
SED30067,402,2196,1668,16399,229,20891,3,3,6,150,0,164,487,27,44,137,8,709,47,28,3,30,0,101,450,147,70,226,13,906,4805,2015,1443,13956,277,22494,681,9,115,29,13,841,157,33,19,130,0,336,588,245,158,2384,39,3422,69,23,10,75,3,180,73,22,5,34,0,135,791,28,16,34,7,879,956,490,327,4901,64,6731,359,187,84,662,17,1305,28,0,3,0,0,35,22,4,9,22,0,58,7,3,3,7,0,21,52,18,18,83,5,180,525,71,64,33,7,699,519,179,160,44,10,902,141,38,22,102,3,302,60,8,8,41,3,119,1205,483,363,3958,49,6062,22,0,0,5,0,31,439,29,25,7,0,506,165,14,9,59,0,249,84,4,11,0,0,102,21,3,0,0,0,26,62,0,3,0,0,65,156,42,38,194,4,435,2801,407,316,680,44,4253,138,31,14,374,2249,2812,12651,3927,2915,31406,2839,53732
SED30068,315,1916,1558,16319,356,20470,4,13,8,255,7,288,458,14,40,140,4,649,58,11,0,29,0,97,467,73,68,183,5,797,5538,1922,1446,14709,411,24025,432,7,107,4,5,560,160,33,10,129,6,336,568,235,130,2563,53,3548,68,29,11,76,3,184,112,20,8,25,3,162,287,14,15,20,7,339,981,454,278,4739,92,6544,296,101,44,556,4,1004,104,0,5,0,0,116,13,5,0,16,0,35,3,3,0,0,0,5,72,16,11,52,0,154,447,38,60,30,0,575,456,128,105,49,7,756,149,21,20,85,3,285,53,15,15,35,0,119,1301,444,350,3644,79,5823,27,0,0,0,0,27,117,13,18,11,4,155,112,10,5,37,0,173,21,3,0,3,0,33,22,3,0,3,0,32,83,0,11,0,3,102,158,45,25,169,6,392,1720,304,256,655,45,2986,133,26,27,423,3855,4456,11660,3525,2706,32170,4716,54770
SED30069,353,1964,1473,13095,271,17151,0,15,8,148,4,175,388,39,32,135,10,607,83,7,4,26,0,120,467,126,78,170,4,853,5973,1858,1372,12001,368,21577,414,8,87,17,4,528,196,45,31,106,5,378,584,240,122,2035,48,3030,97,24,20,94,0,242,102,27,7,32,0,173,241,17,14,19,3,292,1280,491,304,4827,83,6979,361,130,47,563,20,1116,27,0,0,0,0,28,42,12,3,20,0,76,4,0,0,4,0,14,76,24,6,58,0,175,661,73,43,37,10,821,623,155,135,43,13,966,165,31,13,74,6,287,146,8,15,42,0,208,1474,443,339,3380,68,5698,63,3,6,8,0,81,169,34,23,5,0,238,162,16,12,67,0,264,56,3,4,11,0,72,18,0,3,0,0,26,51,0,14,0,0,68,231,34,28,159,0,449,2100,374,246,628,36,3389,132,30,21,292,3035,3515,12928,3625,2631,26498,3759,49437
SED30070,338,2152,1671,14656,240,19051,4,7,3,109,0,132,220,34,49,112,3,418,98,31,14,50,0,183,593,136,99,217,3,1052,6827,2111,1629,13072,335,23969,194,8,54,6,11,271,177,33,17,139,3,370,626,245,164,2301,44,3380,115,32,21,130,4,297,88,18,12,29,0,144,278,21,18,21,0,338,1288,444,340,4279,67,6420,315,146,69,630,12,1169,21,0,3,3,0,27,38,8,3,41,0,91,19,4,0,4,0,31,87,20,33,77,0,217,392,75,33,23,0,525,543,196,173,65,3,978,189,53,34,81,3,357,112,16,25,55,3,213,1661,530,389,3618,71,6263,43,7,0,10,3,65,395,29,22,8,0,462,104,25,13,57,0,203,33,4,8,5,0,51,15,3,3,0,0,19,36,0,5,3,0,40,208,35,32,163,0,437,1967,318,301,629,25,3245,111,25,38,309,2264,2746,13259,3929,3056,28615,2892,51755
SED30071,149,1239,950,19466,366,22182,0,14,7,525,13,557,243,10,29,240,12,531,17,3,4,28,0,47,165,64,43,180,0,462,1536,1114,834,15469,301,19248,471,5,96,27,9,607,50,13,13,113,0,190,202,177,135,2903,43,3457,26,18,4,80,0,130,18,7,0,12,0,49,418,10,13,15,0,457,319,263,184,5225,70,6060,70,70,28,482,18,667,51,3,3,0,0,55,3,6,0,23,0,31,0,4,0,0,0,7,12,19,6,67,3,109,161,63,38,25,0,287,117,87,61,50,3,314,36,16,4,80,0,140,29,9,0,42,0,80,412,271,209,3989,38,4915,3,3,0,13,0,19,100,8,7,10,0,121,64,6,6,58,4,136,92,3,0,3,0,101,11,0,0,0,0,10,129,0,10,3,6,148,50,23,17,142,3,236,1162,223,196,948,32,2553,49,19,19,558,3729,4373,4975,2212,1694,36264,4430,49573
SED30072,382,1991,1540,12972,268,17162,5,5,0,138,3,155,889,40,60,118,10,1124,60,30,8,22,0,112,317,117,72,184,10,707,4367,1738,1322,11303,308,19038,1210,25,120,9,15,1380,124,27,26,107,5,295,499,212,151,2133,54,3045,92,43,31,102,0,268,87,17,9,22,0,138,1973,30,19,19,16,2060,1020,436,338,4877,85,6754,419,177,99,701,15,1406,89,0,10,3,0,103,39,10,0,39,0,97,10,0,0,0,0,16,52,15,6,54,0,133,418,42,26,27,8,517,447,133,124,47,5,753,175,28,34,104,3,345,98,12,6,25,6,145,1126,436,344,3378,70,5351,29,3,4,0,0,37,184,25,22,9,3,251,189,10,14,45,4,266,157,5,13,0,0,172,35,9,0,0,0,44,100,3,7,7,0,112,141,25,23,151,0,335,3350,364,390,566,54,4730,167,30,32,276,2180,2682,14716,3491,2775,26063,2909,49956
SED30073,336,1705,1442,8569,144,12196,3,12,6,114,0,134,3608,76,155,139,28,4008,141,31,9,45,0,230,367,150,87,199,4,802,4087,1610,1336,9585,161,16777,518,10,94,3,8,640,437,30,41,108,0,621,758,212,164,1674,27,2830,1076,172,90,464,58,1862,131,14,19,27,0,191,1797,52,23,14,15,1898,1376,615,449,5272,59,7773,947,231,131,738,21,2068,747,7,10,3,3,763,94,30,8,71,0,205,19,0,7,3,0,27,40,16,7,60,0,122,240,40,26,15,3,324,384,76,78,30,3,569,295,50,31,121,0,498,297,33,18,64,0,404,1118,447,382,3424,52,5427,199,23,0,15,0,236,185,19,18,16,0,233,470,15,19,53,7,565,287,8,11,9,6,324,122,5,0,4,0,128,972,19,28,12,9,1036,149,35,29,179,3,397,6389,475,497,708,62,8125,161,13,14,161,4526,4881,23235,3603,2948,20829,5063,55671
SED30074,153,1151,898,18505,383,21089,0,12,3,177,13,208,229,4,14,136,10,395,47,5,6,13,3,77,291,75,50,143,9,575,1967,1107,884,15272,368,19597,331,0,38,16,10,399,69,13,4,77,3,163,323,128,95,2942,61,3546,17,22,9,48,0,93,40,7,3,10,0,63,140,3,15,19,0,184,405,251,154,5605,126,6535,630,159,58,770,24,1641,83,0,0,3,0,90,12,0,9,12,0,36,10,0,0,0,0,10,18,4,3,22,0,50,86,28,22,21,0,158,127,53,33,30,4,247,78,17,7,64,0,165,34,7,3,32,0,78,503,268,225,4136,75,5209,15,3,0,0,0,20,103,3,7,8,0,118,61,10,5,37,0,118,24,0,0,5,0,27,9,0,0,0,0,9,18,0,0,0,3,21,51,23,12,125,3,217,848,159,134,476,22,1644,55,19,16,628,3362,4079,5572,2128,1612,35582,4214,49115
SED30075,545,1889,1705,11271,245,15663,0,24,6,119,0,156,3636,45,87,105,50,3923,255,32,17,37,3,342,419,106,62,191,7,780,6678,1731,1381,10571,284,20644,844,13,131,15,14,1015,289,30,20,102,10,454,812,198,160,1528,31,2733,217,51,31,125,8,436,191,26,9,25,3,253,986,31,14,21,8,1059,1416,416,323,3830,61,6049,578,165,92,553,18,1399,1421,7,20,4,5,1456,72,30,12,29,0,141,35,3,3,11,0,52,122,30,24,61,3,239,1101,58,79,18,21,1272,907,163,136,52,11,1269,270,27,16,70,8,379,228,12,17,38,0,292,1709,434,350,2882,54,5433,180,6,5,13,4,207,247,11,9,0,0,272,312,30,23,57,4,422,135,6,7,3,0,150,97,11,4,7,0,117,257,0,5,0,0,264,202,17,20,130,5,379,5818,391,456,492,67,7223,246,30,37,279,4803,5404,24498,3553,3093,23072,5522,59729
SED30076,431,2261,1697,11680,190,16259,0,16,3,76,0,90,1452,58,79,135,6,1737,103,20,8,24,3,157,477,166,76,216,9,944,5683,1954,1451,10159,240,19482,466,16,83,19,3,592,204,24,19,103,0,355,610,193,173,1819,27,2831,187,59,30,162,7,454,169,38,4,29,0,240,959,35,31,22,9,1055,1332,460,307,3671,40,5808,364,150,57,562,11,1149,490,5,10,3,0,506,111,29,13,33,0,183,18,3,0,14,0,39,57,29,17,42,0,150,800,64,41,20,20,943,716,211,139,48,8,1127,263,48,29,89,3,429,183,40,28,48,0,297,1526,451,346,2942,38,5307,129,11,6,11,0,164,358,33,34,8,0,430,191,20,9,52,3,270,122,8,17,3,0,146,26,11,0,0,3,36,156,11,0,7,3,173,177,38,23,111,0,349,3825,477,370,563,40,5277,197,39,21,220,1980,2453,17092,4029,2957,22800,2491,49374
SED30077,312,1845,1484,11845,190,15681,0,11,9,131,4,156,992,59,81,155,8,1285,46,19,9,29,0,109,263,117,64,230,3,685,3163,1659,1249,11696,198,17961,601,12,105,11,10,735,170,35,31,112,3,347,399,188,141,1991,25,2743,112,51,19,180,0,364,68,14,9,28,0,126,1163,33,36,24,4,1258,916,621,370,6106,74,8093,1003,304,127,994,27,2457,180,0,5,6,0,185,26,7,4,42,0,78,24,5,3,0,0,37,41,18,13,84,0,154,178,39,23,22,3,260,348,116,108,48,3,620,176,35,25,105,4,349,83,14,9,57,0,168,875,482,322,3868,53,5609,40,8,0,12,3,54,165,21,28,3,0,218,203,12,13,49,0,280,107,7,13,3,0,135,30,8,0,0,0,37,102,12,10,8,0,129,103,50,27,175,4,363,2943,374,336,645,45,4337,116,19,15,272,2460,2893,11970,3556,2697,26107,2954,47287
SED30078,752,1173,1027,5706,98,8763,0,11,0,40,0,56,16246,98,244,124,81,16795,243,20,31,23,4,315,224,55,28,81,3,393,3230,923,751,5075,122,10100,921,26,101,8,9,1062,114,11,13,40,0,182,379,129,88,944,22,1553,407,111,49,210,4,776,100,14,6,9,3,131,5116,75,40,20,29,5282,594,219,194,1958,29,2997,329,113,57,321,4,826,2085,0,24,9,3,2121,168,49,24,34,3,269,119,7,9,3,0,142,30,13,3,11,0,61,660,39,35,11,12,755,369,70,67,28,3,533,154,21,17,39,0,229,89,7,5,17,0,119,699,210,180,1422,35,2547,296,11,19,6,3,340,370,10,27,4,0,414,229,10,5,24,4,276,308,3,13,0,0,326,134,21,3,3,0,158,1242,37,33,12,9,1333,82,24,3,71,3,183,9422,424,373,378,84,10680,306,19,11,95,2173,2607,40448,2365,2039,11642,2638,59141
SED30079,612,1140,968,6312,181,9212,0,16,3,119,3,135,13254,86,232,103,94,13773,185,18,17,28,0,252,265,62,47,86,0,463,2959,1004,761,5946,154,10817,923,9,103,3,12,1050,85,20,10,51,0,159,388,118,84,1139,23,1748,301,88,41,136,7,567,78,11,9,6,0,104,3178,27,25,16,14,3259,500,282,197,2490,41,3511,346,81,41,318,7,796,2137,0,17,3,8,2170,49,20,3,22,0,93,56,3,7,4,0,80,25,11,4,28,0,65,383,25,43,4,12,473,258,52,51,16,3,384,184,24,20,36,6,265,184,9,4,26,0,230,633,247,197,1767,30,2874,306,23,22,12,0,364,111,9,7,3,0,133,246,30,22,25,3,318,251,3,4,10,0,266,36,6,0,0,0,45,1457,16,38,13,18,1541,68,14,8,76,3,166,8018,299,335,371,93,9127,361,20,18,152,2750,3307,34000,2205,1954,13293,3334,54785
SED30080,461,1810,1608,9893,170,13942,0,0,10,55,3,72,2171,42,81,113,15,2428,254,28,12,62,3,353,448,91,68,160,7,774,6390,1685,1403,10285,250,20016,490,10,78,4,7,588,339,38,28,135,3,542,869,208,159,1330,32,2598,353,97,38,185,7,677,223,30,15,23,6,296,1253,31,32,18,8,1345,1459,466,335,4025,73,6350,1183,225,108,607,25,2149,564,0,14,3,4,581,115,20,13,57,0,208,63,5,3,9,0,80,81,28,21,36,3,175,646,46,37,11,6,746,751,154,99,34,10,1038,328,41,23,58,3,452,297,17,17,27,5,366,1637,447,342,3020,45,5486,131,4,16,6,4,164,262,25,25,11,3,324,406,14,15,60,4,500,68,9,0,3,0,78,64,6,3,0,0,79,151,0,13,4,0,171,168,41,23,129,0,362,6135,428,446,495,55,7559,268,37,21,195,6332,6858,22751,3623,3005,22083,6916,58376
SED30081,270,1776,1371,19822,282,23522,0,53,15,563,11,633,197,20,24,286,6,544,16,3,0,20,0,48,224,103,67,222,5,627,2566,1593,1218,15267,319,20962,439,3,108,27,10,583,117,21,10,107,5,269,382,215,137,2248,27,3012,49,41,18,174,3,286,28,8,10,30,0,80,283,22,9,30,0,345,495,384,294,5187,66,6427,346,277,95,1768,22,2508,45,0,0,0,0,53,5,6,3,13,0,32,5,0,0,3,0,11,48,24,16,107,0,193,245,35,50,38,0,373,290,143,93,61,3,586,74,20,15,79,7,200,25,13,10,33,0,82,690,432,348,3767,48,5279,13,4,7,4,0,20,91,15,12,18,0,136,107,23,7,88,5,235,45,5,5,5,0,57,9,0,3,4,0,10,76,0,3,0,0,83,89,41,15,132,3,284,1552,373,286,1087,45,3334,95,23,22,405,3185,3733,7056,3321,2491,36279,3856,52997
SED30082,163,1458,1086,17237,297,20251,0,8,0,232,0,240,299,13,23,127,3,467,20,11,3,22,0,58,288,83,61,222,6,669,2288,1445,1036,15676,273,20724,311,3,81,25,3,421,82,11,17,125,0,223,327,231,150,4631,69,5406,36,22,8,53,0,120,35,13,5,37,0,86,276,12,7,12,0,306,507,396,243,6348,92,7584,165,105,36,444,14,767,55,0,3,5,0,63,20,12,7,56,0,85,3,0,0,3,0,6,21,11,9,24,0,61,98,30,16,19,0,158,137,95,77,40,3,355,70,24,12,92,0,203,25,7,9,25,4,77,619,400,270,4615,65,5960,14,3,0,4,0,13,129,14,10,21,0,178,59,8,9,48,0,119,54,0,0,3,0,63,8,0,0,5,0,12,61,3,7,7,0,73,90,30,18,195,3,338,1397,254,210,660,21,2539,74,23,15,423,3178,3704,6128,2769,1994,35720,3815,50427
SED30083,234,1349,962,16017,258,18823,3,9,3,173,3,182,755,19,18,113,8,906,33,14,0,20,0,63,317,70,54,194,12,639,2169,1313,964,14628,299,19374,416,11,69,7,9,519,84,17,16,106,6,232,359,229,154,4692,66,5501,27,27,4,62,0,119,36,6,3,11,0,67,734,21,5,21,6,788,515,361,260,5910,83,7125,152,73,40,519,6,790,127,0,13,8,0,149,20,24,17,88,0,145,5,0,3,3,0,9,18,13,0,31,0,60,126,38,19,13,4,196,160,69,50,42,3,321,71,16,17,97,3,210,26,3,10,26,0,69,601,366,269,4251,69,5553,14,0,0,0,0,22,207,11,7,11,3,239,98,4,4,46,0,154,162,0,3,4,0,175,14,3,0,0,0,16,28,4,3,7,5,47,75,24,24,166,3,282,3199,252,186,574,40,4245,129,16,16,366,3273,3802,9207,2549,1840,33473,3939,51015
SED30084,233,1574,1252,13743,260,17057,5,29,8,2522,21,2579,386,30,39,206,7,672,46,9,8,25,0,86,293,74,57,192,7,629,3151,1423,1154,12309,247,18283,517,4,111,18,7,661,154,24,28,139,5,349,551,194,153,1856,33,2790,153,66,34,183,3,438,40,10,16,22,3,97,382,13,10,21,0,428,784,464,319,5308,80,6956,478,273,110,1372,23,2259,89,3,0,3,0,96,8,8,3,13,0,32,6,3,0,3,0,14,45,22,9,66,3,151,169,39,20,21,4,251,292,106,62,49,3,510,111,19,16,61,0,208,58,7,11,35,0,109,963,400,302,3694,50,5400,15,11,6,6,0,36,127,13,21,5,0,166,146,27,14,88,0,271,53,16,0,5,0,68,11,0,0,3,0,9,48,0,0,0,0,58,117,19,17,176,3,331,2140,343,322,1287,53,4146,105,13,9,275,4155,4558,9215,3044,2353,30443,4766,49815
SED30085,75,705,658,17421,403,19261,0,0,0,261,9,272,121,4,15,101,3,236,17,3,0,20,0,43,118,40,51,116,0,320,1014,629,537,12270,289,14740,350,4,34,15,8,414,33,4,8,57,0,101,161,76,76,2611,51,2976,17,11,4,34,0,61,16,5,3,3,0,29,211,3,3,16,5,233,267,154,119,4018,58,4612,50,30,16,247,3,346,19,0,0,0,0,19,9,0,0,8,0,17,0,0,0,0,0,0,8,8,4,20,0,38,112,7,14,20,3,153,110,48,23,20,0,203,35,3,12,61,0,109,15,0,7,18,0,42,251,174,147,3343,66,3984,5,0,0,3,0,6,84,7,8,8,4,108,38,11,5,35,0,85,13,0,0,0,0,14,0,0,0,0,0,4,97,3,0,3,4,102,37,18,4,94,4,153,551,62,89,357,25,1084,54,27,11,598,4105,4790,3156,1247,1095,30784,4838,41111
SED30086,708,2461,1933,15506,342,20947,3,19,8,249,8,283,1090,29,54,137,25,1342,118,11,15,36,3,181,497,144,89,301,12,1044,6715,2024,1760,12861,395,23756,816,40,136,20,8,1024,157,17,11,113,3,301,848,259,193,2186,53,3534,120,62,26,116,3,327,195,22,4,43,3,263,964,40,25,23,13,1061,1199,431,331,3884,79,5922,249,118,74,536,10,993,168,3,8,0,0,180,112,38,10,45,0,214,19,0,4,6,0,32,68,24,16,69,0,176,2157,170,128,60,41,2558,987,238,187,86,9,1512,182,22,9,82,4,303,134,21,27,49,0,226,1670,458,388,3164,70,5750,115,11,6,5,0,136,204,34,29,12,3,287,279,20,16,60,5,386,90,5,3,5,0,103,53,4,3,6,3,70,253,5,14,7,12,287,174,32,23,110,6,346,7682,558,489,697,139,9569,368,48,42,441,4197,5094,22163,4356,3556,29029,5174,64271
SED30087,327,1783,1577,19519,342,23551,0,13,7,191,4,218,303,19,40,226,12,604,21,10,9,23,3,68,475,130,84,230,15,932,4303,1496,1308,15990,354,23454,389,15,79,26,8,514,172,18,16,129,5,332,616,211,167,2724,39,3751,50,15,12,98,3,183,50,12,5,18,0,81,335,8,11,31,4,385,840,349,294,5101,76,6656,394,172,96,1218,27,1900,49,0,3,3,0,60,26,3,3,3,0,39,8,4,0,3,0,16,314,143,103,750,9,1318,322,35,39,27,12,434,445,153,112,61,4,780,111,14,30,65,0,221,60,10,11,62,4,146,1068,403,309,4519,70,6369,15,0,5,5,0,31,437,26,27,16,10,519,117,10,11,74,3,212,55,0,0,14,0,71,7,0,0,0,0,7,45,0,3,0,0,54,176,34,30,188,7,436,1690,284,313,1110,49,3452,122,23,35,531,5213,5929,10419,3220,2751,37261,5997,59648
SED30088,1048,1982,1493,11913,323,16762,9,19,13,303,14,358,2023,35,89,94,26,2268,160,8,13,17,0,188,291,101,65,147,6,604,5098,1578,1181,9711,344,17913,900,24,104,25,10,1071,155,21,13,85,4,274,796,185,116,1600,33,2733,91,33,21,77,4,218,150,17,14,22,0,199,1580,48,30,26,11,1698,914,337,234,2788,64,4333,212,109,52,367,11,760,371,0,3,0,0,378,183,51,16,32,0,280,37,0,0,3,0,40,48,14,9,43,0,120,2369,150,126,50,57,2752,802,181,93,73,16,1164,150,25,16,64,0,256,79,16,10,26,0,128,1151,363,257,2201,45,4009,184,5,21,5,5,221,116,14,22,13,3,173,269,23,14,40,0,350,131,3,3,0,0,135,66,8,4,5,6,87,360,13,5,11,5,395,108,20,12,84,0,216,15818,605,494,535,257,17711,668,56,31,322,4738,5816,29806,3551,2723,21795,5703,63578
SED30089,407,2128,1593,11384,200,15703,4,8,3,79,3,95,1822,82,116,153,14,2192,133,18,20,30,0,204,325,148,75,232,9,779,3325,1896,1300,11141,210,17876,410,7,107,5,9,536,216,37,27,134,0,419,543,239,175,2004,27,2988,384,139,43,360,16,946,77,10,11,22,0,133,1297,30,11,34,11,1382,959,666,461,5672,59,7823,457,220,96,775,15,1568,289,3,10,7,3,312,58,20,7,73,3,158,31,6,7,3,0,39,32,18,3,45,0,100,220,36,18,17,0,295,327,134,87,33,3,583,217,49,30,117,7,425,227,31,18,69,4,353,962,565,399,3888,58,5877,145,13,3,17,0,177,153,29,11,9,3,204,245,18,20,41,3,332,244,15,9,12,3,278,40,5,3,0,0,54,661,13,20,19,16,720,108,39,26,202,4,375,4763,498,437,760,77,6540,155,24,18,176,2891,3274,15810,4102,2930,25079,3471,51391
SED39494,60,362,215,3075,64,3784,0,7,3,82,5,90,221,5,8,36,9,279,10,4,0,4,0,17,139,31,15,24,4,215,1303,281,189,2144,73,4000,54,0,11,6,0,71,97,8,4,32,3,140,196,24,21,379,13,620,13,11,4,24,3,53,7,3,3,0,0,16,79,3,0,5,0,80,273,59,47,728,22,1123,139,35,9,91,0,270,38,0,0,0,0,45,3,3,0,3,0,5,3,0,0,0,0,3,17,3,0,10,0,26,90,6,12,5,3,106,101,22,18,11,3,152,37,7,6,16,0,71,14,0,0,4,0,17,294,88,58,623,19,1085,6,0,0,0,0,7,26,3,0,0,0,33,42,3,0,12,0,57,14,0,0,0,0,12,4,0,0,0,0,3,32,0,0,0,0,32,49,4,4,41,0,106,689,54,31,125,28,930,48,3,7,88,2462,2603,3384,603,387,5483,2658,12510
SED39797,0,3,0,31,0,33,0,0,0,0,0,0,0,0,0,0,0,0,3,0,0,0,0,3,4,0,0,0,0,4,15,3,7,36,0,61,3,0,0,0,0,3,0,0,0,0,0,3,0,0,0,5,0,9,3,0,0,0,0,3,0,0,0,0,0,0,0,0,0,0,0,0,3,0,0,10,0,16,9,0,0,0,0,4,0,0,0,0,0,0,0,0,0,0,0,0,0,0,0,0,0,0,0,0,0,0,0,0,0,0,0,0,0,3,0,0,0,0,0,0,0,0,0,0,0,0,0,0,0,0,0,0,4,0,0,8,0,11,0,0,0,0,0,0,0,0,0,0,0,0,0,0,0,0,0,0,0,0,0,0,0,0,0,0,0,0,0,0,0,0,0,0,0,0,0,0,0,0,0,0,6,0,0,3,0,12,0,0,0,0,18,19,49,3,4,75,19,150
