SED_CODE_2016,Buddhism_M,Buddhism_F,Buddhism_P,Christianity_Anglican_M,Christianity_Anglican_F,Christianity_Anglican_P,Christianity_Asyrin_Apstlic_M,Christianity_Asyrin_Apstlic_F,Christianity_Asyrin_Apstlic_P,Christianity_Baptist_M,Christianity_Baptist_F,Christianity_Baptist_P,Christianity_Brethren_M,Christianity_Brethren_F,Christianity_Brethren_P,Christianity_Catholic_M,Christianity_Catholic_F,Christianity_Catholic_P,Christianity_Church_Christ_M,Christianity_Church_Christ_F,Christianity_Church_Christ_P,Christianity_Eastrn_Orthdox_M,Christianity_Eastrn_Orthdox_F,Christianity_Eastrn_Orthdox_P,Christinty_Jehvahs_Witnses_M,Christinty_Jehvahs_Witnses_F,Christinty_Jehvahs_Witnses_P,Christianity_Lattr_day_Snts_M,Christianity_Lattr_day_Snts_F,Christianity_Lattr_day_Snts_P,Christianity_Lutheran_M,Christianity_Lutheran_F,Christianity_Lutheran_P,Christianity_Orintal_Orthdx_M,Christianity_Orintal_Orthdx_F,Christianity_Orintal_Orthdx_P,Christianity_Othr_Protestnt_M,Christianity_Othr_Protestnt_F,Christianity_Othr_Protestnt_P,Christianity_Pentecostal_M,Christianity_Pentecostal_F,Christianity_Pentecostal_P,Christinty_Prsbytrin_Refrmd_M,Christinty_Prsbytrin_Refrmd_F,Christinty_Prsbytrin_Refrmd_P,Christianity_Salvation_Army_M,Christianity_Salvation_Army_F,Christianity_Salvation_Army_P,Christnty_Sevnth_dy_Advntst_M,Christnty_Sevnth_dy_Advntst_F,Christnty_Sevnth_dy_Advntst_P,Christianity_Uniting_Church_M,Christianity_Uniting_Church_F,Christianity_Uniting_Church_P,Christianity_Christian_nfd_M,Christianity_Christian_nfd_F,Christianity_Christian_nfd_P,Christianity_Othr_Christian_M,Christianity_Othr_Christian_F,Christianity_Othr_Christian_P,Christianity_Tot_M,Christianity_Tot_F,Christianity_Tot_P,Hinduism_M,Hinduism_F,Hinduism_P,Islam_M,Islam_F,Islam_P,Judaism_M,Judaism_F,Judaism_P,Othr_Rel_Aust_Abor_Trad_Rel_M,Othr_Rel_Aust_Abor_Trad_Rel_F,Othr_Rel_Aust_Abor_Trad_Rel_P,Othr_Rel_Sikhism_M,Othr_Rel_Sikhism_F,Othr_Rel_Sikhism_P,Othr_Reln_Other_reln_groups_M,Othr_Reln_Other_reln_groups_F,Othr_Reln_Other_reln_groups_P,Other_Religions_Tot_M,Other_Religions_Tot_F,Other_Religions_Tot_P,SB_OSB_NRA_NR_M,SB_OSB_NRA_NR_F,SB_OSB_NRA_NR_P,SB_OSB_NRA_SB_M,SB_OSB_NRA_SB_F,SB_OSB_NRA_SB_P,SB_OSB_NRA_OSB_M,SB_OSB_NRA_OSB_F,SB_OSB_NRA_OSB_P,SB_OSB_NRA_Tot_M,SB_OSB_NRA_Tot_F,SB_OSB_NRA_Tot_P,Religious_affiliation_ns_M,Religious_affiliation_ns_F,Religious_affiliation_ns_P,Tot_M,Tot_F,Tot_P
SED30001,349,483,833,5443,6298,11744,0,0,0,501,548,1051,7,11,15,6355,6878,13235,37,43,81,188,252,436,217,262,482,428,435,864,368,424,788,11,13,30,116,141,262,636,714,1350,838,903,1739,53,71,122,82,100,180,1178,1485,2666,1184,1286,2469,100,103,203,17749,19965,37721,201,182,379,172,194,362,29,32,64,0,0,5,40,48,84,91,117,208,135,160,294,12468,11296,23763,99,87,186,63,93,152,12632,11476,24110,3070,3045,6123,34332,35551,69881
SED30002,987,1156,2145,3066,3578,6639,0,0,0,603,649,1250,3,5,12,5253,5836,11088,35,32,67,293,313,607,86,141,230,256,300,564,199,242,441,65,73,139,175,224,399,473,509,989,621,755,1378,61,70,125,111,93,206,914,1124,2038,901,975,1869,55,67,119,13169,14994,28162,858,822,1676,725,681,1412,16,21,41,0,0,0,330,260,589,108,159,272,438,423,862,8324,7420,15745,88,53,146,29,60,87,8438,7535,15973,2045,1997,4044,26679,27634,54310
SED30003,194,268,462,2587,3021,5607,0,0,0,330,356,688,0,0,0,6703,7159,13865,19,19,37,133,161,290,26,45,68,22,27,51,125,160,282,3,4,13,57,47,109,187,248,433,491,523,1014,33,31,58,12,12,18,912,1213,2121,394,407,802,47,43,91,12090,13469,25556,205,198,397,76,58,134,50,34,79,0,0,0,34,22,58,65,80,143,103,108,208,8424,7393,15821,120,89,218,31,60,95,8580,7551,16127,1819,1768,3587,23111,23450,46556
SED30004,281,393,676,2668,3255,5917,0,0,0,598,711,1311,0,4,3,6165,7092,13261,30,35,63,200,198,401,58,95,160,65,66,128,144,181,321,17,21,35,100,134,235,364,407,777,542,645,1194,48,67,111,45,44,90,988,1432,2422,511,593,1106,35,32,68,12582,15010,27587,609,598,1212,205,175,378,10,8,16,0,3,7,152,145,300,62,70,136,216,227,442,5807,4951,10757,67,57,131,23,28,47,5899,5038,10942,1613,1621,3235,21419,23070,44487
SED30005,399,640,1040,3907,4264,8172,0,0,0,281,329,607,0,0,0,5971,6901,12867,34,52,85,129,141,263,120,151,272,28,39,63,254,301,556,19,7,31,94,121,213,366,430,793,673,833,1513,27,38,69,207,216,423,917,1180,2096,739,891,1632,31,30,62,13801,15921,29726,126,133,258,91,91,184,62,43,100,11,9,22,55,56,104,101,182,290,166,252,415,11679,10482,22162,117,104,214,68,80,154,11863,10671,22532,3447,3258,6705,29957,31001,60957
SED30006,174,252,429,5156,5697,10855,0,0,0,553,622,1172,4,6,10,5189,5808,10991,147,160,305,78,69,150,189,241,430,68,68,141,575,615,1192,3,0,3,111,104,209,373,416,793,811,852,1662,123,125,246,123,122,244,1756,1908,3665,875,997,1870,41,51,91,16166,17866,34035,51,54,103,32,46,77,19,23,38,14,7,25,21,19,43,101,185,288,138,216,352,8793,7777,16571,100,79,178,45,79,123,8944,7933,16872,3219,2954,6173,28739,29335,58081
SED30007,781,1046,1829,2313,2363,4672,0,0,3,270,316,590,0,4,4,5916,6527,12444,11,10,22,244,252,490,60,65,126,28,16,51,135,133,262,20,15,36,101,108,212,192,252,448,484,518,1001,28,24,55,47,30,74,557,694,1253,533,587,1117,26,25,52,10970,11942,22912,903,676,1576,762,576,1340,71,55,128,3,0,7,89,64,148,147,128,276,234,192,432,13059,11436,24493,203,158,361,74,88,161,13333,11680,25014,4969,4312,9279,32025,30487,62513
SED30008,298,474,774,4168,5128,9292,0,0,0,265,313,580,3,8,10,4828,5952,10782,46,69,116,295,320,617,119,168,287,65,71,132,174,205,380,57,43,105,87,126,212,202,287,491,755,941,1693,44,42,86,35,43,85,881,1254,2135,593,790,1379,37,50,87,12643,15808,28452,151,129,276,415,399,810,56,53,106,3,0,4,72,61,134,74,87,165,151,150,307,7848,7163,15011,86,65,147,54,90,139,7984,7316,15300,2728,2847,5571,24434,27169,51599
SED30009,204,320,523,3759,4813,8568,0,0,0,564,681,1246,10,9,20,4338,5216,9556,29,39,67,65,103,168,147,198,346,133,137,271,342,428,771,0,3,3,78,86,155,409,454,859,741,792,1531,30,48,73,26,34,61,1103,1472,2573,862,962,1830,29,36,69,12656,15509,28163,69,78,149,62,60,124,39,35,69,3,0,4,31,23,49,51,78,125,80,95,178,8445,8010,16450,82,72,154,59,101,160,8583,8183,16767,2008,1968,3973,23704,26250,49957
SED30010,288,444,739,3244,3618,6859,0,0,0,246,254,505,40,61,109,6571,7571,14139,14,16,28,335,349,685,41,48,90,66,81,148,140,179,315,12,17,26,68,74,141,199,269,466,550,626,1173,20,30,51,42,60,107,819,1155,1973,396,510,901,43,34,79,12831,14952,27782,340,283,621,174,166,341,29,28,58,0,0,0,136,105,240,71,88,156,210,190,400,8942,8246,17188,132,108,232,35,62,98,9106,8418,17520,2503,2399,4896,25467,26878,52351
SED30011,176,214,389,3617,4167,7787,0,0,0,446,486,933,92,81,167,3760,4391,8151,71,95,172,36,34,69,129,180,311,82,75,155,452,575,1023,14,8,21,121,135,258,249,298,547,754,853,1608,101,146,247,84,106,189,1544,2092,3641,615,742,1354,70,87,152,12216,14566,26784,85,84,167,108,87,195,5,6,14,7,3,9,25,29,55,38,59,98,76,87,164,6082,5410,11495,73,47,116,25,40,61,6184,5500,11679,2172,2146,4314,21015,22684,43702
SED30012,681,822,1507,4441,4964,9402,0,0,0,722,751,1470,5,6,10,7161,8101,15259,49,76,122,204,236,443,242,274,511,875,950,1821,315,344,658,64,54,116,378,383,760,1044,1188,2229,964,948,1909,115,136,247,302,293,588,1288,1519,2803,2062,2101,4164,98,108,210,20330,22420,42747,787,765,1551,472,437,904,14,18,31,8,14,23,186,156,348,123,182,303,313,352,666,12532,11398,23923,132,117,241,64,68,135,12726,11583,24304,3996,3857,7851,39316,40254,79568
SED30013,132,196,329,3953,3958,7911,0,0,0,242,230,472,0,3,3,6769,6695,13462,8,13,23,134,147,277,107,146,255,39,36,73,116,121,236,12,8,14,65,66,129,302,369,672,970,900,1870,93,113,208,96,119,221,1620,1863,3477,483,515,1003,24,25,49,15021,15328,30349,80,84,162,63,60,122,7,6,13,3,3,6,12,16,33,42,46,88,61,67,126,6106,4672,10776,63,50,116,19,31,50,6188,4748,10934,3842,2385,6226,25405,22862,48265
SED30014,259,417,676,3729,4501,8235,0,4,4,275,314,593,0,0,0,5570,6548,12122,15,33,51,192,207,401,75,103,175,59,62,117,171,225,400,10,7,12,81,75,156,340,393,732,655,730,1386,34,50,81,56,67,119,932,1171,2108,672,792,1467,24,27,52,12895,15317,28209,112,114,228,76,62,141,34,32,65,3,3,3,24,21,44,62,97,162,90,120,208,8682,8129,16818,73,62,134,46,101,147,8798,8300,17096,2380,2480,4861,24643,26841,51486
SED30015,162,260,424,4817,5028,9844,0,0,0,526,566,1092,36,40,80,4315,4497,8812,57,64,125,40,40,81,150,190,341,65,80,141,502,534,1038,5,3,13,197,214,410,233,254,490,965,922,1892,73,82,154,94,115,212,1774,2018,3793,754,817,1569,88,94,184,14694,15565,30262,39,33,69,64,42,109,10,18,26,4,12,18,3,7,10,53,87,136,64,97,162,6753,5792,12545,53,50,105,45,51,98,6853,5892,12745,2472,2158,4632,24353,24066,48417
SED30016,593,807,1398,3551,3908,7465,0,0,0,306,328,635,5,4,8,6187,6956,13141,25,40,70,152,147,297,134,197,328,75,105,179,174,214,387,13,13,30,123,157,274,452,639,1087,795,920,1717,47,60,109,166,205,367,879,1140,2022,735,842,1577,19,18,41,13839,15892,29737,469,442,913,151,125,277,29,25,56,15,11,20,319,261,580,126,157,286,460,425,886,9596,8311,17905,91,60,146,61,65,125,9750,8429,18184,4492,4307,8792,29778,30456,60238
SED30017,122,161,288,4966,5014,9983,0,0,0,667,676,1342,13,8,23,4177,4184,8362,34,45,79,42,28,65,149,186,332,43,43,82,724,729,1446,0,0,0,232,245,475,226,259,487,999,1005,2006,66,81,146,102,108,204,1751,1928,3677,641,661,1303,75,97,173,14896,15294,30192,80,40,117,81,30,114,9,16,28,18,22,42,21,21,41,68,87,158,107,128,235,5311,4203,9511,43,26,70,40,38,77,5386,4268,9657,3046,2508,5555,23735,22449,46182
SED30018,222,350,573,4252,5049,9303,4,0,3,531,627,1156,7,12,12,4536,5319,9855,51,67,117,72,89,156,133,181,310,31,32,65,252,304,559,3,0,6,83,86,172,331,433,764,730,883,1615,68,82,146,41,55,100,1280,1757,3038,734,882,1620,42,60,100,13181,15923,29105,99,84,181,39,34,65,20,12,27,8,0,8,34,35,70,45,73,117,88,108,196,8589,7564,16150,93,92,185,42,97,140,8729,7751,16475,2247,2218,4467,24619,26478,51095
SED30019,146,230,384,3650,4312,7965,0,3,4,599,680,1278,23,31,53,4922,5472,10396,33,34,71,174,191,363,122,143,270,101,103,201,181,244,422,12,5,10,94,106,202,284,323,611,781,785,1564,88,99,189,54,64,117,1274,1558,2827,597,671,1269,89,77,164,13086,14902,27984,151,155,314,76,90,164,24,17,38,4,0,7,72,60,126,65,107,170,145,165,311,7967,6693,14659,79,62,145,38,54,92,8088,6810,14898,1689,1585,3276,23399,23960,47361
SED30020,339,478,817,3247,3704,6951,0,0,0,409,492,896,111,124,239,6523,7294,13821,22,21,42,792,776,1568,102,116,216,63,54,112,174,210,382,12,8,22,87,102,185,446,482,927,729,804,1531,57,80,133,75,61,131,993,1361,2356,711,830,1539,37,45,87,14566,16572,31146,453,454,904,240,251,498,38,42,84,0,0,0,101,92,196,59,84,146,164,177,340,7057,6349,13403,83,65,148,30,51,78,7165,6460,13629,1931,1799,3733,24904,26242,51151
SED30021,349,474,826,3222,4001,7225,0,0,0,310,331,636,3,0,3,6737,7713,14451,11,8,19,257,243,501,66,82,143,36,33,64,137,164,302,19,15,34,58,68,121,193,229,421,560,620,1178,29,44,72,34,47,78,689,939,1621,399,514,914,29,27,55,12777,15056,27831,726,625,1354,219,197,419,40,51,92,0,0,3,274,192,467,75,100,171,349,293,645,8182,7270,15453,125,86,219,37,44,84,8352,7408,15756,2744,2560,5306,25560,26671,52226
SED30022,202,330,533,4331,4983,9313,0,0,0,676,770,1441,8,10,15,5103,5682,10784,47,47,96,189,207,398,76,121,197,129,130,253,222,290,518,8,6,19,116,139,261,259,326,580,840,932,1770,55,93,144,50,60,105,1278,1748,3026,736,839,1575,68,83,148,14194,16459,30652,94,83,178,66,49,115,23,22,40,0,3,7,39,56,102,57,96,151,101,159,262,7574,6750,14320,86,50,133,39,47,86,7691,6849,14542,1979,1979,3960,24351,25929,50283
SED30023,119,165,284,5659,6140,11794,0,0,0,521,562,1086,36,32,68,7116,7248,14359,230,238,467,48,43,89,140,158,292,71,81,153,1257,1355,2611,9,5,14,126,122,244,394,438,835,1492,1477,2968,79,101,182,94,108,202,1635,1814,3454,1141,1178,2314,39,47,83,20070,21135,41209,301,126,425,230,209,442,8,5,13,3,8,10,54,30,87,47,69,121,105,108,211,5223,4322,9538,52,36,90,25,26,59,5302,4387,9690,2678,2442,5126,28821,28577,57395
SED30024,173,250,427,5145,5258,10402,0,0,0,218,222,442,0,0,3,4693,4788,9478,25,20,46,49,41,92,242,300,544,48,54,96,681,686,1366,0,0,0,106,100,207,1135,1282,2423,571,527,1104,12,36,52,204,254,457,1233,1326,2556,819,809,1633,17,28,47,15201,15733,30939,60,47,110,95,79,172,14,15,30,157,156,311,27,30,52,67,83,150,255,265,514,6687,5651,12343,45,37,81,51,52,103,6789,5737,12530,3697,3231,6921,26287,25357,51639
SED30025,287,446,727,6063,7040,13103,0,0,0,502,573,1078,0,0,3,6562,7339,13902,40,49,92,228,267,489,179,234,416,366,407,777,428,427,856,20,12,31,154,145,301,736,808,1544,1061,1179,2237,55,85,135,100,118,222,1244,1616,2858,1240,1393,2628,107,111,216,19074,21823,40892,150,147,300,334,299,634,49,50,99,3,3,5,87,57,149,100,128,232,189,194,385,12185,11152,23333,83,95,180,58,82,139,12321,11330,23652,4052,3903,7957,36454,38192,74650
SED30026,246,380,626,3863,4544,8407,0,0,0,276,283,559,0,0,0,4999,5602,10603,14,21,35,117,132,258,199,226,429,46,47,92,149,172,323,3,9,12,64,71,131,293,363,655,709,745,1452,37,44,82,54,80,136,887,1186,2076,557,681,1240,31,41,72,12304,14253,26556,77,68,147,45,29,76,29,30,53,5,0,5,6,3,8,58,105,165,68,105,173,8295,7432,15732,71,63,135,56,122,181,8422,7621,16047,2464,2376,4844,23659,24862,48520
SED30027,137,222,359,3813,3964,7779,0,0,0,325,354,678,7,7,12,5473,5869,11339,17,29,39,32,37,69,180,245,425,40,41,88,162,165,323,3,0,3,77,83,161,283,349,634,727,722,1448,74,86,165,78,90,165,1610,1877,3488,605,664,1267,25,14,35,13525,14606,28128,64,64,129,42,28,62,11,9,17,11,0,14,17,10,26,76,108,180,100,124,219,6898,5825,12723,55,38,94,39,55,89,6990,5919,12902,3881,2747,6624,24740,23708,48456
SED30028,164,242,411,3022,3472,6497,0,0,0,738,817,1557,0,0,0,5863,6561,12426,21,22,44,99,103,203,82,95,176,45,39,83,224,272,495,9,7,23,129,125,257,442,528,965,687,770,1457,44,56,98,25,38,64,1071,1362,2437,600,723,1327,42,40,81,13145,15047,28193,202,169,368,83,83,168,18,18,38,3,3,7,37,27,64,58,78,139,95,115,210,7009,6368,13377,83,69,155,35,44,77,7132,6477,13612,1634,1562,3200,22466,23727,46194
SED30029,155,242,400,3337,3721,7065,0,0,0,614,647,1260,0,0,0,5270,5703,10968,49,62,109,61,81,141,38,64,103,76,91,169,203,203,406,4,4,9,89,77,166,331,355,684,648,696,1342,27,47,76,23,29,53,1165,1468,2632,619,665,1280,73,66,141,12624,13975,26599,107,82,183,45,41,93,20,23,44,0,0,0,25,32,57,62,91,150,84,118,204,7705,6905,14612,96,84,184,37,61,94,7838,7054,14893,1699,1599,3305,22580,23144,45719
SED30030,301,439,748,4273,5044,9322,3,0,4,400,423,816,0,3,3,5599,6355,11953,55,62,113,261,258,519,166,196,359,231,221,449,184,267,454,15,18,33,99,98,192,461,522,981,775,866,1643,64,77,140,92,103,191,1004,1266,2270,1019,1179,2198,46,73,121,14745,17028,31772,184,185,368,220,218,436,46,60,107,6,3,7,77,58,135,95,114,211,176,182,356,10241,9084,19326,79,74,155,34,71,102,10350,9225,19577,2573,2526,5098,28598,29861,58463
SED30031,249,287,535,4659,4799,9455,0,0,0,535,577,1114,9,3,7,6024,6103,12129,60,67,128,104,100,207,88,123,206,82,79,161,294,346,640,3,0,7,109,108,219,358,407,765,1095,1017,2116,81,131,217,47,58,106,1389,1558,2949,719,732,1454,45,41,89,15718,16253,31972,225,236,462,157,151,307,11,16,22,3,0,8,53,38,86,48,89,136,103,125,228,9000,7483,16481,103,85,184,28,46,79,9132,7611,16739,2850,2497,5346,28442,27173,55616
SED30032,308,398,703,4397,4805,9195,0,0,0,640,627,1273,19,15,35,4358,4673,9031,20,30,50,43,61,102,209,255,464,76,86,158,345,377,723,0,0,0,121,135,259,335,357,691,793,832,1616,54,60,114,82,125,203,1483,1738,3223,993,1123,2118,72,84,152,14036,15386,29423,40,42,78,36,27,60,3,13,15,7,9,12,6,10,17,127,186,310,138,197,332,9382,8516,17898,107,86,192,70,138,205,9561,8733,18294,3777,2688,6465,27887,27495,55380
SED30033,317,416,728,2437,2817,5248,0,0,0,295,341,637,13,16,25,6001,6934,12937,18,32,46,588,599,1187,67,96,159,59,58,114,146,194,335,22,16,37,73,72,147,263,339,604,456,556,1008,31,37,63,50,57,105,698,1054,1754,422,529,954,20,25,44,11657,13767,25419,582,502,1086,489,472,959,35,32,66,3,0,3,184,157,345,66,72,132,253,232,485,7392,6867,14259,134,90,226,36,57,93,7562,7011,14574,2020,2002,4016,22909,24419,47328
SED30034,100,122,223,4161,4129,8287,0,0,0,245,249,494,10,9,17,5552,5463,11015,11,13,22,31,40,74,84,102,192,36,43,83,178,193,372,0,0,3,137,134,268,296,306,604,637,538,1171,55,73,132,50,46,98,1460,1603,3063,653,663,1315,19,22,44,13619,13620,27242,85,74,160,43,51,95,3,3,6,13,14,25,30,26,56,40,47,88,80,87,171,4526,3607,8135,60,48,108,24,23,44,4604,3675,8279,2994,2329,5319,21543,19956,41497
SED30035,179,277,456,3931,4358,8295,0,3,3,405,436,841,54,50,105,3776,4097,7875,41,63,100,37,34,75,233,271,505,77,85,166,251,305,556,3,3,9,209,252,464,253,298,544,729,748,1478,99,125,224,85,110,196,1893,2252,4145,865,949,1808,28,30,52,12969,14468,27432,31,33,69,22,24,51,14,20,32,5,6,13,16,13,31,83,146,223,102,164,268,8166,7143,15309,91,90,184,53,84,132,8307,7317,15624,2764,2601,5366,24399,24902,49300
SED30036,187,293,480,5028,5902,10932,0,0,0,618,709,1325,31,32,63,4480,5427,9905,30,29,54,89,70,152,151,201,349,43,57,106,375,433,803,5,6,13,92,113,207,291,359,652,963,1071,2033,89,122,211,54,83,135,1359,1807,3170,562,694,1258,26,35,64,14280,17142,31426,116,118,233,63,70,137,12,16,25,12,13,21,13,9,20,64,119,185,86,144,228,7842,7131,14968,76,69,150,37,69,111,7956,7272,15230,2653,2615,5275,25362,27672,53035
SED30037,128,195,322,3969,4150,8120,0,0,0,284,317,598,7,11,16,8578,8376,16958,4,7,11,96,115,210,129,191,312,30,39,67,188,212,401,4,4,9,72,71,144,348,358,709,649,656,1304,58,85,141,78,100,179,1295,1500,2798,515,501,1018,16,20,33,16333,16709,33044,47,38,88,38,33,71,3,4,8,13,3,17,184,137,323,61,93,155,255,238,496,7317,6081,13402,69,53,123,23,35,63,7411,6172,13581,2820,2360,5177,27038,25748,52783
SED30038,2105,2515,4617,2338,2765,5101,0,0,0,537,658,1195,0,3,3,5624,6035,11656,22,25,42,235,239,473,117,165,283,324,347,672,142,201,345,124,137,263,250,286,533,474,581,1053,517,544,1057,51,85,134,123,131,256,851,1004,1851,914,1029,1944,60,53,110,12696,14277,26977,447,403,849,1227,1205,2437,25,19,42,8,9,11,197,129,326,102,144,244,307,276,577,7463,6434,13894,72,50,122,43,37,83,7573,6526,14099,5600,3289,8887,29987,28512,58495
SED30039,573,779,1359,2616,3267,5881,0,0,0,334,368,702,4,4,12,4326,5087,9416,15,10,24,144,155,300,30,41,73,19,23,40,256,294,550,10,7,20,113,154,266,156,201,359,534,601,1133,17,19,36,32,36,71,959,1224,2189,478,595,1080,42,36,73,10091,12130,22221,634,589,1224,712,818,1532,86,72,159,0,0,0,53,57,112,101,102,203,153,161,320,9589,8741,18330,152,79,235,34,56,91,9775,8886,18657,2298,2195,4489,24319,25630,49953
SED30040,167,231,401,3756,4237,7993,0,0,0,589,653,1242,32,31,63,5083,5683,10769,125,172,298,64,74,141,118,137,258,195,243,434,494,567,1060,11,16,28,153,177,330,449,514,962,741,780,1524,104,151,264,55,76,139,1403,1788,3195,769,846,1614,143,166,304,14285,16321,30608,172,125,299,58,57,116,8,14,24,3,10,16,30,20,48,77,143,217,104,177,278,8113,7176,15291,105,86,192,30,52,82,8256,7308,15567,2472,2358,4831,25532,26592,52119
SED30041,152,234,383,4421,4889,9308,0,0,0,644,644,1292,59,56,111,5020,5429,10445,72,87,151,60,67,130,109,151,265,202,248,445,792,903,1697,0,0,0,89,130,223,332,425,753,691,822,1514,103,143,248,112,124,235,1601,1832,3429,761,802,1558,169,199,372,15233,16953,32188,61,48,110,56,44,102,9,21,25,4,0,3,9,7,15,79,145,225,93,150,240,8547,7606,16150,79,76,149,32,57,87,8653,7740,16393,3033,2634,5669,27287,27823,55108
SED30042,187,278,463,3703,4186,7889,0,0,0,760,825,1582,27,14,41,4782,5564,10345,50,61,116,59,68,129,161,184,346,125,125,246,279,350,627,8,13,15,215,241,449,377,404,775,775,842,1617,78,117,196,217,270,485,1208,1530,2739,1061,1160,2222,134,168,298,14008,16124,30136,193,187,383,64,65,124,21,32,52,3,4,3,64,49,106,78,122,206,142,171,318,8928,7932,16864,103,81,187,43,58,95,9071,8073,17145,2314,2215,4525,26005,27143,53146
SED30043,201,310,508,4235,5119,9352,0,0,0,528,583,1107,0,0,0,5017,5708,10721,80,83,160,76,81,160,142,182,328,68,75,139,295,360,651,11,5,20,85,107,193,495,612,1107,742,954,1699,46,90,135,45,73,121,1144,1629,2774,837,991,1827,19,29,49,13868,16683,30556,110,91,197,50,44,92,22,17,37,0,3,3,33,26,55,50,76,125,85,100,185,9028,8337,17368,81,71,155,50,70,118,9156,8484,17644,2133,2151,4287,25627,27877,53503
SED30044,198,272,469,4614,5015,9627,0,0,0,535,600,1134,4,9,19,6814,7201,14015,25,28,53,29,43,76,122,144,268,85,85,167,183,211,394,0,5,7,113,151,266,349,408,759,997,1037,2034,96,145,241,68,71,139,1658,2020,3677,762,796,1564,42,28,76,16516,18004,34522,190,143,333,173,91,261,3,4,12,4,9,13,42,36,72,76,90,164,120,129,252,7114,6070,13184,76,71,149,41,44,80,7233,6184,13417,2965,2363,5325,27395,27187,54580
SED30045,214,262,477,4365,4685,9058,0,0,0,721,759,1478,8,12,21,5486,5839,11330,186,201,389,53,47,97,111,157,270,63,67,129,1246,1351,2591,7,9,11,78,92,171,296,304,599,766,747,1508,103,121,219,137,174,305,1467,1681,3145,1022,1071,2094,327,324,648,16428,17636,34068,115,86,204,272,177,450,8,12,22,0,4,3,43,31,70,99,128,231,143,161,302,7369,6525,13893,70,66,134,36,42,77,7470,6631,14108,3034,2560,5595,27682,27539,55221
SED30046,411,451,860,3846,4249,8097,0,0,4,452,482,929,5,0,7,4911,5166,10079,29,38,67,260,241,503,159,214,373,198,211,414,258,275,530,9,10,21,177,201,383,465,507,971,655,731,1390,42,70,112,168,205,369,917,1172,2087,859,917,1778,49,57,103,13453,14749,28204,214,220,437,327,331,657,19,10,26,0,0,3,99,94,196,155,196,350,255,291,550,7923,6853,14781,91,60,151,64,60,127,8078,6974,15056,2285,2139,4424,25050,25162,50214
SED30047,231,351,583,3637,4267,7897,0,0,0,571,641,1210,43,48,91,5428,6171,11603,7,23,33,170,191,361,116,137,247,72,56,133,161,179,341,4,3,5,113,113,226,263,312,569,735,794,1533,51,70,115,34,60,96,1037,1461,2503,532,633,1166,61,75,138,13030,15240,28269,171,190,357,81,60,138,18,18,29,4,4,9,69,48,113,48,101,155,124,155,277,8145,7281,15421,79,73,153,39,71,111,8261,7421,15680,2042,2039,4080,23958,25468,49425
SED30048,140,211,351,3115,3547,6657,0,0,0,219,248,469,3,4,8,5610,6121,11727,36,45,77,30,51,79,121,171,292,40,40,83,176,217,399,3,7,11,96,101,200,346,430,776,696,647,1340,41,43,88,135,170,311,1556,1905,3461,560,589,1153,55,68,123,12851,14398,27252,154,157,312,81,73,155,3,6,4,0,0,0,73,49,120,50,72,120,125,121,242,5837,4732,10570,64,51,116,35,63,96,5937,4843,10785,2463,1808,4267,21742,21621,43364
SED30049,707,862,1571,2115,2441,4558,0,0,0,668,758,1425,5,9,14,4589,5381,9964,20,24,49,774,797,1572,75,91,165,106,112,219,218,256,470,27,23,55,162,178,341,677,805,1489,592,693,1286,53,67,118,187,229,418,854,1165,2018,837,933,1763,28,30,57,11992,13996,25995,646,614,1254,540,542,1082,28,16,50,5,0,7,225,207,433,76,94,170,305,305,604,6592,6026,12619,68,41,108,38,43,82,6700,6105,12805,1821,1730,3554,22738,24177,46906
SED30050,244,420,670,3581,4255,7838,0,0,0,439,496,937,0,0,0,4686,5446,10130,26,36,60,79,91,167,167,199,362,64,65,133,239,337,572,14,16,30,60,80,136,352,422,775,744,879,1623,47,64,118,31,33,58,1055,1409,2462,608,747,1353,28,28,58,12198,14609,26809,195,184,382,98,70,170,22,32,54,0,3,5,73,54,132,59,97,154,135,158,293,9519,8768,18282,114,112,225,81,128,205,9709,9005,18714,2803,2804,5607,25416,27280,52691
SED30051,112,212,322,4703,5136,9842,0,0,0,403,438,838,91,92,182,3967,4458,8423,69,85,149,35,37,74,198,210,413,33,37,69,397,471,873,0,0,0,303,310,617,290,315,602,996,917,1910,95,141,232,60,61,119,1771,2149,3926,825,900,1724,56,41,101,14285,15810,30098,30,39,71,20,11,32,3,4,7,7,8,13,10,8,15,74,117,190,90,129,220,7630,6405,14038,59,43,106,35,54,89,7724,6511,14233,3501,2622,6125,25767,25333,51102
SED30052,489,698,1185,3733,4435,8166,0,0,0,216,261,481,3,0,4,5837,6741,12572,15,25,43,407,415,821,51,86,141,76,103,179,117,170,284,38,23,56,69,71,133,329,410,736,604,745,1353,14,24,44,32,43,76,941,1272,2214,658,788,1446,29,25,54,13169,15640,28811,187,193,382,178,167,349,90,101,188,0,0,0,91,73,163,82,110,188,174,177,348,8859,8102,16956,98,69,166,54,83,134,9007,8250,17257,2521,2603,5129,25816,27833,53648
SED30053,85,138,226,4836,4652,9491,0,0,0,266,263,537,7,8,7,7256,7077,14333,26,22,41,19,22,47,111,165,271,26,39,62,274,293,558,3,0,4,91,90,183,184,225,409,1007,868,1873,74,104,172,119,119,243,2527,2586,5108,673,665,1339,107,103,209,17604,17289,34893,53,54,99,42,58,103,0,5,8,4,0,5,5,7,12,43,74,112,47,75,127,6188,4795,10981,56,55,107,26,52,82,6274,4895,11167,4401,2513,6913,28510,25023,53528
SED30054,288,445,726,3437,3936,7370,0,0,0,673,775,1446,0,3,4,4540,5019,9564,11,17,29,128,138,265,29,40,71,38,47,91,270,331,598,7,7,16,143,157,294,164,184,345,627,632,1257,21,29,52,27,33,56,1331,1652,2991,540,616,1161,49,55,108,12046,13673,25723,347,355,700,116,125,240,63,74,143,4,0,4,47,39,81,71,108,176,122,140,266,8321,7436,15758,113,85,196,47,69,111,8479,7590,16069,1781,1773,3552,23240,24178,47419
SED30055,171,279,455,4253,4841,9090,0,0,0,623,724,1353,61,49,108,5095,5819,10916,37,39,70,67,85,151,194,236,423,207,210,414,299,280,578,3,4,3,146,180,325,334,400,729,772,814,1579,76,106,179,159,190,353,1239,1485,2732,917,972,1889,94,101,194,14555,16528,31087,82,91,170,32,32,66,16,19,27,5,6,11,21,13,32,81,130,211,104,150,253,9796,8994,18787,86,83,168,39,61,98,9921,9137,19060,2353,2265,4624,27237,28508,55741
SED30056,279,416,702,2114,2620,4737,0,0,0,216,272,487,3,0,8,4652,5386,10037,11,12,24,176,187,365,34,41,78,17,11,30,134,171,309,10,9,17,55,63,120,121,168,288,418,456,876,54,29,86,19,13,32,642,833,1474,365,430,792,21,34,50,9060,10746,19805,330,269,600,226,196,422,36,49,78,0,0,0,52,34,82,72,74,146,126,106,228,9704,9112,18816,175,112,286,61,70,126,9939,9292,19226,2587,2358,4942,22583,23423,46006
SED30057,68,91,156,2236,2238,4474,0,0,0,579,570,1147,201,214,414,4176,3986,8165,20,18,36,42,34,83,59,85,136,70,46,113,108,124,236,0,0,0,84,58,141,263,293,556,436,388,821,33,48,75,46,74,119,875,929,1807,317,317,630,10,18,24,9552,9436,18988,100,80,183,50,41,86,3,4,11,65,80,145,26,15,37,23,30,58,114,124,237,4661,3726,8382,41,22,58,17,19,37,4716,3768,8482,2386,2050,4440,16996,15598,32588
SED30058,651,847,1502,2564,3120,5683,0,0,0,573,615,1186,7,3,12,4964,5646,10604,50,52,104,198,230,424,50,70,122,58,44,94,274,334,608,29,29,58,97,113,216,227,271,501,591,617,1209,46,61,113,35,47,78,1181,1428,2609,503,552,1053,46,60,107,11484,13291,24782,569,573,1147,382,373,755,37,46,86,0,0,0,155,119,270,93,112,210,248,235,477,7544,6522,14067,75,74,149,30,54,83,7652,6641,14297,1682,1723,3407,22708,23739,46446
SED30059,313,512,826,4247,4986,9235,0,0,0,482,547,1029,6,8,9,5109,5913,11020,32,43,72,226,221,449,142,176,320,206,206,405,163,177,335,13,24,37,95,111,203,757,899,1659,791,892,1682,40,47,85,90,113,206,1266,1474,2742,1021,1207,2226,32,27,60,14709,17066,31781,124,114,240,104,93,205,70,62,135,0,3,7,48,40,86,78,147,228,123,191,316,8904,8144,17053,104,60,167,58,77,132,9065,8291,17354,2704,2850,5557,27223,29189,56410
SED30060,206,307,516,4530,4912,9438,0,0,0,278,302,577,6,11,15,6407,6823,13232,19,29,43,123,134,254,241,316,552,69,91,156,128,140,268,0,0,3,123,125,243,450,522,971,843,835,1675,27,43,74,144,182,327,949,1188,2139,677,778,1452,20,16,38,15018,16445,31468,84,74,156,58,56,115,6,3,11,20,21,33,286,267,554,141,149,284,441,435,876,7349,6392,13738,64,45,117,35,48,75,7445,6486,13933,2831,2700,5535,26101,26515,52611
SED30061,220,318,541,3087,3518,6601,0,0,0,370,384,758,4,0,4,5706,6386,12086,19,28,47,147,170,310,62,91,156,40,60,98,109,143,255,38,38,74,129,161,289,344,445,788,738,857,1591,76,94,167,92,108,203,994,1411,2410,519,591,1113,26,27,52,12502,14513,27010,247,243,490,280,263,551,19,20,38,8,8,11,56,53,110,71,83,155,133,145,278,6363,5543,11908,104,76,182,29,23,55,6493,5642,12140,1938,1744,3682,21827,22892,44724
SED30062,280,391,672,5035,5918,10957,0,0,3,960,1039,2003,22,28,52,6719,7744,14464,39,48,81,121,148,273,211,246,457,199,247,444,320,430,752,15,20,30,358,372,730,678,740,1419,932,1126,2064,108,141,250,176,218,394,1363,1806,3172,1427,1690,3119,80,103,177,18781,22063,40845,512,521,1033,173,152,322,26,24,45,3,3,5,159,129,288,104,150,259,269,280,548,12030,11051,23078,108,89,195,60,78,131,12199,11212,23409,3270,3250,6515,35507,37886,73389
SED30063,149,208,356,4485,4790,9277,0,0,0,407,446,850,3,4,9,4409,4605,9011,109,106,210,34,29,58,228,285,517,69,91,162,1164,1157,2315,0,0,0,112,116,233,268,314,589,890,847,1741,120,126,241,126,129,253,2042,2209,4250,880,982,1861,136,154,291,15468,16404,31877,27,27,53,38,18,56,7,4,13,7,5,6,4,6,13,67,127,195,82,138,221,6709,5675,12388,77,50,124,36,54,96,6824,5778,12609,2753,2375,5126,25358,24958,50313
SED30064,267,416,688,3679,4279,7958,0,0,0,661,721,1382,70,68,136,3792,4285,8080,49,78,129,43,56,98,197,306,509,89,119,210,280,356,641,8,5,16,135,144,280,438,471,907,751,785,1529,76,105,185,105,123,231,1330,1626,2957,1040,1190,2230,21,22,44,12759,14740,27505,65,68,134,54,51,100,14,13,33,3,3,8,21,16,38,87,123,214,113,144,259,9028,8420,17449,100,95,197,65,137,205,9196,8654,17846,2505,2397,4901,24973,26485,51460
SED30065,258,416,670,4253,5019,9264,0,0,0,239,283,522,4,0,5,4458,5090,9549,15,14,28,102,119,222,97,118,223,17,21,41,253,324,571,3,0,3,65,84,156,271,337,607,742,854,1596,48,55,104,38,38,73,874,1112,1988,521,620,1145,25,33,53,12019,14126,26146,64,64,126,19,26,45,37,46,80,0,0,0,10,10,17,71,114,188,86,123,208,10165,9340,19505,115,86,199,73,130,209,10357,9552,19910,2481,2460,4942,25318,26813,52125
SED30066,334,490,820,2727,3328,6051,0,0,0,478,545,1026,4,3,7,6884,7745,14631,29,29,59,143,150,286,83,111,193,82,87,172,189,216,398,16,18,30,140,140,283,295,343,639,640,738,1383,60,83,142,53,70,124,1025,1316,2338,584,697,1284,38,42,74,13456,15674,29127,784,740,1525,289,245,533,18,22,39,11,3,15,657,502,1160,90,116,208,759,623,1382,8795,7497,16291,121,107,234,39,49,89,8958,7654,16610,2326,2319,4645,26919,27771,54688
SED30067,190,282,476,3823,4381,8200,0,0,0,839,862,1695,6,9,19,5546,6071,11614,18,27,47,87,90,175,117,151,274,90,98,187,187,250,444,24,23,45,156,167,330,506,590,1099,827,851,1679,76,124,203,68,64,139,1265,1625,2897,1030,1128,2156,68,62,132,14743,16590,31331,292,311,601,89,95,183,7,3,17,3,6,8,89,66,157,63,104,170,162,176,338,8777,7576,16352,102,62,163,41,40,83,8913,7683,16597,2192,1996,4186,26596,27138,53732
SED30068,224,316,538,4969,5598,10568,0,0,0,434,545,982,3,3,9,4830,5677,10509,42,53,95,92,97,191,140,197,336,109,109,218,302,348,647,5,8,11,118,156,270,311,330,640,972,1062,2030,88,111,197,72,103,181,1323,1702,3031,707,796,1504,61,60,124,14599,16958,31556,76,91,171,66,65,130,13,10,22,3,10,14,18,18,35,87,161,247,110,185,295,8501,7506,16003,86,71,156,59,76,142,8651,7653,16301,2777,2980,5753,26517,28257,54770
SED30069,232,360,587,3770,4434,8201,0,0,0,471,597,1062,5,0,6,4986,5844,10834,19,33,53,137,151,281,170,221,394,87,109,202,256,338,600,7,6,18,122,168,293,253,318,570,764,880,1645,73,129,195,52,63,111,1045,1324,2371,681,772,1451,37,42,82,12936,15428,28366,90,97,181,40,43,80,18,18,38,0,0,0,25,15,38,87,151,235,112,164,281,7696,6953,14650,95,79,176,49,91,132,7837,7126,14957,2437,2509,4949,23704,25734,49437
SED30070,160,250,413,4382,5109,9492,0,0,0,678,771,1445,3,3,3,5013,5504,10518,29,34,69,149,176,323,124,134,258,124,145,266,360,430,791,3,3,3,121,130,257,362,386,749,795,867,1657,40,66,108,73,129,207,1496,1753,3251,749,829,1575,64,83,149,14571,16551,31116,71,75,149,67,69,138,13,12,26,6,3,10,48,46,89,55,93,152,108,141,253,8208,7170,15377,97,97,195,36,57,93,8340,7318,15659,2082,1924,4005,25412,26339,51755
SED30071,159,234,396,3884,4677,8559,0,3,3,520,586,1106,9,4,17,6249,6880,13132,32,27,54,46,46,89,107,135,244,68,73,140,144,180,323,6,5,14,72,108,176,343,424,767,934,1025,1951,141,202,342,45,60,99,1391,1883,3278,629,713,1349,20,29,54,14637,17056,31690,168,135,303,142,84,223,9,7,15,18,18,34,40,36,81,72,92,163,131,150,278,6233,5353,11592,107,77,184,35,24,56,6369,5457,11822,2566,2284,4848,24174,25403,49573
SED30072,242,340,581,2984,3670,6656,3,0,3,585,683,1273,0,0,0,6250,7150,13401,16,26,38,134,118,252,102,123,228,70,99,171,165,189,349,28,26,56,106,125,228,288,317,612,648,738,1389,88,117,206,47,57,112,968,1395,2359,577,705,1285,43,46,84,13102,15602,28707,619,628,1242,183,155,337,11,16,23,9,9,17,386,338,721,61,77,140,457,427,882,7396,6614,14010,92,80,167,43,70,113,7532,6761,14296,1969,1918,3889,24111,25846,49956
SED30073,856,1145,1999,2036,2123,4160,0,0,0,222,269,493,0,0,3,4628,5185,9810,10,14,20,994,1084,2081,39,49,84,73,71,139,139,185,323,21,22,38,87,77,166,203,228,435,402,485,885,10,12,21,54,35,85,504,635,1138,480,543,1023,20,27,45,9918,11039,20955,824,649,1467,642,442,1082,73,68,141,0,3,8,170,134,308,123,130,254,291,273,570,11791,10354,22144,186,141,330,59,99,164,12036,10600,22640,3678,3143,6821,28326,27348,55671
SED30074,107,103,212,5514,5886,11402,0,0,0,325,399,721,85,81,170,5911,6378,12294,39,56,95,42,40,83,115,163,273,69,82,154,252,260,514,4,4,10,101,94,189,229,296,525,982,949,1930,74,100,177,125,132,255,1441,1662,3108,681,682,1357,37,40,70,16027,17295,33324,53,52,100,27,30,53,9,8,13,3,3,5,22,24,45,73,91,165,102,119,219,5442,4694,10140,45,38,84,32,44,70,5521,4773,10291,2520,2372,4888,24361,24755,49115
SED30075,522,827,1346,3492,4344,7837,10,9,19,322,365,688,3,3,3,5340,6306,11642,82,94,178,293,321,615,132,174,299,125,117,237,217,263,477,58,56,119,114,159,273,216,299,516,827,928,1758,48,61,111,61,59,123,940,1196,2136,842,1028,1870,43,62,104,13157,15855,29009,362,369,731,611,501,1114,66,75,144,3,3,7,92,65,156,89,138,230,188,210,393,10453,9427,19875,119,82,203,55,80,133,10624,9586,20209,3581,3207,6795,29111,30624,59729
SED30076,306,481,788,3337,3664,6998,0,0,0,604,653,1256,6,0,4,4728,5354,10081,40,67,106,297,275,571,119,161,276,264,281,543,295,342,634,18,11,29,141,146,293,754,806,1556,678,800,1480,57,62,116,160,188,349,1090,1358,2447,1045,1248,2296,69,74,142,13693,15489,29183,279,263,540,327,280,612,31,35,67,4,0,5,158,116,271,72,92,162,226,215,442,7423,6330,13753,71,58,126,28,45,78,7524,6429,13958,1972,1824,3790,24360,25015,49374
SED30077,235,343,573,2432,2939,5372,0,0,0,357,433,792,11,10,19,6517,7355,13874,18,22,38,137,151,287,60,78,143,32,53,81,115,142,256,18,33,52,75,86,157,234,323,560,509,530,1040,25,39,61,24,43,67,780,1081,1864,460,552,1013,26,34,59,11831,13900,25734,392,351,746,188,190,382,19,25,46,0,3,4,177,151,331,72,91,164,251,242,496,7728,7013,14734,107,105,209,51,62,109,7881,7173,15055,2054,2195,4250,22855,24430,47287
SED30078,1702,2141,3836,1593,1812,3409,0,0,0,586,673,1258,19,20,40,3974,4653,8626,17,23,42,588,640,1228,58,89,144,176,189,364,157,218,373,132,150,277,278,312,591,489,600,1086,775,740,1514,25,35,68,137,168,304,827,1006,1837,1001,1184,2191,53,57,111,10901,12574,23474,1195,1157,2353,2365,2374,4736,13,9,21,0,0,0,1047,788,1838,156,137,295,1203,932,2135,9346,8627,17972,53,30,88,23,23,48,9421,8685,18107,2274,2196,4471,29073,30066,59141
SED30079,1520,1860,3379,1803,2087,3886,0,0,0,497,552,1048,9,9,19,4028,4548,8578,48,50,100,513,529,1045,87,107,187,133,151,285,122,176,300,55,50,101,313,336,647,438,508,946,674,780,1457,13,25,42,114,139,255,936,1167,2104,893,1062,1960,50,60,111,10743,12329,23073,1112,844,1955,1437,1154,2587,21,18,33,3,5,8,621,472,1090,111,134,243,730,609,1339,9117,8273,17398,77,47,124,43,42,85,9240,8362,17600,2469,2336,4814,27272,27510,54785
SED30080,527,795,1325,4136,4663,8796,5,0,8,206,210,417,0,0,0,5869,6489,12359,40,50,89,396,466,867,77,76,152,83,73,157,151,209,361,36,36,71,81,88,166,191,261,454,720,706,1425,22,30,52,22,29,56,843,1012,1851,568,660,1226,22,32,52,13473,15101,28578,590,445,1039,387,240,629,128,139,262,0,3,4,332,210,545,104,139,243,440,350,792,9050,8129,17181,83,76,162,53,69,121,9186,8274,17455,4253,4045,8299,28975,29399,58376
SED30081,115,166,285,4033,4761,8796,0,0,0,320,398,721,12,13,18,7054,7762,14818,11,10,26,95,125,220,79,112,190,55,74,129,158,183,343,20,10,27,86,94,178,375,462,842,821,894,1715,130,164,296,78,112,193,1352,1630,2981,584,682,1266,49,46,97,15312,17536,32850,71,56,125,62,64,128,5,3,10,11,18,28,28,13,43,56,94,152,95,123,218,7655,6810,14465,92,65,155,31,27,54,7778,6897,14675,2478,2231,4710,25922,27074,52997
SED30082,189,217,410,4279,5110,9388,0,0,0,353,411,763,7,3,10,5611,6332,11935,174,196,369,36,51,84,126,175,303,67,66,133,676,829,1507,8,4,10,106,104,212,462,477,941,830,1013,1842,60,97,160,105,144,251,1190,1535,2725,1015,1278,2298,33,41,82,15135,17874,33010,113,91,206,101,83,193,17,8,28,10,10,24,36,30,64,73,108,186,130,153,281,6035,5347,11378,97,83,182,32,44,78,6163,5474,11635,2458,2209,4666,24317,26114,50427
SED30083,258,326,586,4027,5070,9100,0,0,0,360,489,843,96,85,174,5363,6285,11646,269,331,600,48,38,86,101,144,250,64,83,148,747,944,1683,20,19,41,107,127,239,493,615,1107,800,967,1765,60,96,157,93,109,201,1081,1556,2638,1112,1396,2509,55,73,130,14898,18415,33311,338,297,634,529,447,977,6,5,19,0,0,5,78,60,135,94,130,221,167,190,362,5467,4856,10321,89,65,152,23,37,59,5580,4957,10537,2177,2421,4595,23959,27055,51015
SED30084,219,282,500,3327,3601,6923,0,0,0,292,311,598,5,5,14,6156,6682,12836,11,9,22,184,185,368,89,108,193,52,50,99,140,165,308,3,3,8,202,230,431,410,505,918,697,725,1425,78,71,150,66,84,150,927,1179,2105,564,634,1199,19,26,49,13230,14576,27806,135,124,255,98,73,176,13,8,19,14,6,15,42,39,73,72,96,167,124,133,261,7875,6802,14673,86,72,157,38,70,110,8000,6940,14938,3113,2746,5858,24932,24882,49815
SED30085,59,93,152,4965,5083,10053,0,0,0,202,204,404,3,3,8,5057,5099,10154,77,97,170,22,19,45,76,111,188,21,21,40,379,401,776,0,0,0,78,56,137,277,300,579,962,960,1926,59,87,140,57,59,115,1189,1234,2429,541,540,1082,28,13,43,13993,14287,28276,74,50,125,36,33,70,7,4,14,3,0,5,51,45,97,26,47,71,83,91,173,3919,3015,6937,41,30,67,22,19,39,3977,3065,7043,2825,2435,5264,21061,20050,41111
SED30086,450,616,1071,3878,4645,8522,11,16,23,667,750,1413,6,14,17,5320,6031,11354,25,36,61,256,245,497,277,348,621,427,457,882,343,459,802,10,4,14,226,233,460,772,898,1670,799,954,1756,83,82,166,226,300,528,1114,1378,2494,1251,1423,2668,90,126,223,15791,18390,34183,299,258,563,806,776,1580,15,11,26,10,5,19,176,128,307,104,136,233,295,266,560,10139,9045,19183,115,79,195,50,76,122,10300,9196,19498,3422,3372,6800,31380,32897,64271
SED30087,218,330,550,4716,5051,9766,0,0,0,308,330,640,0,0,0,7468,7686,15157,14,13,28,65,80,139,150,173,319,32,41,71,256,302,560,3,8,9,88,95,183,295,339,640,933,779,1704,28,52,83,110,151,265,1940,2243,4185,734,810,1546,91,92,188,17231,18243,35480,114,104,215,66,58,118,19,13,30,0,0,0,33,28,59,45,67,112,81,92,174,8632,7406,16036,89,68,164,38,49,84,8761,7525,16288,3856,2942,6794,30344,29304,59648
SED30088,668,790,1463,2966,3282,6254,0,3,5,1026,1030,2062,7,7,12,4586,5228,9811,23,42,62,253,270,529,206,267,477,567,652,1216,173,230,398,64,48,112,347,384,729,768,892,1660,758,834,1591,54,68,124,453,504,954,956,1114,2064,1485,1593,3076,84,121,210,14782,16568,31349,449,407,860,2713,2295,5003,12,3,11,3,4,5,263,195,465,146,206,351,414,408,815,8730,7584,16314,71,70,139,55,69,122,8852,7722,16580,3812,3680,7497,31702,31878,63578
SED30089,401,677,1077,2454,2751,5206,4,4,4,348,421,769,6,10,10,5262,5952,11215,23,21,40,602,618,1217,62,94,157,78,107,187,173,216,384,61,53,109,99,128,227,251,333,584,492,490,978,30,37,63,50,60,110,870,1119,1987,616,727,1351,41,39,85,11525,13163,24687,505,385,892,537,408,953,33,36,71,0,4,7,223,186,408,95,104,193,318,294,607,9433,8459,17895,144,120,258,44,77,119,9620,8649,18270,2525,2312,4839,25468,25920,51391
SED39494,93,82,179,854,785,1639,0,0,0,81,69,149,0,0,3,884,768,1651,7,12,19,17,18,37,31,30,61,22,17,41,48,44,86,0,0,0,29,28,61,57,65,118,177,150,329,23,18,41,21,20,44,229,232,462,183,197,380,6,9,15,2682,2458,5143,33,27,65,41,20,69,6,10,12,6,3,7,7,7,13,23,33,60,34,45,82,2148,1665,3817,21,19,39,28,25,44,2191,1707,3905,1846,1220,3063,6937,5572,12510
SED39797,0,0,0,11,10,27,0,0,0,3,3,6,0,0,0,13,27,44,0,0,0,0,3,5,0,0,0,0,0,0,0,3,3,0,0,0,0,0,0,0,0,0,3,3,3,0,0,3,0,0,0,0,3,4,0,0,0,0,0,0,37,55,91,0,0,0,0,0,0,0,0,0,0,0,0,0,0,0,0,0,0,0,0,0,20,16,33,0,0,0,0,0,0,20,16,33,8,12,22,66,87,150
