SED_CODE_2016,F_Mauritius_0_4,F_Mauritius_5_14,F_Mauritius_15_24,F_Mauritius_25_44,F_Mauritius_45_54,F_Mauritius_55_64,F_Mauritius_65_74,F_Mauritius_75_84,F_Mauritius_85ov,F_Mauritius_Tot,F_Myanmar_0_4,F_Myanmar_5_14,F_Myanmar_15_24,F_Myanmar_25_44,F_Myanmar_45_54,F_Myanmar_55_64,F_Myanmar_65_74,F_Myanmar_75_84,F_Myanmar_85ov,F_Myanmar_Tot,F_Nepal_0_4,F_Nepal_5_14,F_Nepal_15_24,F_Nepal_25_44,F_Nepal_45_54,F_Nepal_55_64,F_Nepal_65_74,F_Nepal_75_84,F_Nepal_85ov,F_Nepal_Tot,F_Netherlands_0_4,F_Netherlands_5_14,F_Netherlands_15_24,F_Netherlands_25_44,F_Netherlands_45_54,F_Netherlands_55_64,F_Netherlands_65_74,F_Netherlands_75_84,F_Netherlands_85ov,F_Netherlands_Tot,F_New_Zealand_0_4,F_New_Zealand_5_14,F_New_Zealand_15_24,F_New_Zealand_25_44,F_New_Zealand_45_54,F_New_Zealand_55_64,F_New_Zealand_65_74,F_New_Zealand_75_84,F_New_Zealand_85ov,F_New_Zealand_Tot,F_Nthern_Ireland_0_4,F_Nthern_Ireland_5_14,F_Nthern_Ireland_15_24,F_Nthern_Ireland_25_44,F_Nthern_Ireland_45_54,F_Nthern_Ireland_55_64,F_Nthern_Ireland_65_74,F_Nthern_Ireland_75_84,F_Nthern_Ireland_85ov,F_Nthern_Ireland_Tot,F_Pakistan_0_4,F_Pakistan_5_14,F_Pakistan_15_24,F_Pakistan_25_44,F_Pakistan_45_54,F_Pakistan_55_64,F_Pakistan_65_74,F_Pakistan_75_84,F_Pakistan_85ov,F_Pakistan_Tot,F_PNG_0_4,F_PNG_5_14,F_PNG_15_24,F_PNG_25_44,F_PNG_45_54,F_PNG_55_64,F_PNG_65_74,F_PNG_75_84,F_PNG_85ov,F_PNG_Tot,F_Philippines_0_4,F_Philippines_5_14,F_Philippines_15_24,F_Philippines_25_44,F_Philippines_45_54,F_Philippines_55_64,F_Philippines_65_74,F_Philippines_75_84,F_Philippines_85ov,F_Philippines_Tot,F_Poland_0_4,F_Poland_5_14,F_Poland_15_24,F_Poland_25_44,F_Poland_45_54,F_Poland_55_64,F_Poland_65_74,F_Poland_75_84,F_Poland_85ov,F_Poland_Tot,F_Scotland_0_4,F_Scotland_5_14,F_Scotland_15_24,F_Scotland_25_44,F_Scotland_45_54,F_Scotland_55_64,F_Scotland_65_74,F_Scotland_75_84,F_Scotland_85ov,F_Scotland_Tot,F_Singapore_0_4,F_Singapore_5_14,F_Singapore_15_24,F_Singapore_25_44,F_Singapore_45_54,F_Singapore_55_64,F_Singapore_65_74,F_Singapore_75_84,F_Singapore_85ov,F_Singapore_Tot,F_South_Africa_0_4,F_South_Africa_5_14,F_South_Africa_15_24,F_South_Africa_25_44,F_South_Africa_45_54,F_South_Africa_55_64,F_South_Africa_65_74,F_South_Africa_75_84,F_South_Africa_85ov,F_South_Africa_Tot,F_SE_Europe_nfd_0_4,F_SE_Europe_nfd_5_14,F_SE_Europe_nfd_15_24,F_SE_Europe_nfd_25_44,F_SE_Europe_nfd_45_54,F_SE_Europe_nfd_55_64,F_SE_Europe_nfd_65_74,F_SE_Europe_nfd_75_84,F_SE_Europe_nfd_85ov,F_SE_Europe_nfd_Tot,F_Sri_Lanka_0_4,F_Sri_Lanka_5_14,F_Sri_Lanka_15_24,F_Sri_Lanka_25_44,F_Sri_Lanka_45_54,F_Sri_Lanka_55_64,F_Sri_Lanka_65_74,F_Sri_Lanka_75_84,F_Sri_Lanka_85ov,F_Sri_Lanka_Tot,F_Taiwan_0_4,F_Taiwan_5_14,F_Taiwan_15_24,F_Taiwan_25_44,F_Taiwan_45_54,F_Taiwan_55_64,F_Taiwan_65_74,F_Taiwan_75_84,F_Taiwan_85ov,F_Taiwan_Tot,F_Thailand_0_4,F_Thailand_5_14,F_Thailand_15_24,F_Thailand_25_44,F_Thailand_45_54,F_Thailand_55_64,F_Thailand_65_74,F_Thailand_75_84,F_Thailand_85ov,F_Thailand_Tot,F_FYROM_0_4,F_FYROM_5_14,F_FYROM_15_24,F_FYROM_25_44,F_FYROM_45_54,F_FYROM_55_64,F_FYROM_65_74,F_FYROM_75_84,F_FYROM_85ov,F_FYROM_Tot,F_Turkey_0_4,F_Turkey_5_14,F_Turkey_15_24,F_Turkey_25_44,F_Turkey_45_54,F_Turkey_55_64,F_Turkey_65_74,F_Turkey_75_84,F_Turkey_85ov,F_Turkey_Tot,F_USA_0_4,F_USA_5_14,F_USA_15_24,F_USA_25_44,F_USA_45_54,F_USA_55_64,F_USA_65_74,F_USA_75_84,F_USA_85ov,F_USA_Tot
SED30001,0,3,5,8,4,3,0,3,0,28,0,0,0,0,0,0,0,0,0,3,0,0,0,7,0,0,0,0,0,7,0,0,5,10,11,13,27,12,0,83,38,420,486,1452,613,392,201,51,18,3668,0,0,3,5,3,4,3,0,0,24,3,0,0,3,4,0,0,0,0,17,0,0,5,23,22,4,5,0,0,57,0,10,26,112,66,53,18,12,0,297,0,0,0,15,6,6,7,4,0,44,0,9,16,44,37,43,32,9,5,184,0,5,9,24,8,6,0,0,0,48,3,35,80,189,113,57,33,3,3,514,0,0,0,8,8,4,7,0,0,28,0,0,0,13,4,8,5,0,0,37,0,4,0,21,5,3,3,0,0,40,0,9,4,39,3,11,0,0,0,67,0,0,0,3,0,0,0,0,0,6,0,0,3,6,9,0,0,0,0,24,9,16,12,24,14,10,6,0,0,86
SED30002,0,3,3,3,6,0,7,3,0,20,0,0,0,3,4,3,0,0,0,10,0,4,4,33,7,0,0,0,0,42,0,0,0,9,8,9,20,22,9,83,37,232,300,651,321,178,80,21,10,1831,0,0,0,0,5,8,6,9,0,27,3,15,12,38,7,5,4,0,0,89,0,3,0,40,20,14,3,3,4,83,3,26,46,181,107,74,23,13,3,479,0,0,0,14,7,17,6,0,0,44,0,3,4,17,19,34,37,12,6,142,0,4,5,31,9,11,3,0,0,70,0,20,66,104,81,38,20,7,3,343,0,0,3,9,17,10,3,4,3,42,0,11,10,76,50,25,8,6,3,192,5,4,27,154,39,41,9,3,0,282,0,5,5,38,7,5,0,0,0,62,0,0,6,12,5,7,0,4,0,39,0,0,3,7,3,0,0,0,0,16,4,4,3,25,10,12,5,3,0,76
SED30003,0,0,0,0,0,0,0,0,0,3,0,0,3,3,0,3,0,0,0,12,0,0,5,24,3,3,0,0,0,38,0,0,3,15,11,4,18,9,7,65,3,46,56,236,144,86,46,11,4,625,0,0,0,3,6,5,7,0,0,22,0,0,0,7,0,0,0,0,0,8,0,3,9,42,24,11,7,0,0,89,0,3,10,55,30,22,11,0,0,122,0,0,0,17,7,10,8,7,4,51,0,10,4,29,23,25,23,10,6,136,3,8,5,14,8,10,0,0,0,56,0,12,30,106,59,38,20,3,4,270,0,0,0,0,0,0,4,0,0,10,4,0,0,18,8,11,4,0,0,45,0,0,9,20,3,3,3,0,0,44,0,0,9,25,9,4,3,0,0,59,0,0,0,7,5,0,10,0,0,22,0,0,0,3,3,0,0,0,0,9,3,35,21,57,29,11,15,3,0,173
SED30004,0,0,0,0,0,0,0,0,0,4,0,0,3,11,0,3,3,0,0,27,0,0,3,16,7,4,0,0,0,33,0,3,0,5,10,10,13,9,3,51,0,79,101,278,150,115,71,32,10,830,0,0,0,0,0,3,7,3,0,15,0,0,3,17,3,0,0,0,0,25,0,5,21,38,43,14,14,6,0,136,0,19,37,144,77,59,23,3,0,356,0,0,0,10,8,8,7,0,6,30,0,3,6,21,19,23,33,14,3,118,0,6,3,14,14,7,6,3,0,52,0,31,40,103,53,35,23,4,4,286,0,0,0,0,3,6,3,0,0,9,0,8,0,41,12,20,10,9,4,110,0,6,7,42,11,13,4,0,0,85,0,8,3,24,14,11,8,3,0,55,0,0,0,4,3,0,0,0,0,11,0,0,0,0,0,0,0,0,0,0,0,19,9,26,8,7,9,0,3,78
SED30005,0,0,0,4,0,4,5,7,0,23,0,0,0,0,0,3,0,0,0,3,0,0,0,5,0,0,0,0,0,5,0,5,3,36,20,28,29,8,6,136,5,79,58,299,258,211,103,35,8,1046,0,0,0,5,17,6,5,7,0,38,0,4,0,3,3,0,0,0,0,18,7,59,76,164,95,63,23,3,0,496,0,8,24,108,70,57,23,4,0,297,0,0,0,20,6,8,9,3,0,48,0,11,6,49,50,44,41,11,0,218,0,5,0,8,11,7,3,0,0,43,3,28,23,97,57,29,12,6,0,256,0,0,0,0,4,8,0,0,0,13,0,3,11,18,5,9,3,0,0,41,0,0,0,21,3,0,0,0,0,31,3,7,17,69,38,15,5,0,0,149,0,0,0,0,0,0,0,0,0,0,0,0,0,3,3,3,0,0,0,9,0,7,21,59,33,38,20,6,0,185
SED30006,0,0,0,0,0,0,0,0,0,4,0,0,0,0,0,0,0,0,0,4,0,0,0,0,0,0,0,0,0,3,0,0,0,13,21,25,42,8,9,121,0,75,71,362,300,183,119,40,15,1173,0,0,0,10,6,4,7,3,0,26,0,6,0,7,0,0,0,0,0,11,0,0,3,20,28,9,0,0,0,66,0,7,10,51,32,29,11,0,0,138,0,0,0,11,6,3,4,0,0,22,0,8,7,19,35,31,26,12,8,137,0,0,3,8,4,4,5,0,0,24,0,12,15,36,31,24,5,9,0,127,0,0,0,0,0,4,0,0,0,12,0,0,0,0,3,8,0,0,3,17,0,0,0,5,3,0,0,0,0,15,0,3,3,30,11,0,0,0,0,47,0,0,0,0,0,0,0,0,0,3,0,0,0,0,0,0,0,0,0,0,0,5,3,22,21,24,17,0,0,94
SED30007,0,0,0,3,0,0,0,0,0,3,0,0,3,13,4,0,3,0,0,19,4,0,39,86,0,0,0,0,0,135,0,0,9,20,8,15,3,3,0,59,3,16,115,407,122,110,49,15,10,847,0,0,3,19,4,0,3,0,0,29,3,5,4,25,0,0,3,0,0,38,0,3,20,46,24,4,3,0,0,98,0,17,25,201,44,32,12,0,0,346,0,0,0,37,11,6,5,9,3,75,0,4,10,43,17,22,17,4,6,119,6,0,96,70,8,16,8,0,0,199,3,0,39,120,22,11,15,0,3,218,0,0,0,4,0,3,4,0,3,21,0,7,4,48,7,6,0,0,0,77,7,12,111,258,24,15,9,4,0,440,0,6,47,170,14,16,3,0,0,250,0,0,0,3,0,0,0,0,0,3,0,0,0,8,3,0,0,0,0,13,6,8,39,126,26,18,11,0,0,234
SED30008,0,0,0,6,8,7,7,3,3,30,0,0,0,0,0,3,0,0,0,5,0,0,0,18,0,0,0,0,0,22,0,0,3,0,10,18,43,24,10,107,17,120,200,592,405,408,353,161,60,2320,0,0,0,4,3,8,13,5,3,37,0,3,3,15,3,5,3,0,0,34,0,3,4,10,18,16,5,3,0,56,6,19,21,148,76,64,27,4,0,364,0,0,6,13,3,12,12,3,3,58,0,3,5,11,24,46,57,33,21,189,0,0,9,11,10,12,3,4,3,45,3,8,33,76,54,50,29,11,3,270,0,0,0,4,9,10,7,9,0,35,0,0,3,8,3,5,8,0,0,28,0,0,8,27,5,7,4,0,0,52,0,3,6,58,13,15,0,0,3,104,0,0,0,3,8,0,0,3,0,16,3,0,0,3,7,11,12,5,0,41,5,15,11,32,21,14,4,4,4,112
SED30009,0,0,0,5,0,5,0,0,0,11,0,0,0,0,0,0,0,0,0,4,0,0,0,6,0,0,0,0,0,10,4,0,0,7,12,14,32,18,7,98,3,104,128,347,258,248,149,65,32,1334,0,0,3,7,5,6,6,3,0,33,0,0,0,13,0,0,0,0,0,11,0,3,3,25,17,14,6,0,0,73,0,9,5,50,29,19,10,0,0,133,0,0,0,6,3,8,6,7,3,33,0,9,6,21,35,30,31,29,8,163,0,0,0,3,5,9,3,0,0,22,3,52,61,128,88,37,22,13,8,408,0,0,0,0,0,0,5,3,0,10,0,4,0,6,6,0,0,0,0,21,0,3,0,19,0,0,0,0,0,18,3,9,17,38,26,4,0,0,0,93,0,0,0,0,0,0,0,0,0,0,0,0,0,0,0,0,0,0,0,0,0,19,14,50,21,16,16,3,0,150
SED30010,0,0,0,3,7,0,0,0,0,7,0,0,0,0,3,0,0,0,0,9,0,0,11,14,0,0,0,0,0,23,3,7,3,18,4,6,15,0,0,57,9,50,105,440,171,146,57,18,11,1001,0,0,0,20,5,0,7,0,0,38,0,0,0,4,3,0,0,0,0,13,0,3,7,47,22,23,3,3,3,114,3,6,15,85,41,45,17,3,0,228,0,0,0,25,3,6,3,5,5,51,3,7,5,63,37,19,21,10,12,175,3,6,4,23,3,4,0,0,0,42,0,15,20,124,48,19,11,3,0,235,0,0,0,3,3,4,4,0,0,13,0,3,4,24,12,9,3,0,0,54,0,3,6,68,8,3,0,0,0,87,0,4,10,70,14,8,0,0,0,114,0,0,0,0,3,0,0,0,0,6,0,0,3,4,0,0,0,0,0,7,4,19,20,68,15,9,3,0,0,127
SED30011,0,0,0,0,0,0,0,0,0,3,0,0,0,3,0,0,0,0,0,3,0,0,8,16,3,0,0,0,0,26,0,0,0,3,4,3,18,20,8,51,0,20,27,81,66,67,61,23,8,348,0,0,0,6,0,0,4,0,0,15,0,0,0,8,0,0,0,0,0,5,0,0,0,16,16,10,3,0,0,46,4,10,12,90,53,62,37,9,0,281,0,0,0,3,0,0,0,3,0,5,0,0,3,7,5,8,22,15,4,66,0,0,0,3,0,0,0,0,0,8,0,11,3,21,3,3,11,3,6,57,0,0,0,0,0,0,4,0,0,5,3,4,0,9,0,3,3,0,0,22,0,0,24,77,0,0,0,0,0,101,0,4,3,22,8,4,0,0,0,36,0,0,0,0,0,0,0,0,0,0,0,0,0,3,3,0,0,0,0,17,0,3,0,9,3,7,3,0,0,31
SED30012,0,0,3,8,0,3,0,0,0,18,0,0,0,4,0,3,3,0,0,8,0,3,3,18,0,0,0,0,0,31,0,0,4,7,7,22,35,18,11,109,77,614,662,1450,424,227,73,34,3,3556,0,4,0,11,8,18,15,3,0,54,0,12,4,21,0,5,0,0,0,43,0,3,12,57,28,9,6,0,0,126,7,52,70,304,130,74,25,6,3,676,0,0,0,22,16,17,6,3,4,68,0,3,3,40,28,37,21,18,5,162,0,9,11,22,12,10,5,0,0,60,0,19,42,111,53,17,17,6,0,266,0,0,0,3,5,0,3,0,0,15,0,9,7,47,11,14,3,0,0,94,0,0,4,26,0,0,3,0,0,34,0,3,4,64,14,5,7,0,0,99,0,0,0,0,0,0,0,0,0,3,0,0,0,4,3,3,0,0,0,12,0,16,14,36,14,15,4,0,0,99
SED30013,0,0,0,0,0,0,0,0,0,0,0,0,0,0,3,0,0,0,0,3,0,0,0,0,0,0,0,0,0,3,0,0,3,5,6,13,3,4,0,36,0,8,26,114,93,69,51,15,3,364,0,0,0,4,0,0,3,0,0,10,0,3,0,3,0,0,0,0,0,9,0,7,5,23,17,11,6,0,0,65,4,10,15,85,43,44,22,3,0,224,0,0,0,3,0,0,0,0,0,4,0,0,7,3,13,14,6,7,0,59,0,0,0,3,5,0,0,0,0,8,0,12,18,40,16,4,3,3,0,97,0,0,0,0,0,0,0,0,0,0,0,3,0,4,3,0,3,0,0,23,0,0,18,62,0,0,0,0,0,77,0,0,7,17,15,7,3,0,0,51,0,0,0,0,0,0,0,0,0,0,0,0,0,3,0,0,0,0,0,3,3,5,3,26,14,4,4,3,0,58
SED30014,0,0,0,0,3,3,5,0,0,11,0,0,0,0,3,0,0,0,0,5,0,0,0,0,0,0,0,0,0,0,0,0,0,5,11,12,26,14,3,77,5,78,127,528,271,262,174,72,33,1556,0,0,0,8,6,3,5,5,4,32,0,0,0,0,0,0,0,0,0,3,0,3,7,14,28,11,4,4,0,73,0,3,12,76,49,43,11,3,0,197,0,3,3,22,6,12,11,11,6,72,0,3,4,15,17,23,32,25,15,129,0,3,3,9,5,10,0,0,0,34,0,17,28,92,35,24,18,8,4,225,0,0,0,0,3,3,14,3,7,31,0,0,0,10,0,3,3,0,0,18,0,0,0,12,6,0,4,0,0,20,3,6,9,47,10,3,0,0,0,88,0,0,0,0,0,3,0,0,0,12,0,0,0,5,5,0,0,0,0,11,3,11,14,60,14,13,12,0,0,132
SED30015,0,0,0,0,0,0,0,0,0,3,0,0,0,0,0,0,0,0,0,3,0,0,0,3,0,0,0,0,0,3,0,0,0,7,11,27,47,15,0,110,10,30,27,120,136,129,117,25,5,614,0,0,0,3,7,0,3,4,0,17,0,0,0,4,0,0,0,0,0,7,0,0,0,10,15,9,0,0,0,31,0,8,4,45,45,54,28,0,0,179,0,0,0,0,3,0,3,3,0,8,0,3,3,9,8,19,45,27,6,117,0,0,0,6,0,0,0,0,0,14,0,9,14,56,24,23,11,7,0,143,0,0,0,0,0,3,3,3,0,10,0,3,0,3,0,3,0,0,0,9,0,0,14,47,6,0,0,0,0,62,0,8,3,19,14,3,0,0,0,44,0,0,0,0,0,0,0,0,0,0,0,0,0,4,3,0,0,0,0,4,0,9,3,9,5,16,5,8,0,58
SED30016,0,0,0,4,3,6,0,0,3,22,0,0,6,23,3,0,0,0,0,35,10,59,84,23,3,0,0,0,0,182,0,0,3,23,7,18,10,9,3,74,3,38,90,272,182,187,77,45,11,907,0,0,4,3,0,0,0,0,0,16,0,0,5,8,0,0,0,0,0,14,4,48,75,217,125,95,32,13,4,612,3,55,64,288,157,138,46,10,0,764,0,0,0,8,0,10,7,3,0,34,0,0,3,24,15,20,22,12,4,105,0,0,3,12,7,8,3,0,3,32,0,0,9,20,15,10,10,3,0,67,0,0,0,0,4,3,3,0,0,13,0,4,0,20,5,5,3,0,0,43,0,0,16,129,5,0,0,0,0,155,0,7,6,75,40,6,12,3,0,156,0,0,0,0,0,0,0,0,0,0,0,0,0,4,5,0,0,0,0,9,0,8,12,41,11,12,12,7,0,103
SED30017,0,0,0,0,0,0,0,0,0,0,0,0,0,3,0,0,0,0,0,3,0,0,0,12,0,0,0,0,0,12,0,0,0,0,8,16,18,8,0,51,0,29,13,103,91,93,55,16,5,392,0,0,0,0,0,5,4,0,0,10,0,0,0,3,0,0,0,0,0,3,0,0,0,13,16,7,0,0,0,41,4,19,11,81,48,53,22,3,0,239,0,0,0,3,0,3,0,0,0,9,0,0,0,3,7,12,8,5,0,37,0,0,0,3,0,0,0,0,0,3,0,3,3,18,9,11,4,0,0,47,0,0,0,0,0,0,0,0,0,3,0,5,0,10,0,0,0,0,0,15,0,0,4,18,0,0,0,0,0,26,0,0,0,6,9,4,0,0,0,20,0,0,0,0,0,0,0,0,0,0,0,0,0,0,0,0,0,0,0,0,0,0,4,5,7,7,4,4,0,35
SED30018,0,0,0,0,0,3,0,0,0,9,0,0,0,3,0,0,0,0,3,9,0,0,18,21,0,0,0,0,0,38,0,3,0,14,15,18,36,18,12,112,12,74,99,302,239,235,161,69,22,1206,0,0,0,9,5,9,16,3,3,42,0,0,0,0,0,0,0,0,0,0,0,5,0,14,18,12,7,0,0,59,0,9,11,66,30,18,9,3,0,142,0,0,0,3,0,7,4,3,4,19,0,4,3,21,18,32,38,17,10,152,0,0,0,3,3,8,3,3,0,18,0,25,21,67,27,25,24,6,3,194,0,0,0,0,0,3,0,5,0,7,0,0,0,9,0,3,3,0,0,16,0,0,9,25,3,0,0,0,0,39,0,3,4,32,7,3,3,0,0,61,0,0,0,0,0,0,0,0,0,0,0,0,0,4,0,0,0,0,0,4,3,9,6,26,22,21,11,6,0,102
SED30019,0,0,0,0,0,0,0,0,0,5,0,0,0,0,0,5,0,0,0,4,0,0,0,10,0,0,0,0,0,7,0,0,0,3,5,8,31,3,6,60,3,108,151,476,267,212,114,44,15,1401,0,4,0,3,3,4,3,0,0,23,0,3,0,0,0,0,0,0,0,5,0,3,8,23,30,15,10,0,0,103,4,11,27,85,56,56,13,6,0,254,0,0,0,5,4,17,3,3,3,41,0,3,0,17,29,35,30,19,10,156,0,0,0,6,4,3,3,0,0,20,3,20,23,94,61,34,16,8,0,248,0,0,0,0,4,7,0,3,0,8,0,0,3,11,4,5,3,3,0,29,3,5,3,17,4,4,0,0,0,33,0,0,3,36,7,7,5,0,0,54,0,0,0,3,3,0,0,0,0,6,0,0,0,0,5,0,0,0,0,4,0,8,0,18,16,10,8,0,0,52
SED30020,0,0,0,3,0,3,0,3,0,12,0,0,0,4,5,3,3,0,0,14,0,0,3,10,4,0,0,0,0,22,0,3,5,5,6,7,21,9,0,54,12,66,123,412,207,139,82,24,4,1063,0,0,0,9,9,3,10,0,3,32,0,0,3,10,3,0,0,0,0,20,0,5,3,37,22,16,8,5,0,95,0,9,14,93,50,60,13,4,0,240,0,0,0,13,0,6,13,0,3,47,0,9,4,42,29,27,19,10,3,141,3,3,10,22,16,11,8,4,0,78,3,49,72,172,97,35,18,3,0,453,0,0,0,0,3,10,3,3,0,14,0,6,5,41,26,20,15,3,3,130,3,5,6,53,9,13,4,0,0,98,0,9,3,32,22,9,3,0,0,77,0,0,0,4,0,0,3,3,0,8,0,3,0,3,3,0,0,0,0,10,3,18,10,34,11,7,6,0,0,92
SED30021,0,0,0,6,0,0,0,0,0,14,0,0,3,11,4,3,0,0,0,19,0,4,51,111,0,0,0,0,0,174,0,3,4,10,10,7,5,3,3,45,3,35,112,358,161,136,58,25,11,896,0,0,0,6,3,3,4,0,0,18,0,0,3,14,0,0,0,0,0,23,3,11,22,65,37,17,3,0,0,160,3,17,22,122,44,47,16,6,0,280,0,0,0,18,7,8,8,0,0,37,3,3,8,30,15,19,23,3,6,114,0,13,6,18,5,8,3,0,0,54,0,10,30,87,35,18,16,3,0,188,0,0,0,0,0,3,0,0,0,5,0,3,0,30,14,7,7,3,3,67,0,0,19,73,10,6,4,0,0,116,4,9,9,70,15,8,0,0,0,113,0,0,0,8,0,0,0,0,0,11,0,0,0,5,0,0,0,0,0,10,4,12,23,55,14,18,9,3,0,133
SED30022,0,0,0,0,6,3,3,0,0,12,0,0,0,5,3,0,3,0,0,9,0,0,0,8,0,0,0,0,0,9,0,5,0,11,7,22,44,34,28,156,4,100,166,365,279,256,94,51,16,1330,0,4,3,8,9,5,8,0,5,38,0,0,0,0,0,0,3,0,0,8,0,3,6,18,25,16,8,4,0,78,0,8,14,54,27,22,10,7,0,140,0,0,0,9,4,9,5,12,3,48,0,20,14,38,54,58,40,40,7,266,0,0,4,12,8,7,6,3,0,33,6,53,111,162,142,55,30,29,3,589,0,0,0,0,0,3,4,3,0,21,0,10,3,11,12,0,3,3,0,40,0,0,10,16,14,12,3,0,0,53,0,6,0,32,12,5,0,0,0,60,0,0,0,0,3,0,0,0,0,3,0,0,0,0,0,0,0,0,0,0,0,19,17,17,19,15,18,3,4,117
SED30023,0,0,0,0,0,0,0,0,0,0,0,0,0,3,0,0,0,0,0,6,0,3,9,30,0,0,0,0,0,43,0,0,3,7,4,10,25,10,3,57,8,20,27,111,74,73,27,13,0,355,0,0,0,3,0,12,3,0,0,16,0,7,3,3,0,0,0,0,0,13,3,4,6,17,17,9,0,3,0,64,8,41,43,134,56,25,11,0,0,314,0,0,0,4,0,0,0,0,0,8,0,3,0,7,8,5,20,3,3,49,3,0,3,0,4,0,0,0,0,9,0,10,20,46,26,17,10,0,0,133,0,0,0,0,0,4,0,0,0,4,0,3,0,14,0,5,3,0,0,29,0,3,0,8,0,3,0,0,0,13,0,0,3,10,3,3,0,0,0,23,0,0,0,0,0,0,0,0,0,0,0,0,0,0,0,0,0,0,0,0,0,4,5,6,9,3,7,0,0,37
SED30024,0,0,0,0,0,0,0,0,0,5,0,0,0,3,0,0,0,0,0,3,0,0,0,5,0,0,0,0,0,9,0,0,0,7,7,12,16,11,3,63,5,16,29,161,96,107,48,20,5,482,0,3,0,3,9,0,3,0,0,15,0,0,0,0,0,0,0,0,0,0,0,16,22,62,51,44,22,7,0,214,3,13,7,78,36,27,17,4,0,195,0,0,0,10,0,3,0,0,0,20,0,0,5,18,8,13,12,3,0,64,0,0,0,3,3,3,0,0,0,13,0,6,5,29,13,16,10,0,0,74,0,0,0,0,0,0,6,9,0,20,0,0,0,5,0,0,3,0,0,12,0,0,19,47,0,0,0,0,0,62,0,6,15,44,21,6,4,0,0,90,0,0,0,0,0,0,0,0,0,0,0,0,0,0,3,0,0,0,0,3,0,5,4,22,11,12,10,3,6,70
SED30025,0,0,0,3,0,10,7,0,0,20,0,0,0,0,0,0,0,0,3,4,0,3,3,3,0,0,0,0,0,9,0,0,0,13,15,21,47,22,15,136,58,443,500,1279,626,419,271,114,27,3738,0,0,0,4,8,5,14,5,0,44,0,0,3,18,0,0,0,0,0,23,0,5,13,30,23,6,12,3,0,92,9,17,22,134,57,50,25,9,3,318,0,0,0,15,8,14,4,0,4,53,0,15,21,45,52,34,68,36,5,275,0,0,9,14,12,9,11,3,0,56,3,62,87,244,131,67,45,18,3,651,0,0,0,3,3,6,3,0,0,18,0,3,0,10,7,4,4,0,0,31,5,0,3,27,10,11,4,0,0,57,0,3,11,58,11,3,6,0,0,92,0,0,0,0,3,0,0,0,0,10,0,3,5,19,8,9,0,0,0,43,0,11,16,35,21,22,15,4,0,122
SED30026,0,0,0,0,0,3,3,0,0,11,0,0,0,0,0,0,0,4,0,9,0,0,0,0,0,0,0,0,0,0,0,0,0,9,5,22,34,20,6,87,4,47,84,354,237,230,126,54,33,1164,0,0,3,6,8,3,8,8,3,38,0,0,0,0,0,0,0,0,0,3,0,0,0,15,10,15,4,0,0,43,3,8,21,65,38,32,6,0,0,170,0,3,4,13,5,5,6,7,3,42,0,4,3,29,13,24,43,25,11,156,0,3,0,8,3,6,0,3,0,24,0,8,9,54,26,33,19,7,7,163,0,0,0,0,3,8,3,5,0,16,0,0,0,3,0,0,3,0,0,6,0,0,0,7,0,0,0,0,0,13,0,3,7,35,10,8,0,0,0,58,0,0,0,3,0,3,0,0,0,13,0,0,0,0,3,0,0,0,0,6,6,14,18,54,23,30,12,3,0,156
SED30027,0,0,0,0,0,0,0,0,0,0,0,0,0,3,0,0,0,0,0,3,0,0,0,0,0,0,0,0,0,0,0,0,0,6,6,9,20,18,0,60,7,23,29,148,131,109,66,20,3,538,0,0,0,3,3,3,4,0,0,12,0,0,0,6,0,0,0,0,0,7,0,7,12,27,41,15,13,3,0,120,7,23,15,87,51,52,21,4,0,259,0,0,0,0,0,3,0,0,3,11,0,3,0,3,8,13,19,9,0,51,0,0,0,0,3,7,0,0,0,12,0,8,7,36,15,3,5,3,0,82,0,0,0,0,0,0,0,0,0,0,0,3,0,9,3,3,0,0,0,19,0,0,0,9,0,0,0,0,0,13,0,0,7,24,15,4,0,0,0,48,0,0,0,0,0,0,0,0,0,0,0,0,0,0,0,0,0,0,0,3,0,0,0,17,13,17,12,3,3,64
SED30028,0,0,0,3,0,0,0,0,0,4,0,0,6,3,5,3,0,0,0,16,0,0,3,15,0,0,0,0,0,19,0,3,3,11,5,8,13,14,3,52,3,44,66,283,145,103,51,17,5,721,0,0,0,5,5,3,5,3,0,22,0,0,0,3,0,0,0,0,0,3,0,0,9,33,24,7,7,3,0,88,0,6,15,63,43,27,15,0,0,177,0,0,0,16,8,7,7,8,3,50,0,6,4,22,20,25,25,19,7,129,0,0,3,20,3,4,3,7,0,41,4,28,64,119,80,32,15,3,0,350,0,0,0,3,0,3,3,0,0,12,0,6,5,16,7,6,9,3,3,44,0,0,0,24,5,0,0,0,0,31,0,10,9,40,14,5,3,0,0,77,0,0,0,0,0,3,0,0,0,6,0,0,0,0,0,0,0,0,0,3,4,7,19,36,17,5,9,0,0,103
SED30029,0,0,0,0,0,0,3,0,0,5,0,0,6,12,4,3,0,0,0,22,0,0,0,3,0,0,0,0,0,3,0,4,0,11,11,13,18,3,3,72,3,36,34,222,160,101,44,17,10,625,0,0,0,3,4,4,6,6,0,21,0,0,0,0,0,0,0,0,0,3,0,3,3,30,29,12,4,0,0,91,0,6,8,47,15,24,6,3,0,111,0,0,0,14,4,5,0,0,0,29,0,12,9,36,28,26,15,10,5,131,0,0,0,13,7,3,0,0,0,33,0,20,34,87,63,23,14,5,3,256,0,0,0,0,3,3,0,0,0,6,0,0,3,6,6,9,5,3,0,38,0,3,0,9,0,0,3,0,0,17,0,11,5,21,9,5,4,0,0,53,0,0,0,3,0,0,0,0,0,3,0,0,0,0,0,0,0,0,0,3,3,12,12,30,18,15,10,7,0,90
SED30030,0,0,0,3,0,3,0,0,0,13,0,0,0,3,0,0,0,3,0,6,0,0,3,13,0,0,0,0,0,12,0,0,0,6,8,12,29,18,6,87,22,257,343,1029,520,375,225,88,31,2880,0,3,0,8,3,0,7,4,0,24,0,4,5,8,3,0,0,0,0,20,0,0,0,17,23,13,5,3,0,63,3,6,21,114,81,52,26,3,3,323,0,0,0,19,11,16,9,8,0,58,0,4,4,28,26,30,22,27,8,144,0,4,0,11,8,9,0,0,0,39,0,10,35,95,57,28,26,18,4,274,0,0,0,3,6,8,7,3,5,36,0,3,0,8,8,4,3,0,0,32,0,0,7,18,4,3,4,0,0,41,0,5,7,34,21,10,3,0,0,84,0,0,0,0,4,0,0,0,0,11,0,0,0,3,3,0,7,0,0,12,0,12,4,33,13,11,8,3,0,88
SED30031,3,0,0,3,0,0,0,0,0,7,0,0,0,0,0,0,0,0,0,0,0,0,0,8,0,0,0,0,0,9,0,5,0,6,5,16,14,3,3,50,12,84,90,365,211,146,63,16,3,993,0,0,0,0,11,3,4,0,0,17,3,0,0,10,0,0,0,0,0,14,0,3,5,26,14,13,0,0,0,55,15,55,47,207,73,52,23,6,0,480,0,0,0,4,0,8,0,0,0,17,4,3,3,27,18,18,15,7,0,91,0,0,6,3,4,4,0,0,0,14,0,62,51,135,57,25,6,3,0,342,0,0,0,0,3,3,0,0,0,5,0,9,3,19,8,3,0,0,0,39,0,0,0,10,0,0,0,0,0,13,0,3,3,54,11,10,0,0,0,83,0,0,0,0,0,0,0,0,0,0,0,0,0,0,0,0,0,0,0,0,7,11,3,33,15,12,3,0,0,74
SED30032,0,0,0,0,0,0,3,0,0,3,0,0,0,0,0,0,0,0,0,0,0,0,0,0,0,0,0,0,0,0,0,3,0,11,18,13,41,12,5,107,4,59,71,270,228,206,115,43,12,1000,0,0,0,3,3,5,10,3,0,25,0,0,0,3,0,0,0,0,0,5,4,6,3,21,23,22,15,4,3,93,0,8,14,56,34,29,14,0,0,158,0,0,0,14,10,7,3,0,0,26,0,3,3,9,33,25,38,14,3,130,0,4,0,3,10,4,0,0,0,26,0,18,16,58,43,21,24,7,0,177,0,0,0,0,0,3,3,0,0,10,0,0,0,0,0,4,3,0,0,11,0,0,15,61,0,0,0,0,0,75,0,3,0,13,11,3,0,0,0,30,0,0,0,0,0,0,0,0,0,3,0,0,0,0,0,0,0,0,0,0,0,16,7,28,19,32,23,6,0,134
SED30033,0,0,3,0,0,0,0,0,0,6,0,0,0,3,0,3,3,0,0,17,0,3,17,61,0,0,0,0,0,77,0,0,0,16,0,5,7,8,0,43,0,35,61,311,116,92,34,13,10,669,0,0,0,4,9,3,3,6,0,24,0,5,0,27,0,0,3,0,0,36,0,0,3,45,31,12,0,3,0,91,0,3,20,83,27,28,22,5,0,189,0,0,0,17,0,7,5,3,8,43,0,0,6,29,16,18,7,8,10,99,0,0,6,30,7,6,11,0,0,64,3,5,16,61,26,17,14,3,3,152,0,0,0,3,7,4,5,3,0,23,0,5,8,41,15,6,10,6,3,83,0,5,9,60,3,3,0,0,0,72,0,3,9,46,12,7,7,0,0,75,0,0,0,0,0,0,3,3,0,6,0,0,0,3,3,0,0,0,0,7,5,16,10,59,15,12,4,0,0,121
SED30034,0,0,0,0,0,0,0,0,0,3,0,0,0,0,0,0,0,0,0,0,0,0,0,9,0,4,0,0,0,9,0,0,0,4,0,3,6,4,0,20,9,53,63,192,125,106,37,11,0,604,0,0,0,3,3,0,3,0,0,8,0,0,0,4,0,0,0,0,0,9,0,3,3,21,12,3,0,0,0,48,4,18,36,97,35,25,9,0,0,226,0,0,0,0,0,0,0,0,0,3,0,0,0,3,3,4,6,0,0,25,0,0,0,0,0,0,0,0,0,3,0,10,31,55,28,9,0,0,0,142,0,0,0,0,0,0,0,0,0,3,0,3,0,8,0,0,0,0,0,10,0,0,3,7,0,0,0,0,0,11,0,0,0,18,5,4,0,0,0,24,0,0,0,0,0,0,0,0,0,0,0,0,0,0,0,0,0,0,0,3,0,3,3,9,3,11,0,3,0,40
SED30035,0,0,0,0,0,0,0,0,0,6,0,0,0,0,0,0,0,0,0,0,0,0,0,0,0,0,0,0,0,0,0,6,0,11,11,18,38,14,0,93,0,21,24,122,107,157,98,24,3,572,0,0,0,0,6,3,5,3,0,12,0,0,0,0,0,0,0,0,0,0,0,3,3,13,22,14,8,0,0,61,0,11,6,69,43,47,21,5,0,207,0,0,0,0,0,3,3,0,0,7,0,0,0,14,14,17,30,7,6,99,0,0,0,0,8,4,0,0,0,17,0,9,11,21,20,15,12,8,0,96,0,0,0,0,0,0,7,0,0,10,0,3,0,4,0,0,4,0,0,13,0,0,0,3,3,0,0,0,0,11,0,0,4,17,15,0,3,0,0,36,0,0,0,0,0,0,0,0,0,0,0,0,0,0,0,0,0,0,0,0,0,5,5,12,12,10,20,7,0,78
SED30036,0,0,0,0,0,0,4,0,0,4,0,0,0,10,0,0,3,0,0,13,0,0,0,23,0,0,0,0,0,25,0,0,0,4,10,23,48,39,15,140,0,31,69,190,180,222,206,100,20,1014,0,0,0,0,0,6,9,5,0,25,0,3,0,8,0,0,0,0,0,19,0,0,7,13,19,15,0,0,0,49,0,17,10,72,54,72,32,8,0,261,0,0,0,0,3,6,0,7,3,16,0,0,3,15,20,29,56,46,13,168,0,0,0,6,4,9,5,0,0,22,0,10,11,47,25,28,12,10,3,153,0,0,0,0,4,0,3,3,0,12,0,3,3,15,3,3,8,3,0,37,0,0,0,8,0,0,0,0,0,9,0,3,6,21,20,11,0,0,0,58,0,0,0,0,0,0,0,0,0,3,0,0,0,0,0,0,0,0,0,3,0,5,3,16,7,10,13,0,3,62
SED30037,0,0,0,0,0,0,0,0,0,4,0,0,0,0,0,0,0,0,0,0,0,0,0,4,0,0,0,0,0,4,0,0,0,9,3,10,25,6,3,64,10,29,34,197,104,122,50,8,0,563,0,3,0,4,0,3,4,0,0,18,0,0,0,4,0,0,0,0,0,9,0,5,3,37,23,12,9,0,0,95,3,13,19,107,51,51,15,5,0,263,0,0,0,3,0,0,4,0,0,5,0,0,3,23,14,13,18,3,3,83,0,0,0,9,3,0,0,0,0,9,0,9,7,33,12,9,7,3,0,86,0,0,0,0,3,0,0,0,0,3,0,0,0,3,0,0,0,0,0,3,0,3,0,15,0,0,0,0,0,23,0,3,3,27,9,3,0,0,0,54,0,0,0,0,0,0,0,0,0,0,0,0,0,0,0,0,0,0,0,0,0,7,3,24,7,8,9,0,0,63
SED30038,0,0,0,3,3,0,0,0,0,5,0,0,0,28,7,7,6,0,0,50,0,0,0,16,0,0,0,0,0,15,0,0,3,11,4,14,20,17,3,81,18,187,300,526,196,110,60,15,3,1427,0,0,0,3,3,10,18,3,0,34,0,8,5,15,3,0,0,0,0,28,0,4,3,25,7,9,6,0,0,66,3,24,59,190,94,63,31,8,0,479,0,0,3,9,4,13,13,7,7,60,0,7,3,12,23,21,24,14,4,116,0,3,0,16,4,8,3,0,0,33,0,3,28,51,30,13,11,0,3,133,0,0,0,6,8,6,5,8,0,41,0,15,20,80,31,20,12,5,0,176,0,0,3,28,8,5,4,0,0,47,0,3,7,32,5,5,7,0,0,57,0,0,0,3,3,3,3,0,0,12,0,0,0,3,0,0,0,0,0,3,0,3,5,25,5,4,5,0,0,56
SED30039,0,0,0,7,0,0,0,0,0,10,0,0,3,13,0,0,3,0,0,20,0,0,11,46,0,0,0,0,0,61,0,3,4,16,13,14,15,0,4,68,5,24,93,141,108,84,43,21,11,534,0,0,0,5,4,5,6,0,0,28,3,6,7,30,6,0,0,0,0,50,3,9,19,44,22,11,6,6,0,112,0,12,28,65,13,12,8,0,0,144,0,3,0,15,5,13,0,0,3,40,0,16,10,24,22,22,16,15,4,125,0,10,207,84,12,5,3,4,0,337,0,22,77,120,53,38,26,12,0,356,0,0,0,0,0,0,3,0,0,8,0,13,22,47,17,8,13,0,5,120,0,14,44,85,22,19,8,0,0,203,6,3,32,39,18,4,4,0,0,106,0,0,0,0,0,0,0,0,0,0,0,0,0,3,0,0,0,0,0,3,7,39,66,86,48,17,21,7,0,287
SED30040,0,0,0,3,0,0,0,0,0,0,0,0,0,3,0,0,0,0,0,3,0,0,0,0,0,0,0,0,0,0,0,0,0,12,6,18,16,10,10,71,16,99,100,302,137,90,51,12,7,811,0,0,0,0,3,3,0,3,0,15,0,3,0,9,0,0,0,0,0,13,0,3,7,12,9,8,4,0,0,46,4,11,19,85,50,37,10,5,0,225,0,0,0,3,0,4,0,0,3,11,0,0,0,12,20,22,28,21,10,107,0,0,0,10,0,4,0,0,0,14,0,0,7,23,9,8,4,3,0,57,0,0,0,0,0,3,0,0,0,3,0,5,0,15,0,3,4,0,0,23,0,0,4,8,3,0,0,0,0,20,0,3,6,20,6,5,3,0,0,44,0,0,0,0,0,0,0,0,0,0,0,0,0,0,0,0,0,0,0,4,3,5,4,22,3,7,9,0,0,51
SED30041,0,0,0,0,0,0,0,0,0,3,0,0,0,0,0,0,0,0,0,0,0,0,0,0,0,0,0,0,0,0,0,0,0,9,13,22,36,12,5,92,12,64,96,262,168,132,58,15,3,805,0,0,0,0,9,6,3,7,0,24,0,0,0,3,0,0,0,0,0,3,0,8,4,17,8,10,3,0,0,54,0,9,11,75,41,32,14,0,0,176,0,3,0,0,0,5,0,0,0,10,0,0,5,13,25,36,28,14,4,115,0,0,0,8,3,0,0,0,0,14,0,5,16,53,24,14,10,6,0,127,0,0,0,0,0,0,0,0,0,0,0,0,0,5,4,0,0,0,0,9,0,0,0,10,3,0,0,0,0,15,0,0,0,21,11,9,0,0,0,39,0,0,0,0,0,0,0,0,0,0,0,0,0,0,3,0,0,0,0,3,0,6,5,24,12,9,3,3,0,64
SED30042,0,0,0,0,3,0,4,0,0,10,0,0,0,3,3,0,0,0,0,14,0,0,0,5,0,0,0,0,0,5,0,0,7,12,16,10,20,9,9,78,17,153,199,518,262,179,97,30,12,1467,0,3,0,7,7,3,15,0,4,40,0,0,0,4,0,0,0,0,0,3,0,7,6,33,17,18,6,0,0,88,0,10,27,112,55,39,15,0,0,266,0,0,0,5,0,16,8,8,0,34,0,9,3,24,21,22,29,14,3,128,0,0,3,7,5,3,3,0,0,22,0,25,37,107,55,31,17,3,3,278,0,0,0,3,0,0,0,0,0,7,0,0,0,13,0,3,3,3,0,21,0,0,0,12,7,3,0,0,0,24,3,5,5,33,7,0,0,0,0,54,0,0,0,0,0,0,0,0,0,4,0,0,0,3,0,0,0,0,0,3,0,5,6,30,11,6,8,3,0,74
SED30043,0,0,0,4,0,0,0,0,0,16,0,0,0,0,0,0,0,0,0,4,0,3,0,6,0,0,0,0,0,11,0,0,0,11,12,13,47,30,15,124,3,116,115,374,268,220,174,89,42,1394,0,0,3,10,0,7,6,0,0,32,0,0,3,0,0,0,0,0,0,3,0,3,15,20,19,18,3,0,0,71,0,12,10,62,40,30,9,0,0,168,0,0,0,11,4,3,4,3,3,36,0,5,10,22,28,30,50,36,17,202,0,3,0,3,0,3,0,0,0,12,3,25,39,92,61,26,25,18,0,284,0,0,0,0,0,0,0,5,0,3,0,3,0,13,6,0,0,0,3,18,0,0,9,19,0,0,0,0,0,32,0,4,4,20,15,4,0,0,0,59,0,0,0,0,0,0,0,0,0,3,0,0,0,0,0,0,0,0,0,0,0,16,22,37,21,9,15,9,0,131
SED30044,0,0,0,0,0,0,0,0,0,0,0,0,0,0,0,0,0,0,0,3,0,4,0,23,0,0,0,0,0,27,0,0,0,3,0,6,18,5,5,42,0,41,41,161,135,126,46,17,3,574,0,0,0,0,0,6,3,0,0,15,0,3,0,5,0,0,0,0,0,9,0,0,3,15,18,6,3,0,0,45,8,29,31,118,54,39,17,0,0,287,0,0,0,4,0,0,0,0,3,6,0,0,6,7,14,18,20,12,3,82,0,0,0,4,4,0,3,0,0,15,3,11,25,56,37,20,11,11,0,177,0,0,0,0,0,0,0,0,0,4,0,6,9,21,7,0,0,0,0,41,4,0,3,10,0,0,0,0,0,14,0,5,5,21,10,3,0,0,0,51,0,0,0,0,0,0,0,0,0,0,0,0,0,0,0,0,0,0,0,0,0,3,6,22,9,11,12,0,0,63
SED30045,0,0,0,0,0,0,0,0,0,0,0,0,0,6,0,0,0,0,0,7,0,0,0,6,0,0,0,0,0,9,0,0,10,4,12,26,37,13,0,97,3,29,48,221,188,102,70,15,3,684,0,0,0,4,5,3,5,0,0,16,0,0,3,3,0,0,0,0,0,3,0,7,9,39,18,12,4,0,0,87,0,3,12,67,32,36,14,0,0,163,0,0,0,4,3,4,3,0,3,25,0,3,5,13,22,19,16,4,0,83,0,3,14,16,3,0,0,0,0,33,0,4,18,36,32,12,10,3,0,115,0,0,0,0,3,7,3,3,0,17,0,3,0,10,3,0,0,0,0,12,0,4,51,167,5,0,0,0,0,229,0,0,0,25,6,3,0,0,0,42,0,0,0,3,0,0,0,0,0,4,0,0,0,0,6,0,0,0,0,10,0,7,13,14,14,10,10,0,0,66
SED30046,0,0,0,0,3,0,0,0,0,9,0,0,0,0,0,4,3,0,0,8,0,0,0,0,0,0,0,0,0,0,0,0,0,8,8,18,35,16,3,94,12,177,235,622,335,236,102,33,10,1756,0,0,0,6,4,9,13,3,0,35,0,8,13,23,9,7,3,0,0,60,0,3,6,17,18,15,0,3,0,55,8,19,29,115,63,67,17,3,0,327,0,0,0,4,0,6,3,3,0,15,0,0,3,16,28,37,24,26,4,140,0,4,3,8,9,9,3,0,0,37,0,3,14,38,30,17,6,7,4,119,0,0,0,8,7,11,11,12,0,55,0,0,0,9,4,5,3,0,0,16,0,8,21,79,14,26,7,0,0,170,0,4,19,67,13,4,0,0,0,108,0,0,0,9,4,5,0,0,0,15,0,0,0,7,3,3,0,0,0,7,4,4,5,14,10,3,11,0,0,50
SED30047,0,0,0,3,0,0,0,0,0,7,0,0,0,0,0,0,0,0,0,8,0,0,0,3,0,0,0,0,0,5,0,0,0,5,4,12,16,15,3,61,21,152,182,587,316,226,98,33,8,1616,0,0,0,11,9,6,4,5,3,46,0,3,0,4,0,0,0,0,0,7,0,3,5,35,23,10,3,4,3,86,4,18,36,129,74,66,23,5,0,354,0,0,0,13,0,3,0,0,4,24,3,10,7,28,33,25,26,16,9,153,0,3,3,7,7,3,0,0,0,33,3,14,29,80,47,22,12,5,7,218,0,0,0,4,0,0,0,3,0,12,0,3,3,21,10,9,3,0,0,42,0,0,0,15,3,0,0,0,0,19,0,3,7,44,18,4,0,0,0,77,0,0,0,0,0,0,0,0,0,0,0,0,0,0,0,0,0,0,0,5,3,8,6,36,19,13,4,0,0,91
SED30048,0,0,0,3,0,0,0,0,0,3,0,0,0,3,0,0,0,0,0,3,0,0,7,16,3,0,0,0,0,25,0,0,0,3,5,5,15,10,0,41,4,30,52,169,116,93,56,8,4,539,0,0,0,6,0,3,4,0,0,11,0,0,0,4,0,0,0,0,0,12,0,3,0,19,13,7,0,0,0,44,14,87,94,265,97,68,19,3,0,659,0,0,0,3,0,3,3,0,0,9,0,0,3,8,11,10,23,5,3,66,0,0,0,4,0,0,0,0,0,6,0,20,31,55,29,14,5,0,0,160,0,0,0,0,3,0,0,0,0,6,0,0,3,13,0,5,0,0,0,24,0,0,0,7,0,0,0,0,0,11,0,10,3,41,21,4,0,0,0,78,0,0,0,0,0,0,0,0,0,0,0,0,0,0,0,0,0,0,0,0,0,3,9,14,6,9,7,0,0,45
SED30049,0,0,3,0,0,0,0,0,0,12,0,0,0,0,0,3,0,3,0,12,0,0,6,12,4,0,0,0,0,21,0,0,0,4,9,4,17,6,7,35,3,75,104,245,159,101,63,19,8,770,0,0,0,0,3,0,3,3,0,11,0,4,0,26,3,0,0,0,0,42,3,11,20,51,38,22,18,11,3,171,0,11,33,121,76,53,17,8,4,327,0,0,0,15,7,10,8,7,4,47,0,0,0,12,20,20,19,19,4,93,3,16,11,45,22,21,4,3,0,123,0,39,60,93,70,28,12,10,3,315,0,0,0,9,10,7,3,0,6,34,3,27,30,102,40,31,13,9,4,259,3,19,46,174,33,35,12,0,3,323,0,4,11,40,12,9,0,0,0,72,0,0,0,3,3,0,4,0,0,11,0,0,0,3,4,3,0,0,0,9,0,10,10,23,9,8,6,0,0,77
SED30050,0,0,3,0,3,3,0,0,0,8,0,0,0,0,0,0,0,4,0,4,0,0,3,26,0,0,0,0,0,26,0,3,7,19,7,11,29,18,13,113,6,57,113,364,275,284,192,73,26,1393,0,0,0,4,4,8,9,6,0,24,0,0,0,5,0,0,0,0,0,3,0,0,0,21,14,10,11,0,0,49,4,9,18,77,37,38,12,0,0,205,0,0,0,16,0,5,0,4,3,30,0,0,3,27,22,27,45,26,13,158,0,3,4,14,4,8,0,0,0,31,0,7,30,81,36,34,20,12,0,226,0,0,0,0,0,0,5,0,0,6,0,0,0,11,0,3,0,0,0,16,0,0,0,30,0,3,0,0,0,29,0,8,19,33,20,4,0,0,0,81,0,0,0,0,0,0,0,0,0,0,0,0,0,0,4,0,0,0,0,9,4,8,20,77,23,18,14,5,0,165
SED30051,0,0,0,0,0,0,0,3,0,3,0,0,0,0,0,0,0,0,0,0,0,0,0,0,0,0,0,0,0,0,0,0,0,3,11,19,33,12,5,79,3,24,28,103,135,150,132,27,8,601,0,0,0,0,3,3,3,0,0,12,0,0,0,0,0,0,0,0,0,0,0,0,3,7,16,3,5,0,0,39,3,16,14,69,47,50,34,3,0,243,0,0,0,3,4,3,3,0,0,15,0,0,0,6,14,23,28,20,8,96,0,0,0,0,4,4,0,0,0,8,0,3,10,13,11,7,3,0,0,51,0,0,0,0,0,0,4,0,0,5,0,0,0,0,0,0,0,0,0,3,0,0,3,5,0,0,4,0,0,11,0,0,6,16,15,3,4,0,0,43,0,0,0,0,0,0,0,0,0,0,0,0,0,0,0,0,0,0,0,0,0,0,0,14,11,13,12,3,0,50
SED30052,0,0,5,12,3,0,0,0,0,23,0,0,0,0,0,0,0,0,0,3,0,0,4,7,0,0,0,0,0,15,0,3,0,14,7,13,24,19,5,84,18,104,224,601,367,338,211,65,35,1956,0,0,3,7,10,8,10,5,0,44,0,0,3,9,0,0,0,0,0,14,0,0,3,25,5,8,3,4,0,47,0,17,30,107,55,62,29,7,0,304,0,0,0,17,3,11,12,12,7,64,0,6,3,33,21,26,47,17,5,166,0,3,8,20,11,14,12,0,0,65,3,20,45,123,53,62,17,15,0,334,0,0,0,0,3,7,4,8,0,32,0,3,9,12,3,10,8,9,0,45,0,8,17,80,23,32,19,5,0,185,0,11,12,85,27,11,7,0,0,152,0,0,0,6,8,4,3,0,0,21,0,0,3,3,0,3,4,0,0,12,8,20,27,55,20,12,10,4,4,151
SED30053,0,0,0,0,0,3,0,0,0,7,0,0,0,3,0,0,0,0,0,3,0,0,0,4,0,0,0,0,0,7,0,0,0,8,3,10,12,5,0,43,0,25,36,151,109,108,37,6,0,466,0,0,0,0,0,3,0,0,0,7,0,0,3,4,0,0,0,0,0,6,0,6,3,9,12,3,0,0,0,36,0,16,17,89,49,43,13,4,0,233,0,0,0,0,0,0,0,0,0,3,0,0,0,4,7,11,6,3,0,43,0,0,0,0,3,0,3,0,0,3,0,13,16,41,24,8,3,0,0,105,0,0,0,0,0,0,0,0,0,0,0,0,0,0,0,0,0,0,0,4,0,0,0,4,0,0,0,0,0,5,0,0,3,23,17,8,0,0,0,51,0,0,0,0,0,0,0,0,0,0,0,0,0,0,0,0,0,0,0,0,0,3,8,14,3,5,8,0,0,46
SED30054,0,0,3,4,0,4,0,0,0,15,0,0,0,0,4,3,0,0,3,9,0,0,3,3,0,0,0,0,0,7,0,0,6,20,23,18,24,14,3,110,7,48,68,214,128,110,62,32,8,675,3,3,0,5,10,3,10,3,3,48,0,0,0,5,3,0,0,0,0,15,0,4,6,43,48,31,3,12,4,148,0,6,11,63,19,31,4,3,0,132,0,0,0,14,7,9,5,3,0,48,0,18,13,28,49,39,32,12,13,198,0,13,8,42,22,14,10,5,0,111,8,81,147,256,192,118,46,22,12,878,0,0,0,0,5,3,0,0,0,11,0,12,14,29,39,29,22,4,5,160,0,3,13,28,19,24,7,0,0,92,0,7,14,28,14,4,3,0,0,65,0,0,0,0,0,0,0,0,0,6,0,0,0,0,4,0,0,0,0,4,6,28,30,52,53,31,18,7,0,225
SED30055,0,0,0,4,9,3,3,0,0,24,0,0,5,3,3,0,0,0,0,7,0,0,0,0,0,0,0,0,0,0,0,0,3,13,13,9,21,9,0,66,10,150,166,513,285,196,102,25,7,1456,0,0,0,0,3,8,7,0,0,16,0,0,0,0,0,0,0,0,0,0,0,14,9,37,23,26,8,3,0,123,0,6,22,87,57,48,40,13,0,275,0,0,0,5,5,5,5,3,4,25,0,4,0,23,28,33,30,16,6,152,0,3,0,7,3,8,3,0,0,19,0,16,33,65,40,11,10,0,0,178,0,0,0,0,0,0,5,0,0,4,0,0,0,3,4,3,0,0,0,15,0,0,20,76,0,0,0,0,0,99,0,3,6,21,13,5,0,0,0,51,0,0,0,0,0,0,0,0,0,4,0,0,0,0,0,0,0,0,0,0,0,6,3,20,16,15,10,0,0,62
SED30056,0,0,0,0,0,3,3,0,0,9,0,0,3,3,0,0,0,0,0,3,0,0,20,39,0,0,0,0,0,58,0,6,8,21,7,10,9,3,4,64,3,24,91,262,104,89,38,12,3,621,0,0,0,4,4,0,0,0,0,13,0,0,0,4,0,0,0,0,0,10,0,0,17,35,25,11,5,0,0,93,0,4,12,77,19,11,3,0,0,127,0,0,3,15,0,6,3,3,4,37,0,3,12,38,23,25,12,9,0,110,3,5,60,47,5,6,0,0,0,130,0,7,45,87,33,27,8,3,3,215,0,0,0,0,0,0,3,3,3,13,0,0,3,27,0,3,7,0,0,40,0,0,23,69,10,6,4,0,0,111,0,3,17,52,11,6,3,0,3,90,0,0,0,0,0,0,3,0,0,6,0,0,0,5,5,0,3,0,0,8,9,24,43,97,22,11,10,0,0,225
SED30057,0,0,0,0,0,0,0,0,0,3,0,0,0,3,0,0,0,0,0,3,0,0,3,0,0,0,0,0,0,3,0,0,3,3,4,0,11,3,0,25,6,64,60,185,100,66,16,7,0,506,0,0,0,0,0,0,0,0,0,0,0,0,0,5,0,0,0,0,0,5,0,5,3,24,8,3,0,0,0,47,3,31,20,131,68,58,21,0,0,335,0,0,0,4,0,3,3,0,0,11,0,0,3,6,11,6,10,0,0,25,0,0,0,0,0,0,0,0,0,0,0,18,9,46,11,5,0,0,0,88,0,0,0,0,0,0,0,0,0,3,0,0,0,14,3,0,0,0,0,27,0,0,0,3,0,0,0,0,0,3,0,4,0,19,5,7,0,0,0,31,0,0,0,0,0,0,0,0,0,0,0,0,0,4,0,0,0,0,0,4,0,0,3,15,3,5,3,0,0,31
SED30058,0,0,0,3,0,3,0,0,0,10,0,0,0,0,0,3,0,0,0,10,0,0,0,9,5,0,0,0,0,12,0,0,0,5,3,17,34,3,3,68,7,61,85,267,161,108,66,15,11,780,0,0,0,10,8,10,12,7,3,52,3,3,0,13,3,0,0,0,0,20,0,0,8,32,13,27,4,7,0,90,0,14,31,91,51,35,20,10,0,247,0,0,0,16,11,13,4,9,10,59,0,10,8,38,33,28,24,12,9,155,3,12,13,25,20,19,13,0,0,111,0,27,60,128,84,48,35,7,3,387,0,0,0,0,6,9,4,0,3,18,0,12,25,51,65,51,22,15,3,247,0,3,14,71,15,35,11,0,0,152,0,8,4,44,18,10,4,3,0,82,0,0,0,0,4,5,0,0,0,11,0,0,3,0,4,3,0,0,0,11,3,18,17,34,18,12,7,0,0,109
SED30059,0,0,0,4,5,9,0,0,0,16,0,0,0,0,3,0,0,0,0,8,0,0,0,3,0,0,0,0,0,6,0,0,5,12,16,27,34,20,7,117,19,135,182,635,440,348,224,89,29,2096,0,0,0,4,6,7,7,13,0,29,0,0,0,7,0,0,0,0,0,6,0,0,8,18,15,3,5,0,0,52,0,11,26,80,55,40,18,0,0,230,0,0,0,18,3,15,15,7,5,60,0,8,5,30,43,39,44,16,7,192,0,7,4,5,7,13,8,0,0,48,4,41,81,185,123,66,34,19,4,553,0,0,0,0,12,3,3,4,3,32,0,0,5,6,4,10,7,0,0,31,0,0,8,43,11,9,8,0,0,73,0,9,8,53,18,12,0,0,0,101,0,0,3,3,0,0,3,0,0,12,0,0,0,0,0,0,4,0,0,7,6,24,28,32,18,16,11,0,0,143
SED30060,0,0,0,0,3,0,0,0,0,9,0,0,0,0,0,0,0,0,0,7,0,0,3,6,0,0,0,0,0,12,0,0,0,11,8,17,22,3,3,64,8,45,48,199,118,90,47,13,3,571,0,0,0,3,0,5,0,0,0,16,0,0,0,0,0,0,0,0,0,8,3,27,43,124,63,49,12,3,3,326,0,26,19,122,76,73,20,5,0,349,0,0,0,8,0,0,6,3,3,15,0,3,0,15,10,9,12,4,3,61,0,0,0,4,3,3,3,0,0,12,0,6,3,17,10,4,9,3,0,53,0,0,0,0,0,7,0,3,0,12,0,3,0,9,3,4,4,0,0,28,0,0,3,13,0,0,0,0,0,16,0,14,23,70,16,10,5,0,0,143,0,0,0,0,0,0,0,0,0,0,0,0,0,0,0,0,0,0,0,0,0,5,5,23,10,7,6,3,0,63
SED30061,0,0,0,0,0,0,0,0,0,3,0,0,3,26,4,3,4,0,0,39,0,4,9,27,0,0,0,0,0,41,0,0,3,11,9,9,7,9,4,46,4,39,68,132,107,79,39,16,8,487,0,0,0,0,3,3,3,0,0,17,0,4,0,8,0,0,3,0,0,20,0,27,47,65,34,14,6,0,0,196,6,23,36,136,76,42,24,8,0,349,0,0,0,3,4,3,3,0,0,18,0,7,3,10,15,12,11,14,7,86,0,0,6,5,3,3,0,0,0,15,0,12,45,53,28,11,6,3,0,159,0,0,0,0,0,5,0,3,0,5,0,9,16,30,6,12,3,0,0,76,0,0,0,7,0,3,0,0,0,12,0,21,7,29,17,5,3,0,0,76,0,0,0,0,0,0,0,0,0,0,0,0,0,0,0,0,0,0,0,0,3,3,25,41,8,6,3,0,0,93
SED30062,0,0,0,6,4,3,3,0,0,18,0,0,0,3,0,0,0,0,0,7,0,7,5,39,0,0,0,0,0,51,0,0,4,15,12,26,24,21,5,102,50,366,378,986,400,245,149,64,26,2659,0,0,3,8,10,4,8,9,0,49,0,0,0,11,0,0,0,0,0,13,0,12,23,50,27,28,7,3,0,147,8,42,67,218,136,80,50,10,0,607,0,0,0,13,3,3,7,0,3,24,3,12,21,47,42,34,40,25,10,242,0,3,0,18,3,10,3,0,0,47,14,90,95,283,110,50,31,8,3,681,0,0,0,0,3,6,5,3,0,19,0,8,5,35,13,11,16,3,0,85,3,0,12,25,5,0,3,0,0,46,3,8,4,41,10,3,0,0,0,63,0,0,0,3,0,0,0,0,0,4,0,0,0,0,0,0,0,0,0,3,3,12,6,38,17,13,11,0,0,88
SED30063,0,0,0,0,3,0,3,0,0,5,0,0,0,0,0,0,0,0,0,0,0,0,0,5,0,0,0,0,0,4,0,0,4,3,3,13,41,13,0,79,0,4,27,121,93,117,95,29,13,498,0,0,0,0,0,0,4,0,0,9,0,0,0,4,0,0,0,0,0,5,0,0,0,12,15,3,0,0,0,39,7,35,38,130,54,56,27,0,0,349,0,0,0,0,0,3,0,0,0,10,0,0,0,4,8,24,25,9,3,78,0,0,0,0,3,3,0,0,0,10,0,0,3,27,9,13,9,3,3,76,0,0,0,0,0,0,0,0,0,3,0,0,0,6,0,0,0,0,0,12,0,0,0,7,0,0,0,0,0,8,0,0,5,8,13,3,0,0,0,34,0,0,0,0,0,0,0,0,0,7,0,0,0,0,0,0,0,0,0,0,0,3,9,10,9,20,6,3,0,59
SED30064,0,0,0,0,3,0,0,0,0,0,0,0,0,3,0,0,0,0,0,4,0,0,0,3,0,0,0,0,0,3,0,4,3,19,15,15,37,17,14,123,3,58,84,272,207,170,118,50,14,968,0,0,0,3,3,3,6,3,0,19,4,0,0,4,0,0,0,0,0,12,0,0,4,15,29,11,0,5,0,72,0,9,10,72,31,33,16,3,0,174,0,0,0,0,0,5,0,0,3,18,0,0,3,20,17,25,29,15,10,118,0,0,3,9,6,0,4,0,0,25,0,10,20,56,39,23,24,7,3,185,0,0,0,0,0,3,0,0,0,6,0,0,0,5,3,0,0,0,3,14,0,0,0,7,0,0,0,0,0,7,0,7,6,25,21,5,3,0,0,70,0,0,0,0,0,0,0,0,0,3,0,0,0,0,0,0,0,0,0,0,0,6,4,28,17,19,18,11,0,110
SED30065,0,0,0,0,0,0,5,3,0,6,0,0,0,0,0,0,3,0,0,7,0,0,0,0,0,0,0,0,0,3,0,10,0,29,19,28,52,25,9,170,6,74,66,265,252,294,195,78,28,1246,0,0,0,3,13,3,10,5,0,38,0,0,0,0,0,0,0,0,0,0,0,0,3,15,23,16,4,0,0,56,3,3,3,48,37,38,11,3,0,148,0,0,0,9,7,6,3,3,3,36,0,7,7,25,43,32,48,22,10,193,0,0,0,4,3,5,6,0,0,22,3,20,16,80,75,37,45,19,3,298,0,0,0,3,0,3,3,3,0,8,0,0,0,3,0,3,3,3,0,20,0,0,0,17,0,0,0,0,0,17,5,3,6,37,17,4,7,0,0,80,0,0,0,0,0,0,0,0,0,4,0,0,0,3,0,0,0,0,0,3,3,20,19,36,32,40,24,9,0,184
SED30066,0,0,0,0,4,0,3,0,0,7,0,0,10,51,8,10,3,0,0,86,0,8,41,76,3,0,0,0,0,128,0,0,3,8,3,12,8,8,0,47,14,77,172,504,197,163,63,32,12,1236,0,0,0,10,3,3,0,0,0,17,0,3,3,24,0,0,0,0,0,31,0,4,20,61,41,24,13,8,0,172,9,44,62,245,127,103,34,11,0,632,0,0,0,15,7,10,3,5,13,50,0,7,6,25,13,15,13,13,4,93,0,6,7,25,3,3,0,0,0,52,0,9,20,43,20,15,10,3,0,114,0,0,0,0,3,0,0,0,0,6,0,10,14,49,13,7,6,3,0,108,4,0,3,41,3,4,0,0,0,51,0,20,23,68,17,13,3,0,0,149,0,0,0,0,0,3,0,0,0,3,0,0,0,0,0,0,0,0,0,3,3,5,10,39,12,6,7,3,0,78
SED30067,0,0,0,0,0,8,3,0,0,7,0,0,6,17,7,3,0,0,0,32,0,3,0,9,0,0,0,0,0,13,0,4,3,0,9,7,24,9,9,70,11,99,159,457,221,137,74,24,4,1186,0,3,7,10,6,4,3,0,0,34,0,0,0,5,0,4,0,0,0,12,0,0,15,28,37,21,7,0,0,108,3,27,29,167,90,51,27,3,0,404,0,0,0,4,3,3,0,0,0,16,0,4,10,20,23,24,29,3,3,119,3,3,5,13,3,8,5,0,0,37,4,43,54,144,90,43,12,10,0,397,0,0,0,0,4,3,0,0,0,10,0,0,0,11,10,8,7,0,0,42,0,0,0,11,0,0,0,0,0,19,3,8,14,34,15,3,3,0,0,73,0,0,0,0,0,0,0,0,0,3,0,0,0,0,0,0,0,0,0,4,0,7,3,14,17,6,7,0,0,64
SED30068,0,0,0,0,0,8,3,3,0,15,0,0,0,0,0,0,0,0,0,4,0,0,0,0,0,0,0,0,0,0,0,0,3,6,10,30,40,35,10,128,8,73,90,296,197,240,225,74,22,1227,0,0,0,4,6,4,9,8,3,33,0,0,0,3,0,0,0,0,0,3,0,13,8,27,18,16,8,6,0,98,0,19,23,99,76,67,37,13,3,333,0,0,0,0,4,5,6,3,3,20,0,0,0,5,16,31,48,28,14,144,0,0,0,7,0,5,6,0,0,20,0,7,14,28,27,25,32,8,0,141,0,0,0,0,0,4,0,0,0,7,0,0,3,3,0,6,0,0,0,19,0,0,45,81,3,3,0,0,0,132,0,4,0,30,15,5,5,0,0,61,0,0,0,0,0,0,0,0,0,0,0,0,0,0,0,0,3,0,0,4,3,3,4,11,10,16,16,0,0,61
SED30069,0,0,0,0,0,3,3,3,0,13,0,0,0,0,0,0,0,0,0,3,0,0,0,3,0,0,0,0,0,5,0,4,5,11,8,8,41,21,13,119,9,110,134,445,325,270,180,63,28,1567,0,9,3,7,7,0,7,9,0,35,0,0,0,4,0,0,0,3,0,7,0,3,9,27,23,24,7,4,0,95,0,8,21,96,68,59,23,8,0,285,0,3,0,4,4,10,3,3,3,33,0,6,12,16,30,29,70,42,12,210,0,0,3,6,4,3,4,0,0,22,0,7,22,54,50,29,29,6,9,200,0,0,0,0,5,0,3,3,0,18,3,0,3,12,5,12,9,3,4,49,0,0,8,18,0,0,0,0,0,27,0,6,3,35,24,12,3,0,0,78,0,0,0,0,0,0,0,0,0,3,0,0,0,4,0,0,0,0,0,4,0,11,3,24,10,13,12,3,0,80
SED30070,0,0,0,3,0,3,0,0,0,6,0,0,0,0,3,0,0,0,3,7,0,0,0,0,0,0,0,0,0,0,0,0,3,3,13,26,46,19,6,114,6,87,113,371,280,217,155,48,22,1303,0,0,0,4,3,5,12,4,4,27,0,0,0,0,0,0,0,0,0,3,0,0,3,16,14,17,5,6,0,55,3,7,22,58,35,33,17,3,0,169,0,0,0,10,3,8,6,7,4,34,0,3,12,27,46,56,55,25,7,233,0,0,0,3,3,3,0,0,0,10,3,38,58,135,81,33,25,9,9,394,0,0,0,3,0,3,4,3,0,13,0,0,0,5,7,5,6,0,0,24,0,0,0,7,3,3,0,0,0,10,0,4,6,19,10,3,0,0,0,45,0,0,0,0,0,0,0,0,0,6,0,0,0,0,0,0,0,0,0,4,0,6,3,27,15,13,12,3,0,90
SED30071,0,0,0,0,0,0,0,0,0,3,0,0,0,6,3,0,0,0,0,13,0,3,3,16,0,0,0,0,0,25,0,0,3,0,4,4,13,10,5,31,3,28,41,113,80,65,23,14,3,366,0,0,0,0,0,0,0,0,0,7,3,0,0,4,0,0,0,0,0,8,0,8,6,22,16,6,0,0,0,52,4,26,27,123,52,46,22,4,0,306,0,0,0,0,0,0,0,0,0,4,0,0,0,9,16,10,14,5,0,49,0,0,0,5,4,0,0,0,0,10,0,15,14,36,20,6,4,0,0,93,0,0,0,0,0,0,0,0,0,0,0,9,0,18,7,0,0,0,0,40,0,0,0,10,0,0,0,0,0,8,0,4,7,20,12,3,5,0,0,48,0,0,0,0,0,0,0,0,0,0,0,0,0,0,0,0,0,0,0,0,0,4,7,14,3,0,7,3,0,41
SED30072,0,3,0,3,0,0,0,0,0,12,0,0,0,8,0,0,0,0,0,14,0,0,12,64,0,4,0,0,0,79,0,5,0,4,11,15,20,7,5,64,4,84,95,394,215,155,71,38,12,1083,0,3,0,5,3,4,3,3,4,26,0,0,0,8,0,0,0,0,0,10,0,3,13,46,37,26,3,8,0,144,8,42,67,258,140,100,33,8,4,667,0,0,0,21,8,4,3,4,3,42,0,3,5,18,23,23,17,17,16,121,0,3,0,8,10,9,0,0,0,28,0,11,23,60,32,16,13,5,5,162,0,0,0,0,0,3,3,0,0,8,0,8,0,36,13,8,6,0,5,79,0,6,0,19,3,0,3,0,0,30,0,10,12,30,16,3,0,0,0,68,0,0,0,0,0,0,0,0,0,0,0,0,3,3,0,0,0,0,0,11,0,10,7,34,10,8,9,0,0,74
SED30073,0,0,3,7,0,0,0,0,0,14,0,0,3,6,0,0,0,0,0,13,0,3,43,101,3,4,0,0,0,161,0,3,9,25,7,11,3,0,4,66,3,22,120,349,138,123,38,14,3,814,0,0,0,15,3,3,3,0,0,30,0,3,3,15,4,0,0,0,0,24,0,7,18,36,29,11,0,0,0,112,3,9,33,152,44,29,20,3,3,304,0,0,6,31,8,7,4,3,9,65,0,3,12,28,19,18,11,5,10,105,0,4,40,43,7,8,6,0,0,111,0,4,35,92,22,17,10,0,0,179,0,0,0,4,5,5,10,7,0,31,0,21,27,82,23,0,4,0,0,160,0,5,78,195,23,26,3,0,0,333,0,4,42,120,19,3,4,0,0,192,0,0,0,0,4,0,0,0,0,8,0,0,6,13,3,0,3,0,0,28,5,18,39,153,24,23,8,0,0,277
SED30074,0,0,0,0,0,0,3,0,0,5,0,0,0,0,0,0,0,0,0,5,0,0,0,8,0,0,0,0,0,10,0,0,0,7,8,16,30,12,3,81,0,18,23,96,89,80,66,18,7,390,0,0,0,3,3,0,4,4,0,17,0,3,0,3,0,0,0,0,0,3,0,0,0,8,11,9,0,0,0,26,3,33,27,93,39,29,23,9,0,249,0,0,0,3,0,4,0,3,4,16,0,0,0,4,9,14,12,5,0,46,0,0,0,0,3,0,0,0,0,8,0,15,5,34,8,9,7,4,0,89,0,0,0,0,0,0,3,3,0,9,0,0,0,5,3,0,0,0,0,7,0,0,8,62,0,0,0,0,0,70,0,0,9,13,5,3,0,0,0,30,0,0,0,0,0,0,3,0,0,0,0,0,0,0,0,0,0,0,0,3,0,3,0,15,10,7,11,5,0,55
SED30075,0,0,0,8,0,3,0,0,0,14,0,0,4,0,0,0,0,0,0,10,0,0,19,37,0,0,0,0,0,55,0,0,0,6,7,14,29,19,17,90,15,147,297,713,443,356,244,126,47,2393,0,0,0,9,7,0,4,0,4,25,0,4,4,14,4,0,0,0,0,38,0,5,13,26,18,12,4,4,0,74,3,16,53,207,126,86,48,8,3,552,0,0,3,13,6,18,12,8,7,72,0,4,7,20,19,22,34,22,17,151,0,4,30,24,8,16,3,0,0,83,3,10,41,85,58,52,19,5,6,285,0,0,0,8,10,14,9,5,4,54,0,14,4,35,5,9,0,0,0,64,3,3,38,125,17,14,4,0,0,197,0,5,15,104,35,22,3,3,0,187,0,0,0,0,3,0,5,0,0,8,0,0,0,7,5,0,5,0,0,24,6,15,18,51,11,15,8,0,5,125
SED30076,0,0,4,0,5,3,3,0,4,19,0,0,0,0,3,0,4,0,0,14,0,0,0,7,0,0,0,0,0,9,0,0,0,7,5,18,25,16,4,79,12,100,158,562,343,252,108,38,12,1575,0,0,3,5,6,3,11,4,0,31,0,5,5,9,0,3,0,0,0,28,0,3,11,44,29,11,16,6,0,123,0,10,20,97,55,57,17,3,3,264,0,0,0,14,14,16,4,8,0,46,0,6,9,23,41,46,33,17,9,186,0,3,8,8,4,15,4,0,0,36,0,22,27,100,70,54,31,4,0,305,0,0,0,4,4,3,3,3,0,19,0,0,7,25,13,8,9,5,3,62,0,3,11,54,12,12,6,3,0,94,5,7,10,37,13,13,7,0,0,81,0,0,0,3,0,4,0,0,0,5,0,0,0,5,0,0,0,0,0,3,0,17,12,16,14,12,7,0,0,83
SED30077,0,0,0,0,0,0,0,0,0,5,0,0,3,19,9,4,3,0,0,38,0,0,25,61,4,0,0,0,0,86,0,0,0,5,5,8,10,8,0,38,7,30,73,314,125,91,48,15,3,706,0,0,0,7,6,0,0,0,0,14,0,5,5,14,0,0,0,0,0,19,0,11,21,36,24,23,4,3,0,126,3,12,32,127,71,57,16,11,0,329,0,0,3,17,3,7,6,4,4,48,0,3,3,35,22,10,15,10,4,89,4,7,7,25,5,0,0,0,0,45,0,3,17,74,19,9,7,3,0,133,0,0,0,0,7,0,0,0,0,8,3,5,6,28,10,11,12,5,6,77,0,0,8,24,3,0,0,0,0,40,3,21,25,55,12,8,3,0,0,122,0,0,0,0,0,3,0,3,0,7,0,0,0,8,4,0,0,0,0,11,0,21,16,48,17,13,4,0,0,115
SED30078,0,0,0,5,0,3,0,0,0,13,0,0,4,11,4,4,0,0,0,32,0,0,8,5,0,0,0,0,0,11,0,0,0,0,0,8,13,5,3,34,13,163,206,343,173,126,45,13,3,1085,0,0,0,4,8,0,4,3,0,19,5,40,33,152,23,20,10,0,0,278,0,11,8,39,25,23,12,10,4,136,0,19,48,178,110,76,28,3,3,467,0,0,0,5,3,7,10,6,5,37,0,3,5,7,17,23,10,10,3,74,0,15,28,46,32,21,12,0,3,152,5,20,66,133,83,55,20,6,3,390,0,0,0,10,10,18,11,3,0,59,0,6,17,44,40,31,15,5,3,167,27,43,153,806,194,256,84,22,3,1582,0,7,11,53,12,11,4,0,0,107,0,0,8,14,6,10,5,3,0,50,0,0,4,17,5,0,0,0,0,27,0,15,9,16,10,4,3,0,3,62
SED30079,0,0,0,0,0,0,3,0,0,3,0,3,4,8,3,3,3,3,0,25,0,0,4,25,0,0,0,0,0,34,0,0,0,10,3,4,25,11,5,59,7,88,134,247,124,83,58,21,9,771,0,0,3,0,0,0,5,3,0,14,8,19,24,68,11,9,3,0,0,131,0,9,9,35,33,27,16,20,3,160,4,19,66,212,98,78,37,5,10,517,0,0,0,8,8,11,11,3,6,54,0,0,0,4,9,9,18,19,9,72,0,13,17,38,13,13,11,0,0,107,0,4,15,35,15,23,10,4,3,109,0,0,0,11,3,18,12,7,0,54,3,14,26,66,20,24,10,3,4,163,15,36,179,761,145,182,87,18,0,1429,0,4,14,66,17,3,0,3,0,110,0,0,0,3,4,3,5,4,0,20,0,0,0,0,3,3,0,0,0,6,0,14,10,17,7,3,9,4,0,58
SED30080,0,0,0,3,0,9,0,0,0,14,0,0,3,7,3,0,0,0,0,11,0,0,50,84,0,0,0,0,0,133,0,0,3,12,3,12,36,16,3,83,12,91,216,578,393,357,271,108,25,2052,0,0,0,9,4,0,12,4,0,25,0,0,0,5,0,0,0,0,0,14,3,0,11,18,23,12,0,4,0,68,0,11,25,151,67,51,20,5,3,338,0,0,0,18,11,16,18,4,4,77,0,3,3,20,23,31,34,20,5,140,0,3,8,17,11,11,3,3,0,58,0,13,35,75,43,36,39,20,4,277,0,0,0,3,6,9,9,5,0,34,0,3,3,7,3,6,4,0,0,32,3,3,33,132,27,26,5,3,0,238,4,6,23,138,26,9,7,0,0,210,0,0,0,3,4,0,0,0,0,15,0,0,0,0,4,0,4,3,0,14,3,7,32,49,25,19,18,8,0,163
SED30081,0,0,0,3,0,0,0,0,0,8,0,0,0,8,3,0,0,0,0,7,0,0,0,0,0,0,0,0,0,0,0,0,0,6,0,5,9,4,0,33,0,50,60,218,126,82,41,12,3,589,0,0,0,0,0,3,3,3,0,11,0,0,0,5,0,0,0,0,0,6,0,10,17,48,37,17,6,0,0,142,4,18,40,115,57,50,19,3,0,302,0,0,0,0,0,0,5,0,3,14,0,0,0,26,9,16,12,7,0,73,0,0,0,4,4,0,0,0,0,10,0,10,18,33,22,14,10,0,0,106,0,0,0,0,0,4,0,0,0,9,0,0,0,5,3,0,0,0,0,23,0,0,0,0,0,0,0,0,0,0,3,0,3,18,16,12,0,0,0,51,0,0,0,0,0,0,3,0,0,5,0,0,0,0,0,0,0,0,0,0,0,4,9,16,6,5,4,0,0,52
SED30082,0,0,0,0,0,0,0,0,0,0,0,0,0,0,0,0,0,0,0,0,0,0,3,10,0,0,0,0,0,12,0,0,0,0,3,13,19,9,6,55,0,21,33,123,86,75,44,14,4,415,0,0,0,0,3,0,6,3,0,14,0,3,3,5,3,3,0,0,0,17,0,0,15,29,17,11,0,0,0,70,3,11,22,86,45,25,12,4,0,212,0,0,0,3,3,3,0,0,0,16,0,3,3,9,11,20,23,14,4,88,0,4,3,3,5,5,0,0,0,26,0,15,17,34,28,16,12,3,3,126,0,0,0,0,3,0,0,3,0,9,0,0,5,17,0,0,0,0,0,25,0,3,3,9,3,6,0,0,0,27,0,0,0,10,3,4,0,0,0,19,0,0,0,0,0,0,0,0,0,0,0,0,0,0,0,0,0,0,0,3,4,8,12,20,10,15,12,8,4,91
SED30083,0,0,0,0,0,0,0,0,0,3,0,0,0,0,0,0,0,0,0,3,0,3,8,64,0,5,0,0,0,80,0,0,6,3,3,9,23,13,9,70,4,15,24,120,61,65,40,24,3,360,0,0,0,3,3,3,4,0,0,17,0,9,3,15,0,3,0,0,0,35,3,7,14,15,11,7,6,3,3,71,0,36,30,111,40,28,17,5,0,258,0,0,0,0,0,9,0,0,3,11,0,3,0,4,13,4,21,17,11,70,3,3,3,9,8,8,3,0,0,36,0,20,33,57,38,20,8,6,4,193,0,0,0,0,3,0,0,0,0,4,3,15,11,46,15,3,7,4,0,104,0,3,6,30,3,0,0,0,0,43,0,3,3,20,13,0,0,0,0,41,0,0,0,0,0,0,0,0,0,0,0,0,0,3,0,0,0,0,0,6,0,7,9,20,13,6,10,6,0,78
SED30084,0,0,0,6,0,0,0,0,0,10,0,0,0,0,3,0,0,0,0,8,0,5,4,15,0,0,0,0,0,26,0,0,0,12,6,18,19,6,3,57,3,21,65,176,147,142,73,16,11,653,0,0,0,0,3,3,0,3,0,9,0,0,0,3,0,0,0,0,0,10,0,9,37,53,26,17,10,0,0,154,4,26,35,137,71,47,17,7,3,335,0,0,0,7,3,0,3,0,0,16,0,4,8,19,22,26,19,16,3,114,0,0,3,6,7,0,0,0,0,21,0,8,33,46,35,18,6,0,0,144,0,0,0,0,0,0,0,0,0,4,0,4,5,7,6,0,3,0,0,32,0,0,0,14,0,0,0,0,0,16,0,6,6,33,22,4,0,0,0,74,0,0,0,0,0,0,0,0,0,0,0,0,0,3,0,0,0,0,0,3,0,7,20,60,13,10,12,0,0,128
SED30085,0,0,0,3,0,0,0,0,0,3,0,0,0,0,0,0,0,0,0,0,0,0,0,9,0,0,0,0,0,9,0,3,0,9,3,4,10,0,0,31,0,13,16,79,68,47,26,9,3,253,0,0,0,4,0,0,0,0,0,5,0,0,0,0,0,0,0,0,0,0,0,0,0,6,6,3,0,0,0,33,0,38,25,91,43,29,4,0,0,233,0,0,0,4,0,0,0,0,0,7,0,3,4,10,0,0,7,3,0,26,0,0,0,3,0,0,0,0,0,7,0,13,11,26,13,10,3,0,3,77,0,0,0,0,0,0,0,0,0,0,0,0,0,3,0,0,0,0,0,6,0,0,0,3,0,0,0,0,0,4,3,0,0,9,0,0,0,0,0,19,0,0,0,0,0,0,0,0,0,0,0,0,0,0,0,0,0,0,0,0,0,3,0,11,3,9,3,3,3,27
SED30086,0,0,0,0,3,5,4,4,0,12,0,0,13,31,8,4,0,3,0,66,0,0,0,3,0,0,0,0,0,5,0,0,0,8,12,23,57,19,13,120,42,309,433,1069,457,310,165,51,26,2864,0,0,0,3,0,5,6,7,0,26,0,22,12,33,6,0,0,0,0,81,0,10,9,56,34,29,19,7,5,165,0,24,39,200,121,97,27,11,4,514,0,0,0,8,0,7,7,0,7,37,0,0,5,18,29,30,30,31,7,154,0,0,0,13,5,11,3,0,0,39,3,7,19,64,30,24,30,14,7,200,0,0,0,4,7,12,12,3,0,38,0,5,3,23,10,6,3,9,0,58,0,0,0,27,0,6,5,0,0,44,0,15,28,76,15,5,0,0,0,145,0,0,0,3,0,0,3,0,0,5,0,0,0,7,0,0,0,0,0,8,0,5,7,19,9,11,10,3,0,58
SED30087,0,0,0,3,0,0,0,0,0,9,0,0,0,0,3,0,0,0,0,4,0,0,6,5,0,0,0,0,0,9,0,0,3,13,10,19,22,9,3,81,5,56,111,352,197,180,60,20,3,989,0,0,0,3,3,3,0,0,0,14,0,0,0,5,0,0,0,0,0,12,0,4,7,26,16,8,3,0,0,77,4,10,40,122,53,31,14,5,0,281,0,0,0,12,6,3,0,0,0,23,0,4,3,24,21,21,21,4,3,105,0,0,0,3,0,0,0,0,0,11,0,46,56,135,96,37,6,7,0,379,0,0,0,0,0,3,0,3,0,7,0,4,3,17,3,0,0,0,0,27,0,0,3,37,0,0,0,0,0,41,3,3,7,45,27,5,0,0,0,92,0,0,0,0,0,0,0,0,0,0,0,0,0,0,0,0,0,0,0,0,0,11,13,35,16,16,9,5,0,101
SED30088,0,0,0,0,0,0,0,0,0,4,4,33,125,267,65,24,17,0,3,542,0,0,0,3,0,0,0,0,0,4,0,0,0,3,4,13,15,11,0,58,52,404,600,1107,373,238,104,34,4,2917,0,0,0,0,0,4,6,0,0,16,10,29,24,116,7,6,0,0,0,201,3,5,24,71,56,44,20,12,3,235,3,30,36,210,104,96,45,10,3,532,0,0,0,5,4,8,12,3,0,32,0,0,0,8,14,13,19,13,4,69,0,3,3,17,5,7,0,0,0,32,3,10,25,40,24,13,16,3,0,141,0,0,0,4,8,8,16,4,0,40,0,4,7,31,3,5,12,7,0,72,3,3,18,59,15,18,4,0,0,127,10,83,48,74,18,9,0,0,0,244,0,0,0,3,3,5,0,0,0,14,0,0,0,3,3,0,3,0,0,13,0,3,5,11,3,9,8,0,0,44
SED30089,0,3,0,3,0,0,0,0,0,8,0,0,3,4,0,0,0,0,0,11,0,0,14,27,0,0,0,0,0,41,0,0,5,12,5,4,15,7,3,52,11,25,82,259,152,85,52,13,9,691,0,0,0,11,6,3,7,0,3,23,0,3,0,17,5,3,0,0,0,32,0,5,17,33,28,14,0,6,0,107,0,13,28,111,34,35,15,5,0,239,0,0,3,31,3,3,6,5,8,58,0,0,3,21,18,25,16,15,3,96,0,10,5,25,10,6,6,0,0,62,0,7,24,61,27,18,8,9,0,158,0,0,0,9,5,3,5,3,0,28,0,13,12,67,15,6,6,5,0,131,6,3,14,87,8,11,4,0,0,132,3,8,20,54,13,8,3,0,0,102,0,0,0,3,3,0,0,3,0,13,0,0,0,4,3,0,3,0,0,14,0,21,22,69,23,17,13,4,0,166
SED39494,0,0,0,0,0,0,0,0,0,0,0,0,0,0,0,0,0,0,0,0,0,0,0,0,0,0,0,0,0,0,0,0,10,11,0,8,8,3,0,38,0,5,13,65,40,76,64,4,0,270,0,0,3,9,0,0,0,0,0,13,0,0,0,0,0,0,0,0,0,0,0,0,3,7,11,0,0,0,0,25,0,5,4,11,9,7,5,3,0,41,0,0,0,0,0,0,0,0,0,5,0,0,11,10,6,7,10,3,0,45,0,0,7,7,0,0,0,0,0,8,0,0,0,8,4,3,3,0,0,23,0,0,0,0,0,0,0,0,0,0,0,0,0,8,0,0,0,0,0,9,0,4,17,57,0,0,0,0,0,75,0,0,3,4,0,0,0,0,0,15,0,0,0,0,0,0,0,0,0,0,0,0,0,0,0,0,0,0,0,0,0,3,7,13,0,6,4,0,0,31
SED39797,0,0,0,0,0,0,0,0,0,0,0,0,0,0,0,0,0,0,0,0,0,0,0,0,0,0,0,0,0,0,0,0,0,0,0,0,0,0,0,0,0,0,0,0,0,0,0,0,0,3,0,0,0,0,0,0,0,0,0,0,0,0,0,0,0,0,0,0,0,0,0,0,0,0,0,0,0,0,0,0,0,0,0,0,0,0,0,0,0,3,0,0,0,0,0,0,0,0,0,0,0,0,0,0,0,0,0,0,0,0,0,0,0,0,0,0,0,0,0,0,0,0,0,0,0,0,0,0,0,0,0,0,0,0,0,0,0,0,0,0,0,0,0,0,0,0,0,0,0,0,0,0,0,0,0,0,0,0,0,0,0,0,0,0,0,0,0,0,0,0,0,0,0,0,0,0,0,0,0,0,0,0,0,0,0,0,0,0,0,0,0,0,0,0,0,0,0,0,0,0
