SED_CODE_2016,D_21_24_FPT_MPET,D_21_24_FPT_MPULFTW,D_21_24_FPT_MPULPTW,D_21_24_FPT_MPUT,D_21_24_FPT_MPTLF,D_21_24_FPT_MPNLF,D_21_24_FPT_MPLFSNS,D_21_24_FPT_T,TDCF_FPEFT_MPEFT,TDCF_FPEFT_MPEPT,TDCF_FPEFT_MPEAW,TDCF_FPEFT_MPEHNS,TDCF_FPEFT_MPET,TDCF_FPEFT_MPULFTW,TDCF_FPEFT_MPULPTW,TDCF_FPEFT_MPUT,TDCF_FPEFT_MPTLF,TDCF_FPEFT_MPNLF,TDCF_FPEFT_MPLFSNS,TDCF_FPEFT_T,TDCF_FPEPT_MPEFT,TDCF_FPEPT_MPEPT,TDCF_FPEPT_MPEAW,TDCF_FPEPT_MPEHNS,TDCF_FPEPT_MPET,TDCF_FPEPT_MPULFTW,TDCF_FPEPT_MPULPTW,TDCF_FPEPT_MPUT,TDCF_FPEPT_MPTLF,TDCF_FPEPT_MPNLF,TDCF_FPEPT_MPLFSNS,TDCF_FPEPT_T,TDCF_FPEAW_MPEFT,TDCF_FPEAW_MPEPT,TDCF_FPEAW_MPEAW,TDCF_FPEAW_MPEHNS,TDCF_FPEAW_MPET,TDCF_FPEAW_MPULFTW,TDCF_FPEAW_MPULPTW,TDCF_FPEAW_MPUT,TDCF_FPEAW_MPTLF,TDCF_FPEAW_MPNLF,TDCF_FPEAW_MPLFSNS,TDCF_FPEAW_T,TDCF_FPHNS_MPEFT,TDCF_FPHNS_MPEPT,TDCF_FPHNS_MPEAW,TDCF_FPHNS_MPEHNS,TDCF_FPHNS_MPET,TDCF_FPHNS_MPULFTW,TDCF_FPHNS_MPULPTW,TDCF_FPHNS_MPUT,TDCF_FPHNS_MPTLF,TDCF_FPHNS_MPNLF,TDCF_FPHNS_MPLFSNS,TDCF_FPHNS_T,TDCF_FPET_MPEFT,TDCF_FPET_MPEPT,TDCF_FPET_MPEAW,TDCF_FPET_MPEHNS,TDCF_FPET_MPET,TDCF_FPET_MPULFTW,TDCF_FPET_MPULPTW,TDCF_FPET_MPUT,TDCF_FPET_MPTLF,TDCF_FPET_MPNLF,TDCF_FPET_MPLFSNS,TDCF_FPET_T,TDCF_FPULFTW_MPEFT,TDCF_FPULFTW_MPEPT,TDCF_FPULFTW_MPEAW,TDCF_FPULFTW_MPEHNS,TDCF_FPULFTW_MPET,TDCF_FPULFTW_MPULFTW,TDCF_FPULFTW_MPULPTW,TDCF_FPULFTW_MPUT,TDCF_FPULFTW_MPTLF,TDCF_FPULFTW_MPNLF,TDCF_FPULFTW_MPLFSNS,TDCF_FPULFTW_T,TDCF_FPULPTW_MPEFT,TDCF_FPULPTW_MPEPT,TDCF_FPULPTW_MPEAW,TDCF_FPULPTW_MPEHNS,TDCF_FPULPTW_MPET,TDCF_FPULPTW_MPULFTW,TDCF_FPULPTW_MPULPTW,TDCF_FPULPTW_MPUT,TDCF_FPULPTW_MPTLF,TDCF_FPULPTW_MPNLF,TDCF_FPULPTW_MPLFSNS,TDCF_FPULPTW_T,TDCF_FPUT_MPEFT,TDCF_FPUT_MPEPT,TDCF_FPUT_MPEAW,TDCF_FPUT_MPEHNS,TDCF_FPUT_MPET,TDCF_FPUT_MPULFTW,TDCF_FPUT_MPULPTW,TDCF_FPUT_MPUT,TDCF_FPUT_MPTLF,TDCF_FPUT_MPNLF,TDCF_FPUT_MPLFSNS,TDCF_FPUT_T,TDCF_FPTLF_MPEFT,TDCF_FPTLF_MPEPT,TDCF_FPTLF_MPEAW,TDCF_FPTLF_MPEHNS,TDCF_FPTLF_MPET,TDCF_FPTLF_MPULFTW,TDCF_FPTLF_MPULPTW,TDCF_FPTLF_MPUT,TDCF_FPTLF_MPTLF,TDCF_FPTLF_MPNLF,TDCF_FPTLF_MPLFSNS,TDCF_FPTLF_T,TDCF_FPNLF_MPEFT,TDCF_FPNLF_MPEPT,TDCF_FPNLF_MPEAW,TDCF_FPNLF_MPEHNS,TDCF_FPNLF_MPET,TDCF_FPNLF_MPULFTW,TDCF_FPNLF_MPULPTW,TDCF_FPNLF_MPUT,TDCF_FPNLF_MPTLF,TDCF_FPNLF_MPNLF,TDCF_FPNLF_MPLFSNS,TDCF_FPNLF_T,TDCF_FPLFSNS_MPEFT,TDCF_FPLFSNS_MPEPT,TDCF_FPLFSNS_MPEAW,TDCF_FPLFSNS_MPEHNS,TDCF_FPLFSNS_MPET,TDCF_FPLFSNS_MPULFTW,TDCF_FPLFSNS_MPULPTW,TDCF_FPLFSNS_MPUT,TDCF_FPLFSNS_MPTLF,TDCF_FPLFSNS_MPNLF,TDCF_FPLFSNS_MPLFSNS,TDCF_FPLFSNS_T,TDCF_FPT_MPEFT,TDCF_FPT_MPEPT,TDCF_FPT_MPEAW,TDCF_FPT_MPEHNS,TDCF_FPT_MPET,TDCF_FPT_MPULFTW,TDCF_FPT_MPULPTW,TDCF_FPT_MPUT,TDCF_FPT_MPTLF,TDCF_FPT_MPNLF,TDCF_FPT_MPLFSNS,TDCF_FPT_T
SED30001,164,8,0,9,175,9,0,182,3558,396,58,41,4055,106,14,116,4176,215,4,4395,4552,491,65,37,5154,85,8,94,5248,161,4,5414,423,59,50,3,543,8,0,8,548,12,0,567,69,10,0,39,119,3,0,3,127,4,9,142,8607,965,177,120,9873,205,24,225,10098,399,12,10513,164,48,3,11,215,17,3,27,239,15,0,259,253,33,0,6,289,15,0,17,307,21,0,330,418,78,3,12,507,35,8,42,549,39,0,583,9027,1039,180,131,10381,234,26,262,10642,439,14,11095,2820,331,96,66,3316,111,14,127,3436,349,7,3795,13,0,0,7,23,0,0,0,23,0,47,72,11863,1371,281,198,13715,343,38,390,14099,787,71,14962
SED30002,220,9,3,15,233,29,0,265,2937,317,12,17,3283,75,26,100,3385,150,0,3534,2987,423,39,20,3476,80,13,98,3570,92,0,3659,294,40,40,0,378,4,0,4,380,7,0,388,29,6,0,50,89,9,0,9,93,6,5,105,6245,792,94,89,7224,163,40,197,7423,260,3,7684,148,18,0,3,173,54,5,64,239,5,0,239,176,35,0,0,206,27,0,27,236,21,0,255,324,55,0,3,384,86,5,92,470,27,0,497,6572,841,94,90,7606,247,47,293,7894,283,8,8185,2001,333,44,45,2425,59,12,76,2497,334,14,2854,13,3,0,5,25,3,0,3,30,6,26,53,8587,1178,137,145,10050,309,56,367,10421,621,48,11090
SED30003,236,11,5,15,255,19,0,275,2505,235,33,11,2785,75,13,91,2867,140,10,3017,3773,301,40,13,4132,68,14,78,4210,84,0,4295,348,33,24,0,403,3,0,4,409,13,0,423,32,3,3,30,61,0,0,0,61,3,0,64,6655,574,101,50,7376,147,25,174,7549,246,10,7802,83,10,3,0,93,12,0,12,108,4,0,109,148,7,0,3,156,8,0,8,164,0,0,165,226,17,3,3,254,26,0,26,278,3,0,279,6887,592,98,58,7632,174,25,195,7827,247,10,8080,1472,120,24,24,1629,31,0,31,1664,81,3,1745,4,0,0,4,8,0,0,0,8,0,3,13,8359,706,120,81,9267,207,25,232,9501,328,19,9842
SED30004,231,8,0,9,247,27,0,271,2338,256,25,7,2620,70,8,78,2697,110,3,2817,2755,269,33,22,3084,64,12,73,3162,83,0,3242,275,28,26,5,342,3,0,3,343,6,0,349,51,7,0,39,90,0,0,0,90,11,3,107,5424,556,85,73,6136,138,16,156,6296,209,3,6508,59,7,0,0,68,16,0,17,82,6,0,92,132,11,7,6,157,16,0,12,170,5,0,178,187,21,7,7,225,28,3,32,256,11,0,263,5609,575,92,81,6362,159,19,182,6549,220,3,6769,1390,130,31,19,1568,57,3,54,1624,122,5,1750,6,0,0,8,21,0,0,0,21,0,23,41,7007,702,119,115,7950,216,26,242,8192,341,35,8559
SED30005,73,3,0,3,79,9,0,91,2737,347,63,13,3164,78,12,89,3257,196,4,3455,2995,423,71,29,3511,57,14,76,3589,115,4,3702,259,32,37,5,329,8,0,8,343,25,0,364,57,6,0,30,96,3,4,6,104,6,5,115,6046,808,174,74,7105,155,30,179,7283,344,7,7632,64,9,8,0,80,13,0,9,92,6,0,97,138,23,3,3,168,18,9,25,194,20,0,214,200,30,8,3,243,30,5,38,282,29,0,311,6245,840,183,78,7347,183,36,217,7569,371,7,7948,1411,207,57,20,1698,75,16,91,1789,201,4,1991,11,0,0,9,15,0,0,0,15,0,20,35,7668,1049,240,105,9063,258,52,311,9371,567,32,9975
SED30006,81,0,0,0,79,6,0,90,2323,220,69,19,2637,38,9,50,2682,158,9,2853,3101,397,30,31,3557,65,13,76,3631,138,4,3776,273,52,45,7,373,3,0,3,380,23,0,403,39,9,3,68,121,0,0,0,127,9,0,129,5735,681,143,127,6689,109,16,131,6816,329,12,7160,79,10,0,4,91,22,0,22,120,8,0,125,115,20,7,3,140,3,7,10,153,16,0,169,198,29,5,7,234,29,7,33,272,24,0,296,5931,709,151,131,6925,137,21,160,7088,353,12,7456,1870,263,67,54,2255,84,19,104,2363,387,4,2752,24,4,0,12,44,0,0,0,44,3,35,80,7825,980,221,197,9225,222,41,265,9493,744,55,10286
SED30007,108,8,0,8,108,13,0,128,1086,93,10,4,1186,48,11,56,1249,60,0,1305,1151,182,11,13,1354,18,9,25,1383,32,0,1411,154,18,12,0,180,9,0,9,190,6,0,198,24,0,0,12,36,0,0,0,34,3,3,40,2405,294,34,33,2763,72,20,94,2854,103,3,2959,43,3,0,0,49,12,0,12,55,3,0,61,87,15,0,0,97,9,5,11,109,6,0,118,129,17,0,3,147,17,5,25,167,9,0,183,2535,312,34,30,2911,90,24,114,3023,114,3,3143,811,112,30,14,973,29,8,40,1009,309,0,1323,4,0,0,0,8,0,0,0,8,3,9,20,3354,426,67,50,3887,126,33,156,4046,423,11,4483
SED30008,82,3,0,4,89,18,0,105,1148,138,17,11,1312,45,9,59,1368,86,0,1445,1538,226,17,15,1801,50,13,71,1866,88,0,1956,98,16,10,3,130,0,0,0,128,8,0,138,24,7,0,16,51,3,0,3,49,4,0,61,2808,385,45,46,3286,108,21,133,3412,187,0,3607,47,12,3,0,63,27,0,27,86,6,0,93,97,23,0,3,115,17,3,21,139,14,0,149,140,28,3,3,175,38,3,48,222,22,0,241,2950,415,49,45,3458,149,32,178,3640,211,0,3847,908,186,16,27,1143,85,11,99,1240,257,0,1493,11,7,0,3,18,0,0,0,18,4,33,53,3866,613,68,76,4619,229,40,270,4896,467,34,5399
SED30009,112,3,0,3,118,10,0,124,1898,260,17,5,2180,50,10,52,2238,129,0,2371,3274,422,45,30,3779,47,3,54,3833,96,6,3936,182,33,40,0,255,6,0,6,257,3,0,263,39,5,0,26,69,3,0,3,75,3,0,74,5397,716,104,68,6293,100,11,117,6404,237,6,6647,61,10,3,0,79,11,0,11,91,3,0,96,184,21,3,3,204,13,6,17,225,3,3,229,249,27,3,3,287,25,6,29,309,14,3,328,5645,750,111,69,6577,126,19,140,6718,248,7,6967,1360,159,35,42,1589,52,10,63,1657,190,0,1845,6,0,0,0,6,0,0,0,6,0,16,26,7014,907,147,111,8175,173,24,206,8378,431,31,8839
SED30010,198,5,3,9,206,26,0,237,2363,237,25,14,2647,70,8,84,2725,128,5,2863,3511,275,26,20,3827,46,5,55,3885,65,0,3945,343,28,30,4,409,9,0,9,414,10,0,425,31,3,0,18,52,3,0,3,53,0,0,53,6249,543,80,58,6935,127,16,146,7078,207,11,7292,53,10,0,0,61,10,0,15,80,8,0,80,121,12,0,0,132,13,4,16,151,0,0,151,175,20,3,0,200,21,8,31,225,4,0,235,6424,561,82,58,7131,154,17,171,7307,213,11,7525,1502,116,18,44,1676,46,8,53,1729,119,4,1845,16,0,0,4,20,0,0,0,20,0,12,35,7942,680,107,100,8827,198,24,219,9052,331,27,9409
SED30011,22,0,0,0,22,3,0,26,1019,191,12,17,1236,23,18,43,1281,80,7,1363,1364,263,33,20,1680,62,8,73,1752,148,0,1900,100,18,14,0,131,6,3,15,144,4,0,151,20,0,0,10,35,5,0,5,48,4,0,51,2505,469,60,52,3084,108,34,138,3223,235,7,3466,47,8,0,0,59,22,8,28,87,4,0,93,75,18,0,9,103,13,9,24,124,0,0,124,126,29,0,9,158,32,13,45,207,4,0,212,2622,499,60,59,3247,141,52,189,3434,241,7,3679,942,208,23,21,1191,107,30,139,1334,379,0,1712,5,0,0,3,13,0,0,0,13,0,15,21,3574,708,89,85,4448,249,79,327,4780,617,16,5413
SED30012,153,4,0,4,160,29,0,183,3606,350,53,41,4051,147,38,189,4235,308,11,4547,3596,542,55,36,4228,119,17,135,4363,225,10,4593,455,61,53,9,578,15,0,15,596,36,3,631,73,10,0,87,171,12,4,16,185,20,15,216,7726,968,161,166,9020,296,58,356,9372,578,32,9985,318,48,7,13,393,98,0,98,483,35,0,524,303,42,5,16,368,35,18,58,419,20,4,447,618,94,13,30,754,130,18,149,904,59,4,973,8343,1059,174,201,9774,428,73,505,10277,639,39,10961,3473,731,95,160,4454,267,40,310,4763,835,16,5616,31,7,0,6,46,0,0,0,46,0,64,105,11847,1794,272,365,14274,692,117,812,15086,1476,118,16680
SED30013,50,0,0,0,54,3,0,57,1746,120,34,12,1911,35,3,35,1945,60,3,2008,2277,219,48,13,2557,29,3,35,2597,74,0,2674,187,25,49,3,256,10,0,9,268,4,0,275,36,0,3,38,74,3,0,3,77,3,3,81,4237,362,132,68,4804,72,7,85,4881,143,8,5033,68,11,6,0,85,30,0,30,112,11,5,133,117,4,0,3,126,14,8,24,145,0,0,145,185,16,6,9,211,46,10,53,262,11,5,280,4425,377,139,74,5007,120,16,136,5145,155,16,5313,1003,113,39,29,1189,69,6,78,1270,214,5,1485,12,0,0,0,13,0,0,0,13,0,21,28,5437,498,177,100,6206,187,30,215,6423,368,38,6832
SED30014,98,3,0,3,106,7,0,112,1684,243,16,3,1942,36,11,53,1998,97,3,2094,2689,415,39,26,3167,35,3,31,3199,84,0,3288,228,33,36,0,301,3,0,3,307,12,0,317,34,3,0,36,77,0,0,0,83,3,11,94,4641,693,97,66,5492,69,18,86,5582,200,11,5792,45,8,0,3,57,12,0,12,73,3,0,78,100,11,0,0,119,9,0,9,128,13,0,138,152,19,0,6,177,28,0,28,201,13,0,214,4789,713,97,70,5670,95,18,116,5780,210,11,6005,1268,170,24,22,1486,67,4,72,1558,129,0,1691,4,0,0,4,6,6,0,6,15,0,3,19,6055,881,124,104,7161,171,23,194,7353,346,15,7712
SED30015,27,0,0,0,27,12,0,37,1455,189,13,4,1662,41,0,44,1709,123,0,1834,1989,299,36,12,2331,33,14,41,2371,148,3,2526,128,20,25,3,165,7,0,7,176,11,0,182,33,0,0,23,57,9,0,9,62,4,0,69,3599,503,70,43,4219,89,17,101,4317,290,4,4613,62,20,0,0,80,26,3,32,113,24,0,131,70,19,10,8,111,13,6,17,126,10,0,131,132,35,15,8,187,41,11,49,241,27,0,266,3733,544,85,46,4409,128,21,149,4557,314,4,4875,1113,171,45,50,1390,135,15,153,1543,426,3,1967,17,4,0,10,23,0,0,0,23,5,21,49,4859,723,135,100,5815,262,39,302,6119,751,27,6892
SED30016,43,3,0,3,46,13,0,61,1466,222,31,3,1726,51,15,65,1789,127,4,1921,1801,361,35,28,2214,62,6,72,2288,123,10,2424,168,32,37,3,227,3,0,3,233,3,0,237,25,7,0,33,67,6,3,4,72,14,4,91,3451,616,101,61,4234,121,27,150,4383,267,14,4668,45,13,0,0,57,35,0,37,99,20,0,119,121,27,0,17,161,23,8,37,191,16,0,214,169,38,0,17,221,64,8,72,293,39,0,334,3620,653,101,78,4455,185,39,218,4680,310,14,4999,1002,268,38,48,1348,101,27,130,1481,421,0,1905,3,0,0,8,9,0,0,0,9,3,27,44,4629,919,142,130,5813,286,65,352,6163,732,47,6942
SED30017,12,0,0,0,12,3,0,13,1560,125,15,16,1717,38,4,41,1758,75,3,1830,1855,226,29,39,2153,23,8,32,2180,115,0,2297,170,14,19,9,202,5,0,6,209,16,0,224,41,11,0,56,114,0,0,0,115,5,3,130,3626,384,60,116,4187,62,17,81,4267,202,8,4484,38,7,0,0,48,21,0,22,67,23,0,96,52,11,6,4,67,9,3,13,86,8,0,93,83,16,7,4,113,32,5,42,157,32,0,192,3712,398,68,124,4302,98,24,116,4425,240,8,4669,1308,181,51,58,1601,123,24,150,1750,456,15,2217,8,3,0,3,13,0,0,0,13,4,30,54,5029,586,121,183,5917,218,48,269,6189,702,54,6941
SED30018,76,0,0,0,76,12,0,88,1517,195,32,8,1748,25,9,36,1787,86,3,1873,2505,413,42,27,2985,62,10,69,3060,136,3,3199,166,17,31,11,224,7,0,7,227,11,0,241,51,10,3,31,88,0,0,0,88,3,0,94,4239,635,102,74,5048,101,19,114,5166,234,6,5401,55,13,3,7,73,7,4,5,86,14,0,99,132,16,3,3,162,9,6,15,178,12,0,186,183,35,8,12,235,20,5,26,262,24,0,286,4425,672,110,84,5286,118,28,139,5424,260,6,5691,1279,197,45,35,1562,69,21,85,1647,187,7,1837,11,0,0,10,25,0,0,0,25,4,10,35,5710,872,154,134,6868,181,48,231,7094,455,18,7564
SED30019,147,3,0,10,155,22,0,185,2007,211,39,7,2266,47,6,51,2317,117,6,2438,2920,255,28,20,3228,50,3,51,3283,69,11,3363,289,21,28,3,338,3,0,3,342,19,0,363,33,4,0,45,86,0,0,0,84,0,4,87,5245,495,97,83,5917,93,12,105,6022,207,21,6256,74,3,0,0,77,12,0,12,87,8,0,93,133,19,0,11,165,6,0,8,170,5,0,180,212,23,0,11,242,19,0,17,258,15,0,275,5459,514,99,90,6155,112,15,125,6283,223,21,6527,1370,177,25,32,1599,40,15,50,1650,152,0,1803,8,0,0,3,17,3,0,3,20,0,23,37,6836,691,118,121,7775,154,21,175,7954,379,39,8370
SED30020,269,9,0,7,278,17,0,296,3010,254,31,32,3332,75,6,81,3416,99,0,3516,3638,251,36,23,3947,59,12,72,4017,83,0,4094,348,33,30,5,415,8,0,8,417,4,0,422,38,7,0,36,78,0,0,0,82,4,3,91,7031,546,101,98,7771,139,20,159,7927,189,3,8122,58,7,4,0,69,4,0,4,69,8,0,80,157,8,0,3,168,6,4,9,181,10,0,184,216,8,4,3,232,17,4,17,247,11,0,266,7250,554,97,102,7998,158,19,175,8180,203,3,8386,1589,180,23,28,1826,52,12,64,1893,144,3,2039,5,0,0,3,11,0,0,0,11,0,12,24,8846,739,122,131,9835,210,33,242,10082,349,22,10450
SED30021,234,5,0,6,241,17,0,259,2103,201,19,6,2323,45,4,53,2381,98,3,2479,2732,241,13,23,3007,50,3,52,3060,104,0,3168,238,15,28,3,284,6,0,6,290,3,0,291,27,3,4,34,64,0,0,0,65,0,4,74,5093,455,65,67,5685,100,13,114,5793,211,8,6014,56,4,0,0,64,15,0,15,75,3,0,82,101,5,3,0,113,14,3,21,129,4,0,136,163,10,3,0,176,33,3,36,211,10,0,218,5254,467,68,67,5853,133,12,143,6000,224,8,6234,1494,153,26,22,1694,33,4,41,1733,162,3,1902,3,0,0,10,8,0,0,0,8,3,3,20,6745,620,97,97,7561,164,23,187,7748,387,15,8146
SED30022,192,8,0,5,199,14,0,211,2416,239,41,16,2704,53,9,65,2765,108,3,2878,3026,251,57,18,3356,29,14,47,3398,64,7,3471,192,25,20,0,239,3,0,3,242,8,0,246,16,0,0,23,41,0,0,0,41,0,0,41,5644,518,118,57,6337,84,23,111,6443,185,13,6637,80,22,0,0,97,8,0,8,100,3,0,108,140,19,3,4,162,3,0,4,163,4,0,170,213,34,3,4,259,7,0,6,267,6,0,276,5864,553,123,56,6595,94,28,120,6710,191,13,6910,1364,141,37,26,1571,36,4,39,1611,135,7,1755,8,0,0,8,9,0,0,0,9,0,12,24,7235,693,164,87,8176,129,35,158,8338,322,27,8690
SED30023,77,3,0,3,79,6,0,86,2413,182,40,26,2656,42,16,61,2714,95,0,2812,3745,341,40,29,4160,37,3,43,4203,135,3,4342,290,38,37,4,370,3,0,3,378,9,0,385,50,5,0,43,97,3,0,3,104,3,0,111,6504,566,117,105,7290,87,17,112,7400,245,9,7649,75,13,4,0,92,17,0,17,110,7,0,123,136,19,0,3,162,9,0,11,173,9,0,182,211,30,5,3,257,31,0,32,284,15,0,297,6718,598,118,109,7540,116,21,137,7679,260,9,7945,2064,242,55,53,2418,132,32,168,2581,377,3,2965,11,4,0,3,23,0,0,0,23,0,9,30,8796,849,179,160,9984,252,53,305,10286,635,24,10948
SED30024,14,0,0,0,14,9,0,25,1732,204,23,41,1997,60,9,70,2071,167,15,2248,1583,371,30,48,2034,33,10,48,2080,141,0,2215,125,22,51,0,201,4,0,4,208,4,0,213,32,9,10,42,84,9,0,6,95,13,0,109,3466,598,117,129,4316,112,23,132,4453,320,15,4789,72,23,0,0,99,113,4,117,217,24,0,244,66,16,3,6,94,34,18,52,144,19,0,167,139,39,3,7,193,152,24,173,366,43,0,407,3610,640,125,137,4511,262,47,307,4818,369,15,5194,1104,309,53,50,1517,225,55,278,1791,888,11,2695,16,0,0,12,26,0,0,3,26,12,67,106,4723,953,172,201,6055,486,104,583,6636,1266,87,7994
SED30025,148,4,0,8,153,23,0,175,2981,307,55,13,3358,74,15,90,3446,184,0,3634,3758,484,40,31,4310,85,3,89,4401,143,5,4548,279,24,43,9,357,8,4,8,366,37,0,403,52,3,0,55,106,0,0,0,108,3,5,118,7068,820,146,102,8133,165,22,194,8324,370,13,8706,152,24,0,6,180,47,3,53,232,16,0,243,259,54,0,6,318,34,7,43,356,25,0,378,410,76,0,6,495,79,10,92,585,35,0,621,7483,890,147,108,8623,244,35,284,8910,407,14,9329,2798,447,74,68,3384,150,24,173,3564,476,4,4046,12,3,0,17,34,0,0,0,34,7,35,74,10291,1343,221,194,12046,401,60,460,12503,888,49,13441
SED30026,102,0,5,6,106,13,0,119,1366,187,24,22,1590,23,13,34,1627,72,7,1711,2508,400,50,10,2962,39,15,59,3016,76,3,3098,186,17,22,0,228,3,0,3,232,7,0,241,37,3,6,17,62,0,0,0,62,11,3,75,4094,605,95,52,4842,65,36,101,4946,164,6,5117,36,3,0,0,43,12,0,12,55,8,0,62,122,23,4,4,151,0,3,4,153,4,0,156,160,27,8,6,196,13,3,12,208,8,0,218,4254,629,106,58,5043,76,38,112,5152,177,6,5340,1110,174,24,30,1339,42,3,44,1388,201,4,1584,12,0,0,0,16,0,0,0,16,0,18,25,5375,802,130,90,6396,117,40,159,6551,371,28,6953
SED30027,6,0,0,0,6,3,0,9,1469,142,50,14,1678,35,7,44,1722,105,0,1830,2186,301,50,21,2553,52,3,51,2608,114,3,2725,170,24,34,3,233,3,0,3,235,13,0,245,25,10,0,57,90,0,0,0,90,8,0,100,3848,472,133,93,4549,83,12,99,4644,247,3,4897,65,3,0,10,79,30,3,30,108,12,0,120,128,27,0,0,158,17,0,17,172,3,0,179,195,23,4,11,231,43,3,51,283,12,0,291,4041,500,135,104,4777,134,19,146,4929,259,3,5192,1300,196,85,41,1617,82,4,85,1704,223,15,1939,14,0,4,5,23,0,0,0,23,0,18,44,5352,692,228,147,6422,214,19,232,6650,482,40,7173
SED30028,197,7,0,7,202,22,0,226,2408,241,25,11,2686,64,17,82,2770,140,0,2908,3612,288,34,25,3962,51,7,60,4019,97,0,4114,327,20,31,5,385,0,0,0,382,10,0,390,35,3,0,26,66,3,0,3,67,5,0,71,6381,557,88,72,7099,118,24,142,7238,248,0,7489,61,3,0,3,67,11,0,11,74,3,0,78,141,12,3,3,160,13,7,16,178,3,0,179,200,15,4,6,227,22,7,26,258,3,0,261,6586,574,94,75,7326,142,32,172,7500,252,0,7753,1388,121,48,13,1572,27,5,31,1602,113,0,1720,9,0,0,6,17,0,0,0,17,0,3,19,7987,695,143,97,8916,170,29,200,9114,369,5,9492
SED30029,218,4,0,4,222,21,0,249,2317,269,38,10,2633,66,13,76,2707,132,3,2847,3770,373,46,13,4193,46,3,48,4248,115,0,4363,366,36,42,4,452,7,3,9,461,4,0,466,31,12,0,39,86,3,0,5,86,3,0,89,6487,688,129,61,7364,122,14,141,7502,259,5,7762,84,7,4,4,95,13,3,14,116,0,0,112,120,13,0,0,140,4,0,4,139,11,0,155,204,21,7,4,232,14,3,23,255,9,0,264,6687,704,132,69,7594,135,23,156,7752,270,5,8028,1621,142,62,34,1855,41,6,50,1910,167,0,2078,12,0,0,0,8,0,0,0,8,0,8,18,8322,848,191,96,9461,182,34,209,9674,439,10,10123
SED30030,148,3,4,5,155,23,0,175,2434,327,25,11,2801,75,17,94,2891,140,4,3039,3490,460,36,19,4006,57,15,67,4074,150,3,4229,252,40,35,0,339,10,0,10,346,10,0,352,54,8,3,38,105,0,0,0,105,6,3,110,6239,832,103,71,7245,139,25,168,7411,302,13,7729,90,15,10,0,115,28,3,28,142,16,0,158,200,34,0,0,234,14,3,17,254,12,0,261,292,46,9,3,351,39,3,48,392,24,0,417,6526,883,110,74,7593,183,30,213,7809,325,13,8146,1880,291,45,55,2264,58,9,69,2339,281,3,2626,0,5,0,3,5,3,0,3,12,4,27,40,8406,1179,156,131,9868,248,40,290,10150,613,47,10811
SED30031,21,0,0,3,22,3,0,24,1986,114,35,13,2151,80,3,89,2238,77,3,2315,2995,188,90,38,3307,138,3,140,3446,56,8,3512,243,17,54,4,315,6,0,6,319,3,0,324,32,3,0,35,73,7,0,7,81,9,4,93,5253,317,180,94,5843,236,7,245,6092,142,19,6253,164,21,0,6,191,70,8,80,264,12,0,278,327,17,5,0,351,32,0,29,383,12,0,393,482,36,11,7,540,101,14,107,646,23,0,668,5742,355,187,101,6384,337,19,355,6736,165,19,6924,2490,196,78,103,2866,256,7,266,3135,258,0,3390,16,0,3,3,25,0,0,0,25,0,39,55,8248,549,267,201,9272,593,24,620,9892,423,51,10371
SED30032,93,7,0,7,103,8,0,111,1853,258,21,18,2142,30,10,42,2191,170,0,2360,2734,466,70,17,3290,64,10,71,3366,155,10,3528,239,24,38,4,304,7,3,14,311,8,0,321,37,0,0,48,85,0,0,0,85,7,0,93,4859,750,132,84,5824,107,23,129,5948,345,10,6306,51,23,0,0,69,14,0,14,82,13,0,98,147,36,3,0,193,0,11,10,203,15,0,218,196,60,3,5,265,13,10,21,281,31,0,311,5055,801,140,91,6085,121,32,153,6232,374,10,6616,1549,293,73,47,1961,103,7,113,2076,299,11,2387,16,4,0,3,18,0,0,0,18,0,4,27,6612,1098,213,137,8066,222,45,263,8331,673,22,9032
SED30033,210,10,0,6,217,25,0,238,2112,271,23,15,2413,55,12,63,2476,101,3,2580,3196,286,21,17,3520,40,4,49,3565,59,0,3624,317,36,58,0,406,3,0,3,412,3,0,416,34,3,0,6,43,0,0,0,43,0,0,41,5654,587,97,30,6376,99,15,112,6495,164,3,6658,44,8,0,3,60,13,3,16,71,0,0,72,101,9,0,5,111,9,3,11,118,9,0,126,142,17,0,4,167,18,10,21,193,10,0,202,5796,606,97,38,6545,114,23,141,6682,174,3,6861,1268,114,38,35,1457,36,6,41,1502,186,3,1686,6,0,0,3,9,0,0,0,9,0,8,17,7072,722,140,80,8011,153,34,182,8192,362,14,8568
SED30034,5,0,0,0,5,0,0,7,1589,75,27,13,1705,24,3,31,1735,62,5,1799,2294,175,62,34,2564,24,5,29,2593,62,0,2656,257,24,37,6,327,0,3,4,330,12,5,343,68,3,0,35,107,0,0,0,107,0,0,107,4206,279,125,87,4701,55,11,63,4763,142,8,4914,64,6,0,3,77,10,0,10,82,10,0,96,122,8,5,3,139,12,3,15,156,3,0,164,188,15,5,4,213,18,3,26,243,16,0,252,4396,296,131,89,4915,77,11,91,5003,158,8,5165,1721,137,71,46,1975,43,8,53,2026,161,10,2193,20,0,0,3,21,0,0,0,27,0,23,52,6131,431,200,146,6907,122,27,148,7057,315,38,7411
SED30035,28,8,0,8,31,7,0,44,1172,148,21,4,1349,37,11,51,1397,77,0,1471,1908,345,45,20,2318,48,5,53,2372,188,0,2564,131,40,16,4,187,0,0,0,189,19,0,203,9,6,0,21,35,3,0,3,38,0,0,38,3223,534,82,49,3889,90,15,111,3999,278,0,4281,61,13,3,0,73,20,8,30,105,10,0,119,96,21,0,0,121,12,6,17,134,11,0,148,159,30,0,0,191,35,17,49,241,21,0,264,3381,567,88,49,4080,126,33,158,4240,300,0,4542,1130,272,77,50,1525,125,27,146,1676,519,0,2199,9,0,0,3,10,0,0,0,10,3,16,31,4514,843,163,101,5622,246,58,303,5925,826,19,6772
SED30036,15,0,0,0,15,3,0,25,1127,223,33,10,1391,55,12,69,1455,126,3,1587,1554,350,56,30,1986,81,21,104,2090,191,3,2285,115,33,21,3,173,4,0,7,176,21,0,198,5,3,3,18,34,3,3,6,37,5,3,45,2807,611,108,56,3582,139,41,177,3758,342,11,4109,44,23,3,0,64,35,11,44,107,26,0,133,100,20,7,4,135,20,5,28,159,26,0,180,139,46,8,5,201,57,12,70,271,48,0,316,2943,656,116,59,3777,192,53,245,4027,394,11,4426,844,287,38,24,1185,98,24,126,1314,452,9,1770,4,0,0,4,11,0,0,0,11,0,21,36,3793,944,154,89,4979,295,75,373,5351,844,38,6232
SED30037,29,3,0,3,36,0,0,33,1973,183,31,13,2205,54,7,62,2269,120,3,2395,2627,298,72,33,3032,52,5,62,3096,113,7,3219,257,37,29,7,335,0,0,0,335,20,0,358,17,0,4,42,70,3,0,3,69,4,3,77,4887,519,138,99,5644,109,12,128,5766,265,10,6040,74,10,0,3,87,32,0,32,125,23,0,146,89,20,3,0,116,17,14,32,141,16,0,164,167,29,3,3,204,51,14,64,268,40,0,303,5049,549,140,101,5846,164,26,193,6032,301,10,6351,1359,151,66,69,1640,117,3,122,1762,285,8,2055,19,0,0,5,22,0,0,0,22,0,20,43,6426,704,205,175,7506,278,29,309,7813,590,42,8445
SED30038,189,12,7,21,207,74,0,280,1880,250,29,27,2190,101,9,106,2299,169,0,2469,1949,399,40,15,2403,52,26,73,2477,198,3,2673,233,25,26,0,279,3,0,3,281,13,0,295,16,8,0,41,66,3,0,3,74,10,13,95,4086,678,86,85,4943,154,34,187,5125,395,15,5533,128,59,4,4,197,64,3,68,269,34,0,301,142,47,0,5,191,45,19,67,260,21,5,280,272,104,6,11,388,114,22,133,522,56,5,581,4356,784,97,94,5330,267,48,320,5647,449,17,6112,1928,486,51,89,2549,250,103,347,2898,1080,29,4016,9,4,0,11,30,0,0,0,30,0,47,79,6293,1280,150,196,7914,516,151,668,8584,1533,100,10212
SED30039,251,7,5,9,268,26,0,295,1805,198,10,3,2015,69,11,77,2099,97,0,2195,2516,257,25,23,2822,62,7,72,2897,80,3,2975,216,33,17,3,268,3,4,7,273,9,0,286,23,3,0,25,46,0,0,0,46,0,0,46,4568,487,51,48,5153,134,25,163,5313,185,3,5506,76,20,0,3,96,32,3,35,138,9,0,144,141,10,0,5,154,16,4,18,175,11,0,191,220,29,0,9,257,46,14,56,310,25,0,333,4787,518,51,56,5409,184,39,217,5626,209,3,5842,1622,175,35,17,1848,50,11,63,1911,226,0,2136,0,7,0,0,5,0,0,0,5,0,7,17,6407,698,90,72,7266,231,49,284,7542,431,10,7991
SED30040,103,0,0,0,102,15,0,116,1740,177,32,19,1959,59,17,83,2035,152,3,2188,2281,241,40,18,2582,44,11,53,2630,108,5,2741,233,35,23,0,295,9,0,9,307,15,0,320,18,8,0,28,52,3,0,3,61,8,0,66,4264,461,98,64,4883,123,27,149,5031,278,9,5320,117,17,0,5,143,20,0,20,164,18,0,179,139,17,0,9,163,26,8,41,206,3,0,208,259,37,0,10,309,49,8,64,368,20,0,384,4520,500,96,76,5193,169,39,211,5402,292,9,5703,1829,293,43,51,2221,89,9,93,2315,365,11,2691,13,0,0,8,24,0,0,0,24,3,22,50,6365,792,140,132,7429,261,44,306,7736,661,42,8438
SED30041,101,8,0,8,103,16,0,120,2046,216,34,21,2316,52,12,63,2387,189,0,2573,2566,252,29,27,2868,58,8,68,2937,144,11,3096,237,36,34,14,315,0,0,0,316,20,0,337,26,0,0,21,47,0,0,0,47,3,0,51,4869,509,97,78,5552,111,22,135,5690,353,10,6061,122,19,0,0,141,25,0,25,167,18,3,193,133,24,3,10,169,8,0,8,182,7,0,186,256,47,9,9,310,41,0,41,348,23,3,382,5124,552,103,87,5867,151,22,174,6038,377,18,6435,1833,267,47,70,2207,114,21,127,2339,491,3,2835,4,0,0,6,14,0,0,0,14,4,33,56,6957,817,148,162,8086,264,42,307,8390,875,58,9325
SED30042,105,0,0,0,107,11,0,121,2134,232,42,11,2417,65,12,76,2492,131,0,2624,2959,289,55,15,3315,50,11,61,3380,86,0,3470,273,39,46,3,371,3,0,3,368,18,0,392,25,6,0,33,64,6,0,6,64,8,0,75,5396,563,145,61,6162,119,22,144,6308,245,0,6559,115,13,3,0,130,38,0,38,164,4,0,172,202,41,3,6,254,10,3,12,267,5,0,270,319,52,4,8,388,49,3,51,437,10,0,445,5712,616,152,68,6553,172,25,193,6744,259,0,7004,2134,203,62,41,2446,107,16,121,2564,260,7,2831,9,0,0,11,19,0,0,0,19,0,23,42,7853,821,213,123,9013,277,37,314,9331,517,26,9876
SED30043,68,0,0,0,68,10,0,81,1815,245,30,19,2105,52,16,63,2174,101,0,2268,3123,465,50,43,3682,63,12,68,3749,123,3,3878,207,30,42,3,280,0,0,4,284,15,0,292,26,3,0,28,59,3,3,4,60,7,0,67,5168,741,117,91,6124,113,33,147,6267,239,4,6509,70,21,3,0,90,23,0,23,115,13,0,126,172,19,0,7,202,9,3,10,215,0,0,215,246,38,3,5,290,35,3,33,327,17,0,340,5409,778,123,97,6411,149,36,184,6591,256,4,6855,1392,193,46,46,1675,65,18,79,1758,199,9,1963,6,0,0,10,16,0,0,0,16,4,16,34,6806,973,171,154,8107,209,50,264,8365,458,27,8850
SED30044,61,0,0,0,61,6,0,71,2105,186,38,29,2359,53,8,53,2414,150,5,2566,2794,280,69,14,3155,60,11,72,3229,121,0,3349,231,31,44,0,298,11,6,16,315,19,0,335,26,3,4,40,67,3,0,3,70,8,0,75,5148,497,158,76,5877,123,24,143,6021,291,5,6323,83,11,5,4,99,40,0,40,135,8,0,145,145,7,4,4,160,20,5,33,191,5,0,195,226,20,11,4,260,58,5,70,330,14,0,341,5374,516,167,79,6134,184,28,211,6346,305,5,6666,1266,204,56,31,1552,88,13,106,1653,237,6,1891,11,7,0,0,16,0,0,0,16,0,17,36,6646,720,223,109,7704,271,45,312,8013,542,31,8591
SED30045,67,0,0,0,70,13,0,84,2314,142,49,21,2525,52,0,57,2585,139,4,2725,2843,360,48,40,3295,35,18,54,3342,133,3,3480,235,29,42,0,309,0,0,0,309,5,0,319,36,0,0,44,80,0,0,0,80,14,3,97,5429,528,147,109,6204,88,16,105,6312,291,6,6620,65,16,0,4,84,9,4,16,98,9,0,111,184,15,0,8,210,10,3,10,224,4,0,228,248,36,4,10,296,22,5,24,321,17,0,340,5676,564,145,121,6500,111,21,134,6635,314,9,6957,1799,267,60,49,2176,104,23,126,2308,427,4,2734,23,3,0,7,30,0,0,0,30,0,25,60,7498,835,210,174,8711,216,43,265,8974,737,38,9749
SED30046,126,0,0,0,124,25,0,151,2353,209,38,15,2610,49,13,65,2676,144,0,2824,2324,318,50,15,2702,41,11,43,2746,114,3,2866,234,33,32,3,300,3,0,3,310,13,0,323,35,11,0,56,99,0,0,0,99,9,3,112,4938,575,122,86,5719,94,21,114,5838,290,3,6127,112,14,0,0,129,32,0,32,157,7,0,168,165,26,0,7,201,12,0,15,212,8,0,222,277,42,0,7,327,47,3,44,376,19,0,393,5212,615,118,99,6048,142,23,161,6209,306,3,6522,2065,359,63,74,2559,111,29,139,2702,423,13,3133,11,0,0,12,26,0,4,4,32,4,26,65,7289,974,186,183,8639,252,49,305,8944,727,48,9715
SED30047,141,3,0,3,144,11,0,157,2253,195,35,8,2494,74,9,82,2575,126,0,2701,2872,314,27,18,3228,56,3,62,3285,72,0,3356,274,33,36,0,340,3,0,3,348,10,0,355,42,3,0,38,80,3,0,3,86,6,0,90,5444,544,97,61,6139,131,16,144,6289,220,0,6504,96,21,0,3,122,12,0,12,129,13,0,144,118,10,0,3,139,5,0,5,141,7,0,155,214,33,4,8,259,16,0,16,279,21,0,294,5658,581,98,62,6400,156,16,169,6563,237,0,6801,1237,140,39,34,1448,45,10,58,1503,156,4,1669,3,0,0,6,12,0,0,0,12,0,16,28,6897,722,141,102,7858,202,22,218,8076,393,24,8495
SED30048,31,3,0,3,36,0,0,36,1137,84,27,10,1261,54,8,57,1319,60,0,1381,1804,189,45,29,2062,63,0,68,2125,61,0,2193,165,8,26,5,203,9,0,9,209,8,0,217,14,7,0,20,44,0,0,0,44,3,3,45,3118,286,100,62,3567,123,10,131,3696,133,3,3837,69,13,0,3,78,17,0,17,99,19,0,121,122,18,0,5,149,17,7,18,167,19,3,187,191,34,0,8,231,37,7,39,271,36,3,305,3307,318,100,68,3796,155,15,169,3963,173,3,4138,1097,124,31,22,1272,120,4,120,1400,150,13,1557,9,0,0,0,9,0,0,0,9,0,7,17,4417,442,130,96,5083,272,13,290,5372,325,23,5719
SED30049,229,7,3,9,239,45,0,286,2269,249,22,14,2552,66,20,88,2641,161,0,2799,2879,326,14,29,3252,56,6,62,3313,108,0,3421,254,39,25,0,322,3,0,3,324,9,0,330,19,5,0,31,55,0,0,0,57,6,3,67,5424,627,61,68,6177,128,24,151,6334,279,3,6618,103,11,0,0,126,27,0,27,148,14,3,169,120,18,0,0,138,16,8,23,167,3,0,171,226,35,4,0,262,42,8,51,312,15,3,337,5647,654,64,76,6442,170,33,209,6651,299,9,6950,1442,229,18,37,1718,45,13,58,1784,300,4,2086,3,3,0,5,12,3,0,3,14,0,7,27,7090,885,85,108,8177,222,44,269,8445,599,18,9060
SED30050,67,3,0,3,72,12,0,83,1154,199,8,9,1372,29,12,37,1410,83,0,1498,2137,362,20,23,2545,32,6,42,2585,79,10,2667,155,16,25,0,208,5,0,5,208,4,0,213,16,3,0,17,35,0,0,0,35,0,3,35,3455,580,60,48,4149,73,18,86,4238,164,10,4411,47,4,0,3,54,9,3,13,64,3,0,69,92,28,0,0,122,15,3,12,133,3,0,139,140,34,0,3,174,24,5,27,204,4,0,211,3595,615,62,54,4324,95,17,110,4437,174,10,4620,951,217,26,23,1212,42,8,53,1264,151,0,1411,0,0,0,3,5,0,0,0,5,0,12,17,4550,828,87,73,5544,131,30,165,5703,320,23,6045
SED30051,16,0,0,0,19,6,0,26,1096,187,19,9,1320,37,8,44,1365,134,3,1501,1490,292,40,13,1834,59,12,71,1909,209,9,2124,157,17,29,0,199,10,0,10,205,8,0,210,20,3,0,36,59,0,0,0,59,18,0,73,2759,498,89,62,3410,108,18,121,3534,359,10,3905,61,16,0,4,84,49,0,49,133,35,0,169,60,11,3,0,73,14,0,11,85,23,0,113,117,29,3,9,155,58,0,63,219,56,0,280,2878,531,92,75,3568,167,21,187,3755,424,10,4182,1012,215,63,36,1316,166,31,200,1511,605,15,2135,7,0,0,7,15,4,0,4,14,0,29,48,3895,744,155,110,4901,336,52,384,5285,1028,56,6365
SED30052,152,3,0,3,156,22,0,178,1783,222,16,12,2034,42,10,48,2083,130,3,2217,2442,389,29,14,2867,66,19,77,2948,103,10,3063,180,18,15,3,213,13,0,13,228,7,0,230,31,0,0,23,55,4,0,4,57,0,0,57,4435,628,64,53,5176,114,27,139,5319,242,15,5568,50,13,0,0,69,13,0,13,82,3,0,84,122,27,3,4,156,7,0,8,162,14,0,175,172,35,10,4,219,21,0,25,243,19,0,266,4606,668,70,56,5399,140,29,162,5564,259,15,5833,1288,232,40,31,1589,38,13,53,1642,216,6,1858,10,5,4,3,24,0,0,0,24,3,8,32,5900,900,114,88,7011,180,36,215,7222,479,21,7722
SED30053,32,0,0,0,27,8,0,35,1610,130,35,6,1793,33,5,39,1828,79,0,1912,2779,234,75,34,3121,40,3,40,3161,86,3,3248,235,13,36,4,292,4,0,4,295,4,0,304,44,3,3,43,90,3,0,3,94,8,0,102,4664,381,159,95,5291,82,10,90,5383,174,3,5562,80,12,3,5,100,16,0,16,119,23,0,138,216,8,4,0,230,7,7,15,239,0,0,246,299,15,9,4,330,22,7,31,360,25,0,380,4963,398,165,95,5619,107,11,122,5745,193,3,5939,1986,134,88,73,2287,94,7,104,2384,220,4,2611,20,4,0,3,30,6,0,6,33,0,17,52,6971,535,253,170,7936,205,17,222,8157,416,25,8604
SED30054,356,9,0,9,363,42,0,407,2858,310,38,20,3225,82,6,90,3313,143,0,3455,3760,415,55,29,4256,87,5,93,4349,78,0,4426,283,13,42,0,339,5,0,5,346,3,0,352,31,3,0,40,69,0,0,0,69,0,4,75,6931,739,129,87,7885,174,14,191,8075,227,4,8306,85,11,3,0,101,16,0,16,115,0,0,115,199,12,6,3,225,4,3,14,237,3,0,237,286,22,7,7,322,22,3,22,348,3,0,356,7213,765,143,91,8211,199,18,212,8428,229,4,8663,1836,141,53,19,2046,63,11,74,2122,150,0,2271,12,0,0,3,17,0,0,0,17,3,3,20,9063,905,193,118,10274,259,27,289,10563,388,10,10958
SED30055,109,0,0,0,115,10,0,126,2215,189,52,23,2483,76,11,84,2565,171,3,2740,3129,361,46,37,3571,75,12,86,3656,152,4,3819,245,34,38,6,319,3,0,3,321,14,3,334,44,3,0,37,86,3,0,3,89,7,3,105,5629,591,132,101,6455,159,25,178,6635,345,12,6991,102,21,12,8,138,24,5,31,165,11,0,178,185,25,3,16,234,14,0,14,244,43,0,285,283,42,14,25,364,40,5,42,409,57,0,462,5915,630,148,127,6818,198,28,223,7046,399,12,7460,2297,307,60,86,2752,114,27,140,2896,430,10,3340,12,4,0,11,22,0,0,0,22,0,25,52,8227,947,207,216,9596,308,58,370,9963,835,53,10850
SED30056,169,6,3,3,171,19,0,192,1652,192,20,16,1876,61,10,65,1941,103,0,2046,2269,244,15,16,2541,32,7,39,2582,50,0,2627,247,15,20,0,290,3,0,3,289,8,0,302,21,7,0,13,43,3,0,3,46,7,0,48,4186,461,60,40,4746,100,10,110,4856,166,0,5023,46,5,0,0,48,7,0,7,54,10,0,60,84,13,0,0,103,10,0,14,115,4,0,112,130,21,0,0,145,13,0,14,164,15,0,177,4317,475,60,40,4898,113,14,124,5018,179,0,5198,1030,90,23,11,1162,31,10,40,1197,98,0,1297,3,0,0,0,4,0,0,0,4,0,5,11,5357,570,83,50,6059,145,21,166,6226,273,5,6505
SED30057,7,0,0,0,7,0,0,7,1382,74,18,17,1485,22,3,25,1516,82,0,1601,1227,96,14,27,1359,20,3,23,1382,47,0,1430,136,10,19,0,169,0,0,0,169,3,0,173,18,6,0,26,47,0,0,0,47,4,0,53,2758,183,51,68,3058,50,5,51,3111,141,0,3258,32,9,4,5,49,32,0,32,80,13,0,96,45,3,3,3,58,13,0,14,74,10,0,82,75,15,6,12,107,39,0,43,153,24,0,173,2833,193,59,76,3174,89,4,92,3264,170,0,3434,1010,143,32,60,1250,94,24,121,1369,249,8,1622,14,0,0,0,14,4,0,4,18,6,31,56,3867,338,98,137,4436,189,29,217,4654,422,42,5115
SED30058,294,3,9,12,308,39,0,342,2492,267,13,8,2784,72,17,83,2873,129,0,3002,3216,346,34,20,3615,80,3,78,3697,108,3,3806,358,28,38,0,425,5,0,5,436,7,3,442,55,3,0,34,87,0,0,0,87,0,5,93,6128,647,85,63,6918,153,17,173,7091,251,6,7350,59,7,0,5,73,13,0,17,90,8,0,96,142,15,0,0,153,4,3,4,162,9,0,169,198,22,0,5,227,22,4,19,244,16,0,260,6323,671,82,67,7146,169,19,189,7339,268,6,7612,1530,161,25,29,1750,81,16,100,1847,240,5,2085,16,0,0,4,22,0,0,0,22,0,3,26,7868,834,112,101,8911,247,40,291,9202,506,20,9719
SED30059,172,5,3,10,184,27,0,210,2440,308,28,18,2784,60,10,69,2854,146,4,3007,3489,524,59,38,4103,44,8,59,4158,124,6,4289,263,26,48,0,342,11,0,11,349,6,0,355,62,3,3,74,136,3,0,3,140,7,3,146,6250,860,135,123,7363,117,19,134,7499,287,12,7800,55,8,0,0,60,5,0,5,67,0,0,67,183,19,0,12,211,9,3,12,224,5,0,233,235,31,3,12,274,14,3,15,296,5,0,296,6487,883,138,132,7643,130,27,155,7793,290,12,8103,1610,200,61,46,1913,77,10,84,1999,241,11,2255,12,0,0,0,18,0,0,0,18,0,18,33,8115,1084,196,181,9575,201,33,239,9815,535,39,10389
SED30060,45,0,0,0,49,12,0,55,1945,240,40,19,2236,46,19,66,2300,163,3,2468,2229,351,43,38,2662,68,10,73,2734,186,5,2922,199,23,41,3,262,4,4,3,271,13,0,284,24,5,0,40,70,8,0,8,79,27,5,108,4399,612,125,95,5233,126,33,152,5386,385,14,5785,81,15,4,6,105,56,0,56,153,36,0,193,98,28,3,0,126,3,11,17,140,21,5,161,172,40,7,6,229,57,11,67,296,55,5,359,4575,654,127,104,5461,178,42,224,5681,439,14,6140,1359,279,53,93,1782,174,44,217,1995,674,6,2678,4,0,0,8,13,0,0,0,13,7,45,67,5938,934,182,199,7253,352,88,443,7698,1117,72,8885
SED30061,115,0,0,0,115,18,0,134,1713,226,47,8,1996,63,13,79,2076,171,0,2245,1920,237,21,12,2198,44,13,60,2251,87,0,2342,171,27,23,0,228,3,0,4,233,19,3,249,20,7,0,11,44,0,6,5,52,0,0,55,3830,504,94,38,4460,119,36,149,4615,273,3,4895,85,18,0,3,105,48,4,46,152,5,0,162,85,14,0,3,102,21,11,34,137,10,0,146,166,38,0,11,209,65,17,81,288,17,0,302,3994,539,92,47,4672,181,49,230,4903,292,3,5198,920,218,32,12,1177,102,26,132,1308,319,5,1632,14,0,0,0,14,0,0,0,14,4,16,25,4924,758,126,58,5865,282,80,363,6224,611,28,6857
SED30062,152,7,0,7,160,19,0,178,3307,329,43,25,3712,88,25,112,3825,232,3,4058,3934,385,58,39,4410,89,19,109,4517,142,8,4670,369,48,63,5,483,10,0,10,491,16,0,508,30,17,0,57,100,4,0,4,109,8,7,116,7635,774,167,129,8700,193,45,235,8941,397,19,9353,210,21,0,3,235,46,0,52,284,24,0,310,267,32,4,3,308,45,3,46,356,21,0,376,475,52,11,12,545,89,4,95,639,43,0,685,8114,832,171,137,9246,280,51,330,9581,437,19,10035,2866,379,114,104,3462,155,24,172,3633,395,8,4035,8,0,0,3,15,0,0,0,15,7,49,72,10985,1209,286,249,12723,433,69,503,13227,835,76,14137
SED30063,24,0,0,0,28,8,0,38,1379,172,16,24,1582,17,7,26,1607,120,0,1731,2205,310,53,22,2594,23,9,34,2625,141,8,2772,155,13,19,0,189,6,3,10,194,9,0,206,20,5,0,28,57,7,0,7,62,16,3,75,3757,495,85,76,4414,52,15,73,4487,286,11,4787,63,4,0,0,67,29,3,35,99,24,0,125,69,8,7,0,79,7,0,7,82,18,0,99,130,14,7,0,147,35,3,37,185,39,0,226,3886,511,92,76,4563,92,19,110,4673,324,11,5010,1499,265,66,47,1878,110,35,147,2027,560,0,2589,5,3,0,4,19,3,0,3,23,0,17,38,5396,776,155,127,6458,210,55,258,6722,890,29,7640
SED30064,83,5,0,5,85,15,0,94,1418,253,36,11,1718,25,5,35,1744,98,0,1845,2720,437,53,16,3225,61,0,67,3288,133,5,3433,189,33,23,0,250,0,0,0,250,20,0,274,25,6,0,32,69,4,0,4,71,5,3,75,4361,728,107,60,5259,93,8,102,5356,257,13,5628,40,19,0,0,67,12,3,12,78,13,0,92,109,17,4,3,131,9,0,9,143,17,4,157,146,33,6,3,195,17,3,22,216,30,4,252,4510,768,115,66,5453,111,15,124,5577,291,12,5876,1429,278,60,36,1812,70,3,74,1883,309,0,2200,8,0,0,3,15,0,0,0,15,0,9,29,5949,1044,182,104,7274,177,15,195,7471,599,30,8102
SED30065,60,0,0,0,62,12,0,77,1608,268,23,17,1916,28,12,38,1956,99,3,2059,2672,506,42,23,3250,59,11,70,3321,153,3,3476,114,26,16,0,151,3,0,3,157,7,0,162,33,0,0,32,60,3,0,3,67,11,3,74,4425,795,79,76,5381,91,25,121,5494,268,8,5773,57,9,0,0,63,13,0,13,75,8,0,85,108,27,0,0,141,18,3,24,160,14,0,174,165,37,0,0,198,31,3,33,236,17,0,254,4593,830,84,76,5578,124,27,154,5726,288,10,6028,1054,245,37,49,1388,39,14,49,1437,225,4,1667,9,0,3,10,21,0,0,0,21,0,8,30,5653,1073,127,128,6985,160,38,205,7186,511,25,7722
SED30066,127,3,0,3,132,23,0,157,1986,248,26,11,2272,85,8,94,2370,135,3,2502,2440,303,27,13,2789,66,5,69,2857,81,7,2949,365,42,32,0,441,10,0,10,452,8,0,456,48,4,0,34,85,4,0,5,92,8,0,101,4837,596,84,65,5577,171,11,186,5763,238,9,6007,83,18,3,0,104,19,3,26,125,12,0,136,106,23,4,14,148,11,3,8,155,4,0,160,190,43,6,14,244,27,8,34,280,13,0,295,5019,637,87,74,5824,196,24,222,6047,251,8,6306,1392,228,29,37,1688,81,6,91,1773,276,6,2061,7,4,0,3,16,0,0,0,16,0,26,43,6422,872,119,117,7531,285,26,310,7840,529,45,8412
SED30067,120,0,0,3,127,27,0,153,2516,252,32,14,2809,39,16,59,2866,156,3,3022,3443,330,63,17,3850,67,3,68,3922,135,5,4059,327,32,42,0,408,5,0,8,421,17,0,438,33,4,4,36,75,0,0,0,76,0,4,82,6318,620,143,69,7146,111,25,138,7284,309,5,7602,98,8,3,4,109,27,0,26,141,0,0,143,176,26,6,0,203,10,0,10,214,0,0,214,271,29,7,5,312,35,0,42,356,0,0,354,6591,651,154,68,7459,151,24,176,7638,305,5,7954,1986,243,66,61,2356,65,5,76,2431,239,3,2672,10,3,0,11,20,0,0,0,20,0,26,41,8582,899,218,136,9833,219,32,252,10087,542,35,10669
SED30068,55,0,0,4,55,8,0,67,1127,136,27,10,1299,23,17,40,1342,109,0,1451,1524,247,33,21,1821,46,20,64,1889,115,3,1999,153,38,26,3,218,0,7,10,223,4,0,235,21,0,0,25,44,3,7,7,51,6,0,57,2827,426,82,50,3387,79,40,120,3508,235,3,3739,86,14,4,3,105,32,0,32,138,21,0,167,152,26,5,3,182,21,0,26,210,20,0,224,240,34,10,7,289,54,0,57,348,42,0,396,3061,462,94,60,3678,133,43,170,3851,277,4,4135,1265,242,56,33,1596,136,31,174,1768,448,8,2222,12,0,0,6,13,0,0,0,13,3,3,16,4338,704,144,102,5290,272,77,346,5637,728,18,6374
SED30069,76,4,0,4,81,15,0,97,1258,151,19,12,1449,36,12,49,1496,88,0,1584,1780,243,39,11,2082,40,6,47,2127,125,6,2258,151,16,35,0,207,4,0,4,210,18,0,221,33,0,0,31,67,4,0,4,68,6,8,83,3225,416,97,60,3791,84,21,105,3902,235,13,4152,58,13,0,0,71,12,3,16,85,13,0,103,120,17,6,3,140,3,0,8,142,22,0,164,181,22,5,3,209,13,7,22,232,38,0,270,3403,442,102,60,4008,105,27,125,4131,275,13,4419,1101,171,17,43,1337,50,9,59,1393,221,11,1622,4,0,0,0,4,0,0,0,4,3,14,19,4509,608,122,111,5349,148,33,184,5532,495,35,6064
SED30070,144,8,0,7,155,23,0,175,2301,248,34,14,2593,43,9,51,2650,131,0,2778,3229,318,37,40,3627,74,8,79,3708,111,0,3822,248,24,36,3,304,0,0,0,305,9,0,314,36,0,0,33,68,0,0,0,68,6,0,76,5809,585,109,87,6593,118,17,136,6734,249,0,6986,78,4,3,3,88,10,0,10,97,9,3,107,124,17,0,5,154,4,0,4,155,9,0,162,199,22,7,12,237,12,0,12,251,13,3,270,6013,606,113,102,6834,134,17,152,6981,267,8,7252,1438,144,39,24,1640,61,9,71,1712,226,3,1940,4,0,0,0,4,0,0,0,4,0,6,9,7453,747,151,123,8482,199,24,217,8703,491,14,9208
SED30071,28,3,0,4,35,12,0,40,1563,156,34,7,1758,73,12,87,1845,127,0,1974,1928,222,39,23,2214,81,13,99,2307,79,0,2389,205,20,21,0,253,10,0,10,260,9,0,266,16,5,0,34,57,0,0,0,56,5,0,60,3711,407,93,59,4269,169,22,191,4462,220,3,4688,73,13,0,0,86,26,3,31,117,13,0,130,108,8,8,5,133,15,4,20,155,12,0,163,179,24,8,5,217,45,9,55,275,26,0,294,3895,426,104,64,4486,212,31,246,4739,248,3,4982,1295,164,55,37,1557,130,17,146,1702,313,3,2019,6,3,0,4,17,0,0,0,17,0,3,16,5196,595,161,109,6062,339,51,394,6457,560,7,7018
SED30072,149,3,4,5,160,30,0,187,2169,261,31,13,2476,56,15,68,2541,164,0,2715,2752,328,36,29,3150,46,17,59,3205,100,0,3308,248,31,36,6,315,5,0,5,323,6,0,333,45,14,3,41,100,7,0,7,109,12,12,124,5217,631,103,85,6038,115,30,140,6177,287,12,6477,95,11,0,0,106,3,0,3,114,3,0,119,156,10,0,0,168,11,7,23,193,11,0,205,255,19,0,0,281,22,7,30,307,21,0,324,5476,651,104,85,6312,136,38,168,6485,306,12,6800,1447,189,44,46,1718,38,3,41,1764,210,3,1977,6,0,0,5,14,0,0,0,14,0,29,45,6923,839,150,138,8050,178,39,215,8260,519,41,8825
SED30073,131,3,0,8,134,31,0,161,1298,220,9,8,1529,51,11,59,1589,138,4,1735,1533,223,13,3,1774,17,7,21,1799,77,0,1878,163,16,18,0,199,3,0,3,202,5,0,210,25,0,0,16,46,3,0,3,47,3,0,50,3018,457,39,31,3541,76,22,92,3632,231,4,3865,60,14,0,0,71,11,4,13,88,9,0,99,101,21,0,3,124,11,0,9,136,3,0,137,156,38,0,3,194,22,3,29,228,8,0,238,3173,494,39,33,3741,97,27,122,3862,239,4,4102,809,105,12,6,930,33,4,45,972,168,0,1140,7,0,0,0,8,0,0,0,8,3,4,19,3981,596,51,44,4673,129,30,160,4840,413,10,5260
SED30074,22,0,0,0,22,3,0,24,1417,183,18,10,1622,27,5,25,1650,96,3,1746,2356,314,52,28,2754,28,3,33,2786,122,5,2911,202,14,32,0,244,0,0,0,245,14,0,259,31,0,3,41,75,0,0,0,75,9,3,89,4005,509,107,74,4693,53,9,64,4751,238,10,5001,49,0,0,0,48,6,0,6,54,23,0,75,58,15,0,0,70,4,8,15,84,9,0,95,99,13,0,0,118,11,8,18,140,35,0,172,4106,524,107,74,4811,65,17,81,4891,275,10,5174,1379,222,41,61,1703,72,15,86,1789,459,3,2255,10,4,0,0,20,0,0,0,20,8,25,53,5492,750,146,135,6525,139,29,169,6698,743,43,7483
SED30075,157,4,0,5,163,31,0,192,1474,266,23,11,1771,42,6,53,1826,114,0,1944,2004,398,17,24,2447,43,17,58,2506,113,3,2626,161,17,16,0,198,7,0,7,202,7,0,213,19,5,0,16,42,0,0,0,50,0,4,53,3661,688,57,54,4467,98,25,125,4588,233,11,4832,66,21,0,0,86,17,7,25,113,11,3,125,138,38,4,5,191,22,3,31,221,7,0,227,204,61,4,9,283,41,6,56,334,21,3,350,3869,756,60,59,4744,138,38,178,4916,251,9,5181,1208,316,30,26,1578,61,29,88,1659,406,3,2072,7,8,0,7,20,0,0,0,20,0,11,28,5083,1070,87,96,6337,197,60,257,6596,658,22,7279
SED30076,190,11,0,6,201,30,0,226,2310,269,27,16,2625,59,11,61,2691,124,3,2812,2951,343,32,18,3344,53,10,60,3407,87,3,3492,307,26,51,4,393,5,0,5,398,13,0,405,31,3,0,36,66,3,0,3,71,3,3,73,5605,645,117,65,6423,113,20,133,6559,217,5,6786,105,8,0,0,116,10,0,10,123,3,0,125,147,13,5,3,167,4,0,9,171,10,0,181,254,21,5,3,276,19,0,15,292,7,0,303,5851,664,123,70,6702,131,23,154,6856,231,5,7095,1650,230,37,29,1948,56,15,71,2018,201,3,2217,3,0,0,4,7,0,0,0,7,0,10,16,7506,891,161,100,8654,184,38,219,8876,429,25,9330
SED30077,174,4,0,7,178,18,0,198,1948,260,14,14,2238,55,9,69,2304,122,9,2431,2906,271,24,20,3223,45,11,55,3275,71,0,3347,340,36,31,8,413,4,3,3,417,5,4,427,26,0,0,26,56,0,0,4,63,0,0,63,5219,572,72,69,5930,106,25,126,6059,199,12,6271,65,10,0,0,73,6,3,5,80,6,0,86,93,6,3,0,103,12,4,11,119,7,0,120,159,18,3,0,180,15,3,17,198,10,0,206,5375,586,72,69,6110,120,28,146,6259,214,10,6477,1084,96,24,22,1221,47,9,58,1281,169,3,1449,6,0,0,0,6,0,0,0,11,0,16,24,6471,685,91,91,7337,165,41,201,7545,386,30,7957
SED30078,370,19,7,25,394,79,3,474,2520,384,26,20,2945,77,24,103,3050,197,0,3243,2882,598,21,23,3520,94,19,110,3630,125,9,3768,191,46,26,0,264,4,0,6,270,12,0,277,45,14,3,59,121,6,0,6,124,8,0,132,5643,1033,76,99,6845,181,40,223,7074,339,14,7417,116,23,0,8,149,29,0,29,175,27,0,205,189,53,0,0,247,52,9,57,306,14,0,323,305,78,0,11,393,83,9,91,485,41,0,527,5947,1111,76,105,7244,262,48,317,7559,378,14,7951,2515,622,64,82,3290,184,56,239,3529,647,9,4183,7,9,0,14,31,0,0,0,31,0,41,70,8476,1739,139,205,10559,447,107,557,11118,1026,62,12207
SED30079,178,5,3,11,191,72,0,263,1570,246,15,6,1844,77,17,95,1937,165,0,2098,1708,383,27,14,2127,56,14,71,2197,121,0,2325,167,27,22,0,212,3,0,3,214,12,0,232,26,0,0,30,51,6,0,6,60,7,0,68,3476,655,59,50,4241,137,32,175,4409,307,6,4722,73,28,0,0,101,50,4,49,156,16,0,174,122,35,0,10,170,38,17,59,229,27,0,252,194,65,0,10,271,87,22,111,382,43,0,428,3667,725,59,56,4511,228,58,285,4795,350,3,5149,1559,390,37,59,2044,157,61,213,2253,692,5,2955,13,4,0,13,27,0,0,0,27,4,32,67,5243,1113,102,130,6584,380,112,492,7078,1051,40,8171
SED30080,123,4,7,7,132,25,0,161,1424,218,22,3,1665,34,23,55,1714,98,0,1812,1888,320,11,21,2235,43,9,46,2286,116,0,2400,101,14,18,0,135,3,0,6,140,10,0,147,23,8,0,25,53,0,0,0,53,0,0,55,3435,554,49,50,4093,80,26,108,4196,219,0,4417,46,15,4,0,68,13,0,13,83,14,0,103,81,19,0,0,99,11,0,10,112,9,0,119,128,35,4,0,165,23,0,25,198,28,0,218,3561,595,54,48,4257,105,34,136,4393,244,0,4637,1066,184,23,30,1300,63,13,71,1370,213,0,1585,4,4,0,8,16,0,0,0,16,4,17,30,4629,777,77,86,5574,164,38,205,5778,459,17,6260
SED30081,115,3,0,3,122,10,0,128,2488,241,49,27,2799,101,4,109,2909,172,4,3087,2398,260,57,9,2720,96,6,109,2825,123,0,2956,265,41,45,0,355,4,3,7,360,18,0,377,14,0,4,41,61,0,0,0,59,9,4,71,5163,540,153,77,5936,208,17,224,6162,315,8,6486,98,17,4,0,118,48,7,56,172,22,0,192,153,21,7,3,187,19,0,19,203,30,0,230,248,36,9,3,303,67,7,73,371,51,0,425,5414,577,161,82,6238,274,26,291,6534,373,8,6908,1518,177,52,45,1800,167,36,201,2000,431,5,2434,10,0,0,3,12,0,0,0,12,0,41,59,6940,752,219,141,8051,437,59,494,8543,805,55,9399
SED30082,61,3,0,3,61,10,0,71,1704,168,16,10,1899,37,3,42,1941,116,0,2058,2501,293,56,28,2876,24,5,28,2911,101,0,3013,190,27,43,0,257,4,0,4,265,12,0,273,23,3,0,17,43,0,0,0,48,0,0,51,4419,493,118,58,5081,65,14,77,5164,230,0,5392,50,9,0,0,55,8,0,8,67,10,0,77,119,7,9,4,137,9,13,20,151,0,0,159,168,15,9,4,197,11,13,22,222,13,0,235,4584,512,120,63,5279,77,25,100,5382,241,0,5620,1404,218,46,19,1698,91,15,108,1801,252,9,2061,4,0,3,4,9,0,0,0,9,0,24,35,5997,727,169,86,6985,168,38,211,7197,491,38,7721
SED30083,65,4,0,3,67,10,0,79,1637,217,24,10,1887,48,15,63,1955,129,0,2077,2401,275,25,21,2721,58,5,68,2790,82,0,2878,231,19,36,0,286,9,0,10,291,9,0,305,18,3,3,20,41,4,0,4,43,3,0,42,4291,517,86,43,4936,116,28,141,5080,219,0,5297,85,21,0,8,115,14,0,14,132,24,0,147,136,11,5,12,159,10,18,33,191,16,0,206,213,31,3,21,276,29,18,41,317,42,0,356,4503,547,92,64,5213,141,41,188,5393,260,0,5659,1568,260,32,28,1883,91,35,127,2010,393,0,2402,0,0,0,0,3,0,0,0,3,0,15,19,6072,803,123,97,7094,236,76,309,7406,654,21,8076
SED30084,82,4,0,4,80,11,0,97,1552,200,25,11,1790,60,20,83,1869,100,3,1974,1754,220,29,20,2021,64,8,76,2100,115,0,2219,204,33,20,0,257,4,0,4,256,15,0,280,32,3,0,19,56,0,0,0,56,0,0,56,3541,454,71,50,4123,127,31,161,4281,242,7,4527,49,9,0,5,64,35,0,33,98,7,0,101,105,13,0,3,116,27,8,35,154,4,0,154,154,19,0,4,179,57,13,70,243,9,0,256,3692,474,77,60,4301,184,41,231,4529,249,7,4781,912,159,34,33,1134,76,28,106,1242,331,8,1582,0,0,0,0,0,0,0,0,0,4,13,14,4602,632,108,91,5437,267,72,338,5771,578,18,6373
SED30085,8,0,0,0,9,0,0,12,1624,141,11,9,1781,27,6,36,1819,67,0,1887,1969,184,38,36,2229,35,0,35,2266,72,0,2336,171,25,31,0,223,3,0,3,224,3,0,226,31,0,0,36,66,0,0,0,66,0,0,70,3792,353,78,76,4301,67,6,73,4371,150,0,4519,40,0,0,3,46,31,0,31,78,5,0,81,45,18,0,0,65,4,0,4,72,13,0,88,85,15,0,3,110,37,0,37,145,19,0,165,3877,366,81,83,4415,96,6,103,4515,173,0,4686,1113,92,40,33,1284,59,3,66,1346,288,17,1650,8,0,0,0,5,0,0,0,5,0,13,22,5000,460,123,115,5703,160,6,169,5874,456,27,6352
SED30086,89,7,0,5,98,28,0,131,2134,209,28,29,2394,54,21,73,2475,181,5,2664,2296,383,44,32,2751,78,15,90,2848,138,4,2990,323,45,24,0,391,0,0,0,394,16,0,411,46,10,3,49,110,0,0,0,110,7,8,122,4794,653,100,111,5657,137,36,174,5827,344,19,6189,136,23,3,3,169,54,8,58,230,22,0,249,182,55,8,6,250,28,9,36,288,26,0,314,317,76,7,8,414,87,10,98,513,46,0,557,5114,729,109,119,6071,224,43,269,6341,390,19,6744,2292,419,69,102,2878,191,24,213,3096,703,8,3805,8,0,0,11,23,3,0,3,25,0,33,56,7411,1149,173,237,8974,418,69,487,9458,1087,61,10604
SED30087,41,0,0,0,41,3,0,46,2134,211,29,19,2388,100,9,105,2492,95,0,2595,3319,282,39,38,3680,58,3,66,3748,69,4,3818,244,15,71,5,330,10,0,10,343,3,0,343,44,3,3,58,104,0,0,0,110,3,4,117,5732,504,150,125,6504,172,17,185,6691,170,6,6867,125,8,0,3,142,33,0,33,168,17,0,190,187,20,3,6,219,12,3,16,237,4,0,243,316,29,3,10,359,44,3,46,405,19,4,432,6046,537,148,134,6864,214,16,231,7097,190,13,7301,1542,204,44,49,1835,93,10,104,1941,161,3,2107,12,0,0,9,21,0,0,0,21,0,14,37,7606,740,194,188,8722,311,24,333,9058,353,33,9444
SED30088,127,15,3,25,149,39,0,188,1845,233,22,20,2120,97,18,113,2229,260,13,2504,1820,379,29,35,2271,88,30,120,2385,202,3,2586,205,27,31,4,269,12,0,10,280,19,0,291,68,18,0,70,159,4,0,6,166,13,0,182,3940,659,80,132,4811,201,48,247,5060,492,16,5570,188,62,3,5,261,82,0,77,339,41,0,380,227,55,4,4,286,31,17,48,337,29,0,367,415,118,3,10,546,105,18,124,676,71,0,750,4350,777,91,148,5358,310,64,378,5735,568,15,6315,2720,737,61,151,3664,406,52,460,4125,1547,10,5682,8,0,0,10,13,0,0,0,13,8,81,108,7081,1516,147,299,9039,711,123,833,9874,2121,113,12107
SED30089,223,3,0,3,227,25,0,249,1945,288,12,9,2253,55,9,67,2320,158,0,2479,2953,320,25,22,3325,39,5,41,3366,77,8,3454,354,40,43,3,440,4,0,4,441,6,0,452,26,6,0,26,55,0,0,0,55,3,0,55,5276,649,80,62,6070,104,18,118,6192,247,6,6445,65,15,0,0,82,15,0,15,92,7,0,102,80,11,3,3,96,0,0,0,94,0,0,94,144,24,3,3,175,12,0,12,188,7,0,195,5420,679,84,70,6247,117,18,130,6381,259,6,6646,1253,179,25,19,1474,63,7,70,1549,214,0,1758,7,0,0,3,12,0,0,0,12,0,9,20,6684,858,107,90,7732,176,25,201,7942,467,17,8425
SED39494,0,0,0,0,0,0,0,0,0,0,0,0,0,0,0,0,0,0,0,0,0,0,0,0,0,0,0,0,0,0,0,0,0,0,0,0,0,0,0,0,0,0,0,0,0,0,0,0,0,0,0,0,0,0,0,0,0,0,0,0,0,0,0,0,0,0,0,0,0,0,0,0,0,0,0,0,0,0,0,0,0,0,0,0,0,0,0,0,0,0,0,0,0,0,0,0,0,0,0,0,0,0,0,0,0,0,0,0,0,0,0,0,0,0,0,0,0,0,0,0,0,0,0,0,0,0,0,0,0,0,0,0,0,0,0,0,0,0,0,0,0,0,0,0,0,0,0,0,0,0,0,0
SED39797,0,0,0,0,0,0,0,0,0,0,0,0,0,0,0,0,0,0,0,0,0,0,0,0,0,0,0,0,0,0,0,0,0,0,0,0,0,0,0,0,0,0,0,0,0,0,0,0,0,0,0,0,0,0,0,0,0,0,0,0,0,0,0,0,0,0,0,0,0,0,0,0,0,0,0,0,0,0,0,0,0,0,0,0,0,0,0,0,0,0,0,0,0,0,0,0,0,0,0,0,0,0,0,0,0,0,0,0,0,0,0,0,0,0,0,0,0,0,0,0,0,0,0,0,0,0,0,0,0,0,0,0,0,0,0,0,0,0,0,0,0,0,0,0,0,0,0,0,0,0,0,0
