SED_CODE_2016,M_Ireland_0_4,M_Ireland_5_14,M_Ireland_15_24,M_Ireland_25_44,M_Ireland_45_54,M_Ireland_55_64,M_Ireland_65_74,M_Ireland_75_84,M_Ireland_85ov,M_Ireland_Tot,M_Italy_0_4,M_Italy_5_14,M_Italy_15_24,M_Italy_25_44,M_Italy_45_54,M_Italy_55_64,M_Italy_65_74,M_Italy_75_84,M_Italy_85ov,M_Italy_Tot,M_Japan_0_4,M_Japan_5_14,M_Japan_15_24,M_Japan_25_44,M_Japan_45_54,M_Japan_55_64,M_Japan_65_74,M_Japan_75_84,M_Japan_85ov,M_Japan_Tot,M_Korea_South_0_4,M_Korea_South_5_14,M_Korea_South_15_24,M_Korea_South_25_44,M_Korea_South_45_54,M_Korea_South_55_64,M_Korea_South_65_74,M_Korea_South_75_84,M_Korea_South_85ov,M_Korea_South_Tot,M_Lebanon_0_4,M_Lebanon_5_14,M_Lebanon_15_24,M_Lebanon_25_44,M_Lebanon_45_54,M_Lebanon_55_64,M_Lebanon_65_74,M_Lebanon_75_84,M_Lebanon_85ov,M_Lebanon_Tot,M_Malaysia_0_4,M_Malaysia_5_14,M_Malaysia_15_24,M_Malaysia_25_44,M_Malaysia_45_54,M_Malaysia_55_64,M_Malaysia_65_74,M_Malaysia_75_84,M_Malaysia_85ov,M_Malaysia_Tot,M_Malta_0_4,M_Malta_5_14,M_Malta_15_24,M_Malta_25_44,M_Malta_45_54,M_Malta_55_64,M_Malta_65_74,M_Malta_75_84,M_Malta_85ov,M_Malta_Tot,M_Mauritius_0_4,M_Mauritius_5_14,M_Mauritius_15_24,M_Mauritius_25_44,M_Mauritius_45_54,M_Mauritius_55_64,M_Mauritius_65_74,M_Mauritius_75_84,M_Mauritius_85ov,M_Mauritius_Tot,M_Myanmar_0_4,M_Myanmar_5_14,M_Myanmar_15_24,M_Myanmar_25_44,M_Myanmar_45_54,M_Myanmar_55_64,M_Myanmar_65_74,M_Myanmar_75_84,M_Myanmar_85ov,M_Myanmar_Tot,M_Nepal_0_4,M_Nepal_5_14,M_Nepal_15_24,M_Nepal_25_44,M_Nepal_45_54,M_Nepal_55_64,M_Nepal_65_74,M_Nepal_75_84,M_Nepal_85ov,M_Nepal_Tot,M_Netherlands_0_4,M_Netherlands_5_14,M_Netherlands_15_24,M_Netherlands_25_44,M_Netherlands_45_54,M_Netherlands_55_64,M_Netherlands_65_74,M_Netherlands_75_84,M_Netherlands_85ov,M_Netherlands_Tot,M_New_Zealand_0_4,M_New_Zealand_5_14,M_New_Zealand_15_24,M_New_Zealand_25_44,M_New_Zealand_45_54,M_New_Zealand_55_64,M_New_Zealand_65_74,M_New_Zealand_75_84,M_New_Zealand_85ov,M_New_Zealand_Tot,M_Nthern_Ireland_0_4,M_Nthern_Ireland_5_14,M_Nthern_Ireland_15_24,M_Nthern_Ireland_25_44,M_Nthern_Ireland_45_54,M_Nthern_Ireland_55_64,M_Nthern_Ireland_65_74,M_Nthern_Ireland_75_84,M_Nthern_Ireland_85ov,M_Nthern_Ireland_Tot,M_Pakistan_0_4,M_Pakistan_5_14,M_Pakistan_15_24,M_Pakistan_25_44,M_Pakistan_45_54,M_Pakistan_55_64,M_Pakistan_65_74,M_Pakistan_75_84,M_Pakistan_85ov,M_Pakistan_Tot,M_PNG_0_4,M_PNG_5_14,M_PNG_15_24,M_PNG_25_44,M_PNG_45_54,M_PNG_55_64,M_PNG_65_74,M_PNG_75_84,M_PNG_85ov,M_PNG_Tot,M_Philippines_0_4,M_Philippines_5_14,M_Philippines_15_24,M_Philippines_25_44,M_Philippines_45_54,M_Philippines_55_64,M_Philippines_65_74,M_Philippines_75_84,M_Philippines_85ov,M_Philippines_Tot,M_Poland_0_4,M_Poland_5_14,M_Poland_15_24,M_Poland_25_44,M_Poland_45_54,M_Poland_55_64,M_Poland_65_74,M_Poland_75_84,M_Poland_85ov,M_Poland_Tot,M_Scotland_0_4,M_Scotland_5_14,M_Scotland_15_24,M_Scotland_25_44,M_Scotland_45_54,M_Scotland_55_64,M_Scotland_65_74,M_Scotland_75_84,M_Scotland_85ov,M_Scotland_Tot,M_Singapore_0_4,M_Singapore_5_14,M_Singapore_15_24,M_Singapore_25_44,M_Singapore_45_54,M_Singapore_55_64,M_Singapore_65_74,M_Singapore_75_84,M_Singapore_85ov,M_Singapore_Tot,M_South_Africa_0_4,M_South_Africa_5_14,M_South_Africa_15_24,M_South_Africa_25_44,M_South_Africa_45_54,M_South_Africa_55_64,M_South_Africa_65_74,M_South_Africa_75_84,M_South_Africa_85ov,M_South_Africa_Tot
SED30001,0,6,5,32,14,10,9,3,0,76,0,0,0,3,4,18,30,9,3,66,0,10,11,22,10,11,4,0,0,59,3,17,10,42,20,3,3,3,0,102,0,0,0,5,0,3,0,0,0,9,0,6,9,17,11,8,8,0,3,66,0,0,0,3,4,6,7,3,0,23,0,0,0,9,3,3,3,0,0,22,0,0,0,0,0,3,0,0,0,9,0,0,4,3,0,0,0,0,0,8,0,3,9,4,17,21,31,12,4,100,39,424,513,1375,614,367,205,49,12,3607,0,0,0,7,15,8,9,3,0,41,0,0,4,9,3,5,0,0,0,21,0,3,0,19,10,11,3,0,0,50,0,13,23,48,25,14,4,0,0,132,0,4,0,18,8,9,6,4,0,49,0,10,13,23,43,34,32,10,3,173,0,7,4,13,12,5,0,0,0,41,0,49,76,173,96,52,24,3,3,480
SED30002,0,8,4,25,4,7,3,7,0,51,0,0,3,3,7,9,27,12,9,62,0,0,4,9,4,3,0,0,0,25,3,8,20,58,23,12,7,0,0,121,0,0,0,7,4,0,0,0,0,15,0,12,16,85,27,26,21,4,3,189,0,0,0,0,3,0,3,6,0,12,0,0,0,5,3,0,3,0,0,18,0,0,3,9,0,8,0,0,0,15,0,3,5,33,0,4,0,0,0,52,0,3,3,9,7,14,20,15,3,75,22,270,299,635,267,199,97,26,9,1828,0,0,0,6,9,3,8,3,0,25,0,5,15,41,12,3,0,0,0,78,0,5,6,21,17,16,6,4,0,71,4,18,46,120,50,30,7,0,0,276,0,0,0,10,13,16,7,0,3,44,0,5,0,18,27,26,29,12,0,117,0,7,4,26,11,3,0,0,0,58,3,26,59,90,75,47,20,3,3,318
SED30003,0,0,4,59,28,17,4,5,0,123,0,3,6,11,13,11,11,17,11,85,0,3,5,7,0,0,4,0,0,19,0,8,9,13,4,0,3,0,0,35,0,0,0,0,0,0,0,0,0,3,0,0,4,20,11,18,3,4,0,57,0,0,0,0,0,0,0,0,0,6,0,0,0,3,0,3,0,0,0,7,0,0,0,4,0,0,0,0,0,0,0,0,10,26,0,3,0,0,0,42,0,6,3,12,13,12,12,3,0,69,3,50,67,242,135,84,38,10,0,624,0,0,0,9,5,4,7,0,0,28,0,0,3,4,0,0,0,0,0,14,0,3,14,19,24,9,3,0,0,74,0,6,14,23,5,4,3,0,0,51,0,0,0,10,4,9,7,5,4,37,0,9,5,45,36,23,17,9,4,143,0,13,8,15,9,4,0,3,0,52,0,26,39,117,43,29,18,3,0,275
SED30004,0,7,0,14,9,12,12,7,0,62,0,0,0,12,14,35,82,72,32,242,3,8,7,4,0,0,3,0,0,24,0,9,7,20,3,3,3,0,0,40,0,0,0,4,0,3,0,0,0,6,0,0,18,25,15,16,15,7,0,97,0,0,0,0,0,0,0,3,0,7,0,0,0,0,0,0,0,0,0,6,0,0,7,7,6,3,0,0,0,26,0,3,5,13,6,0,0,0,0,32,0,0,0,0,8,13,18,14,6,51,11,77,107,286,148,113,68,26,5,844,0,0,0,5,3,3,5,3,0,22,0,0,3,14,7,3,0,0,0,28,0,8,20,23,24,17,7,6,5,113,0,30,35,88,52,21,9,0,0,238,0,0,0,9,0,7,3,5,0,24,0,3,4,22,18,21,26,19,6,115,0,8,3,9,3,3,3,0,0,35,0,28,46,92,51,24,18,5,0,262
SED30005,0,11,3,26,12,20,19,0,0,95,0,4,3,18,20,13,31,9,8,116,0,24,16,45,22,8,7,0,0,129,4,4,10,42,7,0,0,0,0,66,0,0,0,0,0,0,6,0,0,6,0,4,7,16,15,14,4,0,0,62,0,0,0,0,3,3,7,0,0,17,0,4,0,3,3,7,5,0,0,25,0,0,0,0,3,0,0,0,0,3,0,0,0,11,0,0,0,0,0,11,0,3,0,31,31,36,36,20,0,151,10,66,59,266,221,221,133,29,12,1014,0,0,0,3,9,9,10,6,0,32,0,4,0,5,3,3,0,0,0,19,7,84,56,86,45,23,13,3,0,316,3,13,11,29,11,8,0,0,0,75,0,0,0,14,5,12,4,0,0,35,0,6,10,28,50,48,33,10,0,188,0,3,3,3,9,0,0,0,0,14,4,24,35,74,56,28,16,3,0,242
SED30006,0,0,3,12,11,7,9,3,0,42,0,0,0,0,3,9,7,3,3,25,0,0,11,6,3,0,0,0,0,22,0,0,7,31,0,0,0,0,0,52,0,0,0,0,3,0,3,0,0,4,0,0,9,4,7,8,0,3,0,31,0,0,0,0,0,6,3,3,0,19,0,0,0,0,0,0,0,0,0,4,0,0,0,0,0,0,0,0,0,3,0,0,0,0,0,0,0,0,0,0,0,0,6,14,15,32,53,20,4,146,3,56,117,359,256,214,150,45,9,1200,0,0,0,0,3,3,8,5,0,19,0,0,0,5,0,0,0,0,0,5,0,7,4,19,15,9,4,0,0,53,0,5,4,11,3,3,0,0,0,28,0,0,3,3,4,10,3,0,0,22,0,3,0,18,37,34,32,12,4,136,0,0,0,3,0,3,3,0,0,8,0,13,11,37,38,18,5,3,3,132
SED30007,4,3,14,125,16,12,12,3,4,194,0,7,28,117,18,11,50,54,28,303,12,10,55,99,21,18,0,3,0,224,11,14,222,450,21,16,0,0,0,735,0,0,0,9,3,0,0,0,0,16,5,5,85,99,19,17,9,8,0,243,0,0,0,0,0,0,3,0,0,5,0,0,3,4,0,3,0,0,0,9,0,0,5,8,3,0,0,3,0,21,0,3,58,130,0,0,0,0,0,190,0,0,7,29,7,3,17,3,0,62,9,26,105,520,165,133,64,17,0,1048,0,0,0,26,4,4,8,0,0,44,0,6,9,43,0,0,0,0,0,58,0,0,22,47,19,9,4,0,0,104,5,11,19,137,20,12,3,0,0,205,0,0,0,30,7,3,6,0,3,57,0,0,18,70,28,38,24,8,0,185,8,5,32,72,4,14,3,0,0,132,3,0,32,166,22,19,5,0,0,249
SED30008,3,3,0,20,12,9,10,8,3,74,0,0,3,17,7,14,36,16,7,99,3,8,6,34,16,5,9,4,0,98,3,6,9,41,8,6,0,0,0,81,0,0,0,3,0,0,6,4,3,16,0,0,3,11,7,9,8,3,0,51,0,0,0,0,0,3,10,6,5,26,0,0,0,7,0,3,4,0,3,22,0,0,0,0,0,7,0,0,0,4,0,3,0,14,0,0,0,0,0,24,0,0,0,7,6,12,45,17,8,101,17,119,198,558,309,327,294,136,42,1995,0,0,0,3,3,5,5,5,0,29,3,3,11,45,5,3,3,4,0,73,0,0,4,20,14,6,8,3,0,49,0,12,19,62,17,8,3,3,0,122,0,0,0,11,5,12,6,3,0,36,0,3,8,22,20,28,43,29,8,162,0,0,3,12,3,9,5,0,0,31,3,3,33,87,45,50,28,12,0,251
SED30009,0,10,3,19,6,6,4,10,0,69,0,3,0,9,5,10,6,13,5,50,0,0,3,0,0,0,0,0,0,11,3,3,3,34,3,0,0,0,0,48,0,0,0,0,0,0,0,0,0,3,0,0,0,14,3,5,7,0,0,33,0,0,0,0,0,3,3,4,0,12,0,0,0,4,0,3,5,0,0,14,0,0,0,0,0,0,0,0,0,0,0,0,4,8,0,0,0,0,0,9,0,4,0,13,8,15,27,20,5,88,10,78,122,321,233,212,130,52,21,1181,0,4,0,4,7,12,8,3,3,44,0,3,0,6,0,0,0,0,0,16,0,4,3,17,18,6,0,0,0,50,7,3,7,33,3,3,0,0,0,56,0,0,0,11,4,4,5,5,0,23,0,11,8,28,36,32,31,17,14,173,0,0,4,0,3,0,0,0,0,14,3,47,56,107,82,42,19,11,0,366
SED30010,0,11,13,207,23,9,9,5,4,282,0,3,6,16,7,10,18,16,4,75,0,4,10,16,7,0,0,0,0,32,3,7,23,92,7,3,0,0,0,134,0,0,0,0,0,4,3,0,0,11,0,0,12,46,15,16,6,0,0,97,0,0,0,0,3,0,3,0,0,8,0,0,0,3,0,4,0,0,0,9,0,0,0,4,0,0,3,0,0,5,0,0,8,19,0,0,0,0,0,28,0,6,0,20,10,10,16,4,3,70,19,55,81,479,185,138,62,12,3,1032,0,3,0,31,3,4,5,0,0,48,0,0,0,8,0,0,0,0,0,11,3,3,10,25,28,13,0,3,0,77,5,5,17,51,20,12,3,0,0,111,0,0,0,20,9,10,0,3,6,47,4,12,3,71,44,35,21,4,8,195,3,16,3,9,3,3,3,0,0,35,4,13,27,129,35,16,6,0,0,228
SED30011,0,4,3,7,0,3,3,0,0,19,0,0,13,19,4,10,20,42,12,113,0,0,10,11,0,0,0,0,0,20,0,5,10,51,4,0,0,0,0,70,0,0,0,0,0,0,0,0,0,0,0,0,0,11,7,4,0,0,0,21,0,0,0,0,0,3,5,0,3,9,0,0,0,0,0,0,0,0,0,5,0,0,0,5,0,0,3,0,0,10,0,0,0,27,0,3,0,0,0,34,0,0,0,7,7,10,25,17,4,74,0,24,26,68,52,71,65,24,9,333,0,0,0,4,0,3,0,6,0,20,0,0,0,10,0,0,0,0,0,11,0,6,10,6,3,3,0,0,0,29,0,17,10,29,9,3,0,0,0,74,0,0,0,0,0,0,0,4,0,3,0,3,4,3,6,6,16,19,6,74,0,4,0,4,3,0,0,0,0,14,0,3,11,13,10,3,9,3,0,46
SED30012,0,10,3,38,11,3,4,3,0,80,0,0,0,3,5,6,6,4,0,23,0,3,3,0,3,3,0,0,0,20,0,3,3,32,9,4,0,0,0,54,0,0,0,3,0,0,0,0,0,5,0,5,9,35,17,11,10,4,0,97,0,0,3,0,0,6,8,7,0,26,0,0,0,6,0,3,3,0,0,13,0,0,0,8,3,0,3,0,0,15,0,0,0,16,3,0,0,0,0,26,0,6,4,11,18,28,45,25,6,133,97,599,625,1355,407,253,84,16,5,3440,0,5,0,6,10,10,11,0,0,38,0,6,3,22,6,0,0,0,0,43,0,9,22,35,8,3,0,0,0,81,8,74,65,178,71,32,4,0,0,428,0,0,3,18,7,10,0,7,3,52,0,3,6,34,44,45,21,12,0,163,0,6,6,16,6,10,0,0,0,44,0,31,56,117,60,22,14,3,0,306
SED30013,0,9,0,12,0,3,4,4,0,31,0,0,5,13,9,20,57,60,37,199,0,0,12,23,0,0,0,0,0,40,4,8,37,92,5,3,0,0,0,144,0,0,0,0,0,0,0,0,0,0,0,0,3,19,9,3,0,0,0,38,0,0,0,3,0,3,4,0,0,10,0,0,0,0,0,0,0,0,0,0,0,0,0,0,0,3,0,0,0,5,0,0,0,3,0,0,0,0,0,3,0,3,3,4,5,7,19,0,0,40,0,20,27,98,79,93,64,12,0,394,0,0,0,0,3,0,6,0,0,8,0,0,0,3,0,0,0,0,0,3,0,4,6,23,5,10,0,0,0,51,4,14,15,39,13,0,3,0,0,86,0,0,0,7,0,3,0,0,0,8,0,0,4,5,14,10,16,12,0,57,0,0,0,3,0,0,0,0,0,5,0,5,29,33,14,3,6,0,0,101
SED30014,0,10,3,25,7,6,6,12,3,74,0,0,0,5,6,10,19,11,6,59,0,10,8,45,12,8,3,0,0,86,0,14,7,15,8,0,0,0,0,41,0,0,0,0,0,4,0,0,0,12,0,3,3,11,14,7,3,3,0,48,0,0,0,0,0,3,16,13,3,31,0,0,0,4,0,3,0,4,0,16,0,0,0,0,0,0,0,0,0,0,0,0,0,3,0,0,0,0,0,3,0,4,6,3,12,6,20,21,10,72,3,70,131,548,270,241,158,63,23,1508,0,0,3,3,0,5,6,0,0,22,0,0,0,0,0,0,0,0,0,0,0,3,7,18,17,8,3,0,0,54,3,3,14,26,12,3,4,3,0,71,0,0,0,11,0,6,3,0,0,24,0,3,3,28,18,28,33,27,11,148,0,0,0,4,5,3,0,0,0,15,0,16,25,99,37,25,16,6,0,222
SED30015,0,3,3,9,5,10,18,7,3,45,0,0,0,5,0,4,28,20,12,60,0,0,3,0,0,0,0,0,0,6,0,4,0,11,0,0,0,0,0,21,0,0,0,0,0,0,0,0,0,0,0,0,0,8,3,4,0,0,0,12,0,0,0,3,0,3,16,7,0,29,0,0,0,0,0,0,3,0,0,7,0,0,0,0,0,0,0,0,0,0,0,0,0,0,3,0,0,0,0,3,0,0,6,11,5,22,58,29,6,127,3,28,31,121,107,140,119,30,8,579,0,3,0,0,0,0,3,5,0,16,0,0,0,3,0,0,0,0,0,3,0,0,0,5,7,5,0,0,0,30,3,12,0,9,3,0,0,0,0,28,0,0,0,0,0,0,3,3,0,7,0,0,0,8,13,26,56,15,0,118,0,0,0,0,0,0,6,0,0,3,0,20,11,37,33,31,14,5,0,148
SED30016,0,5,0,23,16,14,11,7,0,75,0,0,9,45,16,15,29,38,10,170,3,34,37,153,65,13,12,3,0,318,5,9,53,236,21,5,0,0,0,332,0,0,0,0,0,0,0,0,0,3,5,9,4,18,14,10,4,5,0,63,0,0,0,0,3,6,4,0,0,15,0,0,0,0,5,0,5,0,0,11,0,3,5,37,0,0,0,0,0,50,5,61,58,22,3,0,0,0,0,148,0,0,6,20,16,19,24,7,0,91,7,40,85,256,181,184,112,38,4,906,0,3,0,7,0,5,8,0,0,21,0,0,0,11,0,3,0,0,0,19,7,46,88,129,79,41,12,3,0,406,7,35,50,153,48,28,6,0,0,331,0,0,0,8,3,9,4,3,3,28,0,0,3,31,24,18,19,14,3,105,0,4,3,8,10,0,0,0,0,33,0,0,10,32,10,12,4,3,0,73
SED30017,0,3,0,12,9,0,3,3,0,31,0,0,6,6,0,4,13,7,0,37,0,0,0,3,0,0,0,0,0,5,0,0,10,29,0,0,0,0,0,42,0,0,0,0,0,0,0,0,0,0,0,0,0,3,4,3,0,0,0,9,0,0,0,0,3,3,3,0,0,9,0,0,0,0,0,0,0,0,0,0,0,0,10,29,7,0,3,0,0,47,0,0,4,15,0,0,0,0,0,23,0,0,0,0,6,14,31,22,3,72,3,16,17,93,84,99,74,25,3,427,0,0,0,0,0,3,3,3,0,14,0,3,0,7,0,0,0,0,0,13,0,4,3,13,7,7,0,0,0,32,3,28,14,49,11,3,0,0,0,98,0,0,0,0,0,3,7,0,3,11,0,0,0,7,4,11,13,8,0,41,0,0,0,0,3,0,0,0,0,3,0,8,7,13,16,4,3,3,0,63
SED30018,0,13,3,14,7,8,10,3,3,61,0,3,0,3,3,3,18,20,9,55,0,3,3,3,5,0,0,0,0,17,0,3,9,6,0,0,0,0,0,19,0,0,0,4,0,0,0,0,0,4,0,3,0,10,4,3,0,3,0,30,0,0,0,0,0,5,8,4,0,17,0,0,0,0,0,5,3,0,0,7,0,0,0,3,0,3,0,0,0,9,0,6,4,38,0,0,0,0,0,48,0,3,3,6,13,16,26,24,11,104,5,65,97,317,193,188,176,56,20,1109,0,3,0,3,5,3,7,8,0,31,0,0,0,0,0,0,0,0,0,0,0,8,0,19,13,9,0,3,0,55,4,3,9,23,3,0,0,0,0,42,0,0,0,3,3,6,8,3,0,21,3,10,9,22,21,30,55,18,4,165,0,0,0,3,0,3,0,3,0,11,0,18,22,51,40,24,16,11,4,182
SED30019,0,10,7,33,15,5,8,3,0,74,0,0,3,3,6,8,12,16,5,54,0,0,3,3,0,0,3,0,0,16,0,4,3,3,0,0,0,0,0,9,0,0,0,0,0,0,3,0,0,3,0,0,9,13,9,6,5,0,0,39,0,0,0,0,0,7,3,0,0,21,0,0,0,0,0,0,3,0,0,4,0,0,0,0,0,3,0,0,0,6,0,0,0,7,0,0,0,0,0,6,0,0,0,11,11,12,37,17,4,89,15,98,164,437,275,217,119,38,7,1366,0,4,0,8,7,8,3,3,0,34,0,0,0,5,0,0,0,0,0,9,0,6,11,22,18,12,8,0,0,76,3,11,22,49,24,9,3,0,0,124,0,0,0,7,0,11,4,3,0,27,0,3,3,31,20,36,37,22,11,166,0,0,3,8,3,7,0,0,0,20,0,8,41,77,52,39,19,3,0,250
SED30020,0,8,0,114,14,8,7,4,0,159,0,0,0,11,6,25,33,60,17,166,0,6,6,9,3,5,3,0,0,32,0,6,20,62,12,11,0,0,0,119,0,0,0,5,6,5,8,0,0,29,0,3,7,33,13,20,17,7,0,109,0,0,0,0,0,9,4,6,0,17,0,0,0,0,0,3,7,0,0,12,0,0,0,0,0,5,0,0,0,13,0,0,3,20,4,0,0,0,0,25,0,0,0,10,8,7,13,8,4,47,7,108,134,413,206,132,72,16,3,1094,0,3,3,11,4,6,9,3,0,30,0,0,4,11,3,0,0,3,0,23,0,3,3,19,19,7,3,3,0,63,0,6,15,58,28,18,9,3,0,128,0,0,0,3,4,6,5,3,0,21,0,10,7,35,30,31,17,13,3,147,0,7,15,19,9,9,0,5,0,59,4,58,72,159,100,32,15,5,0,446
SED30021,0,0,13,64,20,20,15,3,0,129,0,3,0,29,14,30,38,28,21,171,3,13,8,22,9,3,3,0,0,57,0,11,11,67,5,8,0,0,0,101,0,0,0,4,8,0,0,0,0,12,0,4,11,44,9,9,7,0,0,81,0,0,0,3,0,0,3,3,0,12,0,0,0,11,0,0,0,0,0,12,0,0,7,9,10,0,0,0,0,28,0,3,39,147,0,0,0,0,0,193,0,3,0,21,4,9,8,4,0,52,8,44,94,378,188,142,80,19,4,961,0,0,0,12,6,3,4,3,0,25,3,3,3,22,0,0,0,0,0,34,0,6,7,37,26,13,0,4,0,96,3,14,12,81,19,11,0,0,0,136,0,0,0,12,3,3,5,3,0,30,0,3,10,48,37,24,9,9,4,150,7,11,6,15,9,3,0,0,0,46,0,4,14,88,28,19,3,3,0,165
SED30022,3,13,5,19,9,17,15,5,3,92,0,6,5,8,3,11,20,16,10,75,0,4,0,3,4,0,0,0,0,18,0,6,3,5,4,0,3,0,0,16,0,0,0,3,0,0,0,0,0,5,0,0,6,11,10,5,6,0,0,40,0,0,0,0,0,5,6,3,3,18,0,0,0,0,0,4,0,0,0,8,0,0,0,0,0,3,0,0,0,9,0,0,0,11,0,0,0,0,0,11,0,3,3,4,5,17,33,27,10,112,6,95,149,349,242,265,119,37,10,1273,0,0,5,4,11,7,9,4,0,35,0,0,0,0,0,0,0,0,0,5,0,3,3,11,13,21,4,0,0,64,3,9,17,21,8,3,0,0,0,62,0,0,0,6,6,7,4,4,0,32,0,18,23,32,51,60,37,35,8,263,0,7,0,10,9,5,0,0,0,26,7,55,106,128,128,67,40,26,4,553
SED30023,0,0,0,9,0,3,4,4,0,24,0,0,0,0,0,0,4,3,0,17,0,0,0,4,0,0,0,0,0,5,0,0,0,12,0,0,0,0,0,12,0,0,0,0,0,0,0,0,0,0,0,0,4,11,4,3,0,0,0,28,0,0,0,0,0,3,3,0,0,7,0,0,0,0,0,0,0,0,0,0,0,0,4,3,3,0,0,0,0,6,0,7,9,33,0,0,0,0,0,43,0,0,0,3,8,17,14,8,5,56,3,20,33,96,76,71,45,12,0,359,0,0,0,4,3,3,3,0,0,11,0,9,9,15,3,0,0,0,0,25,0,0,6,18,20,6,0,0,0,53,3,43,42,112,39,9,0,0,0,253,0,0,0,3,0,0,0,0,0,5,0,0,0,0,11,13,16,5,0,48,0,3,7,3,3,0,0,0,0,17,3,15,26,42,27,21,9,0,0,142
SED30024,0,0,4,12,11,3,7,0,0,34,0,0,3,28,8,34,67,117,45,311,0,3,9,12,0,3,0,0,0,32,0,0,13,40,0,0,0,0,0,55,0,0,0,0,0,0,0,0,0,0,0,0,0,12,3,4,0,3,0,19,0,0,0,0,0,0,3,0,0,8,0,0,0,0,0,0,3,0,0,9,0,0,0,0,0,0,0,0,0,0,0,0,0,8,0,0,0,0,0,9,0,0,0,8,9,22,23,10,5,75,4,25,31,128,109,111,72,16,0,501,0,4,0,3,3,0,5,0,0,14,0,0,0,4,0,0,0,0,0,4,4,18,11,53,38,37,18,0,0,177,0,12,14,21,6,3,3,0,0,65,0,0,0,8,3,0,3,3,0,14,0,3,3,12,6,18,8,7,5,69,0,0,0,0,0,0,0,0,0,10,3,11,4,34,10,16,6,3,0,83
SED30025,3,10,4,30,22,6,7,6,0,85,0,3,0,7,8,9,20,5,5,55,0,4,6,20,8,8,4,0,0,53,0,5,8,42,14,7,3,0,0,84,0,0,0,7,5,0,3,3,0,23,0,0,9,20,20,5,9,5,0,70,0,0,0,0,5,10,14,8,0,31,0,0,0,0,3,0,0,3,0,16,0,0,0,0,0,3,0,0,0,4,0,0,0,3,0,0,0,0,0,6,0,4,4,3,12,13,47,29,6,119,63,408,499,1252,540,372,279,100,17,3535,0,3,3,13,6,3,16,0,3,42,0,5,3,14,6,0,0,0,0,27,3,9,9,24,21,7,0,0,0,66,0,19,17,54,22,11,7,0,0,134,0,0,0,10,3,15,8,3,0,32,0,15,10,41,51,41,50,26,10,242,3,3,3,16,5,7,3,0,0,47,7,78,105,187,140,76,39,20,3,656
SED30026,0,4,5,15,5,14,15,3,9,70,0,0,0,12,12,11,13,18,5,61,0,11,10,32,10,3,0,0,0,76,0,3,3,6,0,0,0,0,0,18,0,0,0,0,4,0,0,3,3,9,0,0,3,9,9,6,3,0,0,25,0,0,0,0,0,0,11,8,0,24,0,0,0,0,3,0,0,3,0,6,0,0,0,0,0,0,0,0,0,5,0,0,0,0,0,0,0,0,0,0,0,5,0,6,4,8,39,15,7,84,3,46,79,346,216,207,113,55,16,1092,0,3,0,3,6,0,15,4,0,31,0,0,0,0,3,0,0,0,0,3,0,0,0,15,7,11,3,0,0,37,3,8,17,11,4,0,0,0,0,39,0,0,0,0,0,4,3,4,4,17,0,8,0,24,16,26,34,18,12,133,0,3,0,5,6,0,0,0,0,16,3,10,20,47,29,32,16,0,3,169
SED30027,0,0,0,7,0,3,5,6,0,28,0,0,4,9,3,17,29,41,12,112,3,0,0,3,0,0,0,0,0,10,0,0,0,6,0,0,0,0,0,11,0,0,0,0,0,0,0,0,0,0,0,0,0,7,0,7,3,0,0,14,0,0,0,0,0,4,3,0,0,10,0,0,0,0,0,0,0,0,0,3,0,0,0,0,0,0,0,0,0,3,0,0,0,3,0,0,0,0,0,3,0,0,0,8,4,9,22,13,6,71,3,27,23,130,107,123,81,18,3,519,0,0,0,0,3,4,3,0,0,16,3,0,0,0,3,0,0,0,0,4,0,4,9,31,22,28,0,3,0,99,3,23,8,43,16,4,3,0,0,98,0,0,0,0,0,0,3,0,0,4,0,3,3,6,13,11,28,10,0,79,0,0,0,0,0,0,0,0,0,0,0,5,7,38,21,8,7,3,0,97
SED30028,3,7,3,53,20,10,6,6,0,113,0,3,3,13,11,18,30,26,10,112,0,3,4,8,0,6,0,0,0,15,0,0,3,12,3,0,0,0,0,15,0,0,0,3,0,3,3,0,0,5,0,3,8,19,7,6,3,6,0,51,0,0,0,0,0,3,3,0,0,11,0,0,0,0,0,0,0,0,0,0,0,0,0,3,0,3,0,0,0,6,0,0,0,11,0,3,0,0,0,14,0,0,0,12,10,13,16,10,0,66,3,50,60,265,163,95,45,16,3,692,0,0,4,4,10,5,3,5,0,31,0,0,0,4,3,0,0,0,0,3,3,3,9,25,20,11,4,7,0,80,0,8,14,32,20,10,3,4,0,90,0,0,0,8,11,8,12,0,4,43,0,4,0,36,26,35,34,10,5,151,0,0,3,11,7,0,0,0,0,32,3,29,54,124,76,34,21,6,0,354
SED30029,0,11,3,30,9,6,9,0,4,87,0,0,0,9,4,10,9,11,8,51,0,3,5,4,0,3,0,0,0,17,0,3,3,3,0,0,0,0,0,9,0,0,0,0,0,0,0,0,0,5,0,0,4,13,9,9,7,0,0,42,0,0,0,0,0,0,3,0,0,6,0,0,0,0,0,0,4,0,0,5,0,0,0,11,0,0,0,0,0,14,0,0,0,0,0,0,0,0,0,0,0,3,7,5,12,7,25,3,0,78,0,47,40,209,152,91,49,13,0,611,0,3,0,4,0,3,0,3,0,20,0,0,0,0,0,0,0,0,0,4,0,0,7,27,22,12,5,0,0,77,0,6,3,27,3,3,0,6,0,48,0,0,0,12,0,6,0,0,4,20,0,10,3,33,29,18,26,8,4,134,0,0,0,7,6,3,3,0,0,25,0,30,51,94,81,27,12,3,0,291
SED30030,0,7,0,26,5,6,5,0,0,49,0,0,0,6,6,7,22,13,8,67,0,14,4,31,28,17,6,0,0,109,3,16,13,30,25,7,11,3,0,114,0,0,0,8,5,4,3,0,0,17,0,3,8,19,12,12,0,4,0,59,0,0,0,3,3,3,5,4,0,20,0,0,0,10,3,5,0,0,0,15,0,0,0,0,0,0,0,0,0,4,0,5,3,12,0,0,0,0,0,15,0,0,0,8,5,22,25,19,6,86,26,272,346,1040,506,347,223,71,18,2850,0,0,3,4,3,3,4,3,0,18,0,5,0,14,8,0,3,0,0,26,0,0,5,16,23,10,0,0,0,58,0,13,22,61,35,20,9,3,0,165,0,0,0,14,3,14,4,3,0,43,0,5,3,30,43,22,33,21,3,168,0,3,9,10,4,6,3,0,0,39,0,10,41,93,54,27,19,10,0,246
SED30031,0,4,3,22,3,9,0,3,0,47,0,0,0,7,4,0,11,12,0,36,0,0,0,0,0,0,0,0,0,0,0,0,0,16,3,0,0,0,0,18,0,0,0,4,0,0,0,0,0,5,0,7,0,15,12,5,0,0,0,43,0,0,0,0,0,3,4,0,0,6,0,0,0,0,0,0,0,0,0,0,0,0,0,0,0,0,0,0,0,0,0,0,0,4,0,0,0,0,0,4,0,0,0,8,3,14,18,5,7,51,15,102,121,365,230,193,77,15,0,1115,0,0,0,0,4,4,0,0,0,13,0,3,0,7,0,0,0,0,0,11,0,3,4,13,15,4,0,0,0,39,7,94,51,138,63,12,3,0,0,372,0,0,0,0,0,5,6,0,0,16,0,3,8,27,23,33,13,6,0,115,0,0,0,6,4,4,3,0,0,17,0,50,66,102,92,30,9,0,0,349
SED30032,0,0,0,16,11,11,13,3,5,58,0,0,3,7,7,10,17,10,7,63,0,0,6,7,3,0,0,0,0,23,0,0,18,36,0,0,0,0,0,54,0,0,0,0,0,0,0,0,0,4,0,0,0,7,0,8,3,0,0,21,0,0,3,0,0,3,11,4,0,22,0,0,0,0,5,0,0,0,0,5,0,0,0,0,0,0,0,0,0,0,0,0,0,0,0,0,0,0,0,0,0,3,0,8,19,28,51,16,4,122,0,46,75,287,177,169,158,43,6,969,0,0,0,6,3,4,11,3,0,28,0,0,0,3,0,0,0,0,0,3,0,4,6,19,23,13,3,3,0,75,0,15,16,22,6,0,0,0,0,58,0,0,0,0,0,8,3,0,4,11,0,3,3,16,20,32,39,16,0,133,0,0,0,4,0,0,4,0,0,8,0,9,12,43,31,32,21,5,0,151
SED30033,0,8,3,49,15,6,5,4,0,96,0,0,0,11,8,14,25,18,7,85,0,9,7,26,9,3,3,0,0,49,0,7,10,44,10,3,0,0,0,83,0,0,0,0,8,3,0,0,0,14,0,7,8,42,13,8,3,3,0,89,0,0,0,0,0,0,0,0,0,3,0,0,0,7,0,0,0,0,0,12,0,0,0,8,3,3,0,0,0,17,3,0,18,75,0,0,0,0,0,106,0,0,0,12,3,9,6,6,6,45,5,34,73,303,129,93,43,20,0,695,0,0,0,6,3,0,3,0,0,21,0,7,3,30,0,0,0,0,0,50,0,5,5,29,12,8,0,5,0,66,3,11,14,56,8,13,4,0,0,104,0,0,0,12,5,6,3,5,0,24,0,3,0,34,26,17,13,11,3,110,0,0,0,33,4,0,0,0,0,42,0,9,11,77,15,16,0,3,4,127
SED30034,0,3,3,14,3,0,7,3,0,35,0,0,0,3,0,5,0,3,0,8,0,0,0,0,0,0,0,0,0,0,0,0,8,21,0,0,0,0,0,22,0,0,0,0,0,0,0,0,0,0,0,0,0,3,3,0,0,0,0,3,0,0,0,0,0,0,0,0,0,0,0,0,0,0,0,0,0,0,0,0,0,0,0,0,0,0,0,0,0,0,0,0,0,8,0,3,0,0,0,9,0,0,0,0,3,7,17,3,0,31,4,46,65,209,123,113,61,15,0,634,0,0,0,5,0,0,0,0,0,8,0,0,0,3,0,0,0,0,0,3,0,3,0,16,8,0,0,0,0,34,3,32,20,67,24,3,0,0,0,157,0,0,0,3,0,0,0,0,0,4,0,3,0,3,3,10,5,4,0,37,0,0,0,0,0,0,0,0,0,0,0,4,26,47,38,10,3,0,0,131
SED30035,0,0,0,5,0,3,0,3,0,19,0,0,3,3,3,4,4,7,0,28,0,0,0,0,0,0,0,0,0,3,0,0,0,4,0,0,0,0,0,7,0,0,0,0,0,0,0,0,0,3,0,3,0,3,5,0,3,3,0,14,0,0,0,0,3,3,10,0,0,11,0,0,0,0,0,0,4,0,0,6,0,0,0,0,0,0,0,0,0,0,0,0,0,0,0,0,0,0,0,0,0,0,0,3,7,17,41,24,0,106,0,21,22,105,109,125,119,33,8,545,0,0,0,0,0,3,5,3,0,12,0,0,0,0,0,0,0,0,0,4,0,0,3,7,5,12,4,0,0,32,0,4,3,11,0,0,0,0,0,26,0,0,0,0,0,6,3,3,0,10,0,3,3,3,10,17,27,15,3,77,0,0,0,3,3,0,3,0,0,12,0,8,15,24,30,14,18,6,0,111
SED30036,0,3,0,5,3,7,10,13,3,42,0,0,0,10,5,6,14,10,3,55,0,0,0,0,0,3,0,0,0,4,0,0,3,3,0,0,0,0,0,9,0,0,0,0,0,0,0,0,0,0,0,0,3,13,6,0,3,0,0,35,0,0,0,0,4,8,13,11,0,40,0,0,0,3,0,4,3,0,0,10,0,0,0,3,0,0,0,0,0,9,0,0,0,17,0,0,0,0,0,23,0,0,0,3,7,17,66,33,18,144,9,46,42,151,122,168,192,87,12,827,0,0,0,0,6,3,4,11,0,23,3,3,0,11,0,0,0,0,0,22,0,0,3,6,10,3,3,0,0,23,0,6,15,23,3,3,0,0,0,55,0,0,0,4,0,3,10,5,0,17,0,0,0,11,26,37,54,33,6,164,0,0,0,3,3,0,0,0,0,4,0,15,15,28,32,23,22,9,0,137
SED30037,0,0,5,16,6,8,4,3,0,41,0,0,4,13,3,21,79,85,56,267,0,0,0,8,0,0,0,0,0,11,0,0,8,15,0,0,0,0,0,19,0,0,0,0,0,0,0,0,0,0,0,0,0,3,3,3,4,0,0,21,0,0,0,0,3,0,9,8,0,21,0,0,0,0,3,0,0,0,0,3,0,0,0,0,0,0,0,0,0,0,0,0,0,3,0,0,0,0,0,3,0,0,0,12,7,15,27,10,3,73,0,30,40,164,96,109,77,21,0,532,0,0,0,0,4,3,3,3,0,17,0,0,0,8,0,0,0,0,0,8,0,0,11,21,21,7,9,0,0,73,4,19,24,27,11,0,4,0,0,99,0,0,0,0,0,0,6,0,0,7,0,0,3,10,7,23,25,3,3,77,0,0,0,4,0,5,0,0,0,6,3,8,8,30,12,6,9,0,0,76
SED30038,0,0,4,14,3,8,3,4,0,41,0,0,0,11,9,9,13,15,9,66,0,4,0,11,5,0,0,0,0,24,0,0,5,32,4,0,0,3,0,48,0,0,0,3,3,8,0,3,0,18,0,4,8,38,10,4,0,5,0,79,0,0,0,4,0,8,9,3,3,20,0,0,0,0,0,0,0,0,0,0,0,4,3,32,8,4,7,0,0,66,0,0,0,13,0,0,0,0,0,16,0,0,0,11,5,19,35,10,6,90,29,196,310,617,208,137,55,16,5,1560,0,0,0,0,3,10,13,3,0,32,3,6,3,25,0,0,0,0,0,42,0,6,3,20,4,4,7,0,0,49,0,26,50,130,51,28,6,4,0,300,0,0,0,13,3,17,12,7,9,56,0,3,3,19,24,33,22,20,4,118,0,0,0,7,6,5,3,0,0,24,0,10,16,58,29,10,14,0,0,146
SED30039,0,3,8,33,15,5,10,0,3,73,0,3,12,23,3,5,0,4,4,53,4,19,31,32,8,5,3,0,0,105,0,20,52,71,23,4,3,0,0,173,0,0,0,6,3,0,0,0,0,11,11,23,280,104,31,17,18,7,0,482,0,0,0,0,0,0,0,0,0,0,0,0,0,5,0,3,0,0,0,7,0,0,0,5,0,3,0,0,0,13,0,5,7,47,3,0,0,0,0,62,3,3,8,10,12,3,15,3,3,64,6,38,107,173,77,84,34,12,0,533,0,0,3,5,11,3,5,0,0,28,0,10,8,51,6,3,0,0,0,79,0,11,22,33,24,19,3,5,0,116,0,9,18,61,4,3,0,0,0,97,0,3,0,13,6,4,0,4,0,36,3,5,14,31,30,21,20,10,3,137,0,14,199,115,12,4,9,0,0,353,0,20,90,112,63,42,19,11,3,354
SED30040,0,0,0,7,6,3,14,4,0,35,0,0,0,0,0,0,5,0,3,15,0,0,6,4,0,0,0,0,0,9,0,0,3,4,0,0,0,0,0,8,0,0,0,0,0,0,0,0,0,3,0,0,0,23,14,5,7,3,0,54,0,0,0,0,5,0,0,0,0,13,0,0,0,0,0,0,0,0,0,6,0,0,0,0,0,0,0,0,0,5,0,0,0,0,0,0,0,0,0,3,0,0,0,8,10,26,22,12,3,79,5,106,129,308,132,110,51,17,0,859,0,0,0,3,3,3,5,4,0,16,0,0,4,7,3,3,0,0,0,15,0,3,5,8,11,10,0,0,0,38,0,14,20,36,9,4,0,0,0,90,0,0,0,5,4,0,3,0,0,9,0,0,0,16,12,10,20,8,0,74,3,0,0,4,6,3,3,0,0,20,0,4,8,18,9,3,3,4,0,51
SED30041,0,0,0,11,6,7,4,0,0,34,0,0,0,0,0,3,10,12,3,31,0,0,0,0,0,0,0,0,0,3,0,0,4,8,3,0,0,0,0,22,0,0,0,0,0,0,0,0,0,0,0,0,6,22,13,3,4,0,0,42,0,0,0,0,0,3,0,3,0,9,0,0,0,0,0,0,0,0,0,3,0,0,0,0,0,0,0,0,0,0,0,0,0,0,0,0,0,0,0,0,0,0,0,10,8,21,40,21,3,108,14,57,92,276,141,122,79,24,3,802,0,0,0,4,3,3,3,5,0,25,0,0,0,3,0,0,0,0,0,4,0,4,5,8,12,13,0,0,0,50,0,4,12,23,5,5,0,0,0,46,0,0,0,3,3,3,0,0,0,15,0,3,3,11,16,29,24,19,5,100,0,3,0,3,0,0,0,0,0,13,0,8,21,40,16,16,9,0,0,115
SED30042,0,0,3,26,9,8,8,3,0,55,0,0,0,8,0,8,17,8,6,54,0,0,6,0,7,0,0,0,0,11,0,6,0,11,0,0,0,0,0,20,0,0,0,4,0,0,0,0,0,6,0,4,0,9,4,6,0,0,0,22,0,0,0,0,0,3,8,0,0,13,0,0,0,0,0,3,3,0,0,6,0,0,0,11,7,5,3,0,0,17,0,0,0,3,0,0,0,0,0,8,0,0,0,6,9,19,31,9,3,80,9,146,204,522,240,185,86,31,8,1437,0,0,0,0,12,7,7,5,0,28,0,0,0,4,0,0,0,0,0,5,0,5,4,37,16,11,3,0,0,74,0,13,23,57,27,14,0,0,0,132,0,0,0,8,0,7,4,4,0,29,0,3,8,23,24,25,32,11,0,128,0,0,0,9,4,6,0,0,0,16,4,22,50,110,52,25,11,3,0,268
SED30043,4,12,3,18,11,3,19,3,4,74,0,0,0,6,7,10,15,6,5,49,0,3,3,5,0,0,0,3,0,18,3,3,7,29,0,0,0,0,0,41,0,0,0,0,3,0,0,0,0,3,0,0,5,8,11,0,4,0,3,24,0,0,0,0,0,0,8,9,0,13,0,0,0,0,3,3,0,0,0,14,0,0,0,0,0,0,0,0,0,4,0,0,0,13,0,3,0,0,0,11,0,0,5,11,12,16,28,22,9,103,19,103,122,340,211,211,145,93,31,1273,0,3,3,7,3,8,6,4,3,36,0,3,0,3,0,0,3,0,0,10,0,3,3,16,14,5,3,6,0,51,0,14,9,23,9,3,3,3,0,55,0,0,0,11,0,0,3,3,3,21,0,3,11,25,32,17,34,24,9,156,0,0,0,7,0,0,0,0,0,8,3,28,34,100,48,32,12,7,3,261
SED30044,0,3,0,15,5,4,5,3,0,39,0,0,0,5,0,4,3,3,0,17,0,0,0,6,3,3,0,0,0,14,3,3,0,8,0,0,0,0,0,17,0,0,0,0,0,0,0,0,0,3,0,3,0,10,3,7,0,0,0,17,0,0,0,0,0,0,3,0,0,9,0,0,0,0,0,0,0,0,0,5,0,0,12,41,3,0,0,0,0,53,0,5,0,22,0,0,0,0,0,31,0,0,0,6,3,15,26,8,4,60,6,37,65,152,108,126,78,20,6,584,0,0,0,0,0,0,3,0,0,11,0,5,7,9,3,0,0,0,0,29,0,4,5,14,10,8,0,0,0,41,3,37,25,88,21,8,3,0,0,177,0,0,0,5,0,0,3,0,0,6,0,0,3,4,12,19,11,14,4,62,0,0,0,0,3,3,0,0,0,5,0,17,30,49,48,15,8,5,0,170
SED30045,0,3,7,13,6,12,4,3,0,51,0,0,4,11,0,7,4,3,0,41,0,5,4,16,0,0,0,0,0,33,0,4,15,59,0,0,0,0,0,80,0,0,0,0,0,0,0,0,0,0,0,0,6,11,8,3,0,0,0,34,0,0,0,0,0,3,3,0,0,9,0,0,0,0,0,0,0,0,0,7,0,3,4,28,0,0,0,3,0,39,0,0,0,4,0,0,0,0,0,3,0,0,0,14,14,14,33,19,3,100,0,39,58,242,153,121,79,24,4,724,0,0,0,0,0,3,3,0,0,7,3,0,0,7,3,0,0,0,0,14,0,3,3,24,14,10,0,0,0,51,0,9,9,34,3,0,0,0,0,58,0,0,0,8,0,3,0,0,0,18,0,0,6,17,25,25,22,4,4,101,0,0,10,14,3,0,0,0,0,28,0,3,20,24,36,15,12,4,0,113
SED30046,0,0,0,14,7,3,13,3,0,38,0,0,0,3,4,4,19,12,0,34,0,0,3,0,0,3,0,0,0,9,0,0,8,14,3,0,0,0,0,26,0,0,0,0,3,3,0,3,0,9,0,0,3,15,10,17,0,3,0,48,0,0,0,0,3,0,8,0,0,16,0,0,0,0,0,3,3,0,0,3,0,0,0,5,0,0,0,0,0,9,0,0,0,3,0,0,0,0,0,5,0,0,0,8,15,30,30,25,7,109,19,141,229,539,330,267,129,36,4,1695,0,0,0,0,9,6,12,5,3,32,0,8,15,20,6,6,3,0,0,63,0,5,3,20,18,8,3,0,0,64,0,24,25,58,38,14,3,0,0,164,0,0,0,9,5,3,7,3,0,23,0,3,8,11,27,30,34,12,0,131,0,0,4,6,3,5,0,0,0,26,0,7,15,30,34,23,8,3,0,119
SED30047,3,11,3,54,33,12,11,4,5,131,0,0,0,9,5,4,11,9,4,35,0,6,0,6,0,0,0,0,0,21,0,0,0,16,3,0,0,0,0,15,0,0,0,3,0,0,0,0,0,5,0,0,0,14,12,0,0,0,0,22,0,0,0,0,0,0,3,0,0,7,0,0,0,5,0,0,3,0,0,9,0,0,0,0,0,0,0,0,0,3,0,0,0,3,0,0,0,0,0,3,0,4,0,10,9,7,21,7,4,64,23,152,217,568,322,237,106,24,4,1652,4,0,0,4,3,7,5,3,0,34,0,0,0,3,0,0,0,0,0,5,0,8,6,18,22,9,0,3,0,66,0,24,36,62,35,16,4,4,0,180,0,0,0,8,0,5,0,0,0,20,3,12,11,31,26,27,20,16,10,153,0,5,3,8,3,0,4,0,0,23,0,15,26,93,43,23,12,4,0,215
SED30048,0,0,0,14,7,3,0,3,3,34,0,0,0,7,0,0,18,13,4,47,0,0,0,3,3,0,0,0,0,9,0,0,5,9,0,0,0,0,0,10,0,0,0,0,0,0,0,0,0,0,0,0,0,13,0,3,0,0,0,21,0,0,0,0,0,13,15,12,9,48,0,0,0,8,0,0,0,0,0,8,0,0,0,0,0,0,0,0,0,0,0,0,0,16,0,0,0,0,0,20,0,0,0,6,5,13,19,11,0,54,5,25,61,187,117,120,62,8,0,587,0,0,0,6,3,3,3,0,0,13,0,0,0,3,3,3,0,0,0,10,0,0,0,6,8,4,3,0,0,25,13,92,74,213,77,19,3,0,0,494,0,0,0,3,0,0,0,0,0,8,0,0,0,9,8,16,24,7,5,71,0,0,0,0,3,0,0,0,0,4,0,16,37,47,37,15,3,4,0,162
SED30049,0,6,0,44,17,8,3,3,0,89,0,0,0,9,7,12,12,27,13,72,3,6,25,23,9,3,0,0,0,61,4,47,79,183,63,11,5,4,0,399,0,0,0,4,4,8,5,3,0,26,3,13,50,91,35,34,21,6,0,264,0,0,0,0,0,5,4,3,0,13,0,0,3,4,0,3,3,0,0,6,0,0,0,4,3,0,0,0,0,4,0,3,3,12,4,4,0,0,0,22,0,0,0,6,8,7,29,14,0,63,5,67,91,261,139,117,45,30,3,757,0,0,0,0,4,3,0,0,0,8,0,7,15,56,13,0,3,0,0,92,0,6,11,33,27,19,19,14,4,128,0,16,29,76,40,17,5,0,0,189,0,0,0,6,8,14,0,7,3,40,0,0,5,12,10,15,19,8,5,79,0,11,18,34,11,7,0,0,0,85,0,37,68,92,83,33,9,10,0,336
SED30050,0,10,9,30,12,10,9,0,3,86,0,0,3,20,8,12,15,18,0,78,4,3,4,11,4,0,0,0,0,27,0,4,11,32,0,0,0,0,0,42,0,0,0,0,3,3,0,0,0,4,0,0,0,8,11,3,3,0,0,30,0,0,0,0,0,3,3,0,0,17,0,0,0,3,0,0,0,0,0,3,0,0,0,3,0,0,0,0,0,3,0,0,0,26,0,0,0,0,0,26,0,3,8,10,6,12,32,17,4,94,14,59,94,344,209,251,165,68,19,1228,0,0,0,12,9,7,8,11,0,44,0,0,0,6,0,0,0,0,0,8,0,0,0,18,16,6,3,0,0,44,0,7,17,29,9,3,0,0,0,66,0,0,0,9,0,5,0,0,0,16,0,3,3,26,16,26,39,18,3,140,0,3,0,7,4,4,0,0,0,17,0,13,26,77,40,38,16,14,0,233
SED30051,0,0,0,3,6,3,7,7,0,25,0,0,0,0,3,4,6,6,4,26,0,0,0,0,0,0,0,0,0,3,0,0,0,0,0,0,0,0,0,0,0,0,0,0,0,0,0,0,0,0,0,0,0,3,7,5,0,0,0,17,0,0,0,0,0,6,8,0,0,14,0,0,0,0,0,0,0,0,0,4,0,0,0,0,0,0,0,0,0,0,0,0,0,0,0,0,0,0,0,0,0,0,0,6,8,18,44,16,4,99,3,17,22,90,135,119,141,41,6,580,0,0,0,0,0,3,7,0,0,13,0,0,0,0,0,0,0,0,0,0,0,0,0,8,8,9,0,3,0,30,3,8,7,12,0,3,3,0,0,34,0,0,0,0,0,4,3,0,3,12,0,0,0,5,5,21,40,23,3,95,0,0,0,0,0,0,0,0,0,4,0,0,5,12,14,11,10,3,0,64
SED30052,0,4,3,28,14,10,17,6,0,85,0,4,10,14,9,25,36,33,23,151,3,23,21,62,24,16,19,4,0,168,4,13,17,35,19,8,3,3,0,105,0,0,0,8,4,6,4,0,3,24,0,5,31,29,22,32,12,3,0,132,0,0,0,0,0,10,20,4,0,35,0,0,0,11,4,0,0,0,0,12,0,0,0,0,0,0,3,0,0,6,0,0,0,9,0,0,0,0,0,11,0,0,3,8,13,15,33,19,7,104,12,124,232,659,317,260,210,77,12,1908,0,0,0,13,3,3,10,0,0,27,0,0,0,18,0,0,0,0,0,21,0,3,6,22,8,5,3,0,0,50,3,10,17,53,22,8,8,3,0,128,0,0,0,8,3,9,7,13,3,45,0,12,16,21,30,14,37,17,5,151,3,0,3,18,7,6,0,3,0,44,3,23,69,118,47,58,30,16,0,355
SED30053,0,0,0,9,3,4,3,3,0,23,0,0,0,7,0,5,7,9,4,32,0,0,0,0,0,0,0,0,0,4,0,3,0,0,0,0,0,0,0,4,0,0,0,0,0,0,0,0,0,3,0,0,3,8,4,0,0,0,0,15,0,0,0,0,3,11,30,12,8,66,0,0,0,0,0,0,0,0,0,0,0,0,0,0,0,0,0,0,0,0,0,0,0,4,0,0,0,0,0,6,0,0,0,3,3,6,19,7,0,38,11,24,38,159,128,141,62,19,0,575,0,0,0,3,3,0,0,0,0,11,0,0,0,0,0,0,0,0,0,7,0,0,4,12,13,4,0,0,0,30,0,11,23,43,16,0,0,0,0,103,0,0,0,0,0,0,0,0,0,0,0,0,0,7,5,12,12,10,0,47,0,0,0,0,0,0,0,0,0,0,0,14,17,42,35,4,4,0,0,122
SED30054,3,21,10,35,12,8,24,5,0,119,0,0,0,8,3,6,18,9,0,49,0,7,12,8,4,7,3,0,0,40,0,28,39,43,23,3,5,0,0,138,0,0,0,7,0,3,0,0,0,9,0,13,15,42,26,28,26,19,0,166,0,0,0,0,0,0,0,3,0,7,0,3,4,4,4,0,0,0,0,18,0,0,0,0,3,0,0,0,0,4,0,0,0,5,0,0,0,0,0,9,0,0,3,18,22,22,22,19,4,111,3,52,71,190,144,110,54,29,8,670,0,3,0,10,9,13,5,7,0,38,0,0,3,3,3,0,0,0,0,14,0,3,6,18,37,15,4,3,0,86,0,11,11,15,8,3,3,0,0,55,0,0,0,12,3,6,3,0,0,36,0,22,14,26,60,29,29,13,7,200,0,16,12,36,10,7,3,3,0,88,4,67,158,242,174,120,63,18,3,846
SED30055,0,0,3,12,11,9,3,3,0,43,0,4,0,0,3,3,8,11,3,37,0,0,3,8,0,0,0,0,0,11,3,0,24,68,3,0,0,0,0,102,0,0,0,3,0,0,0,0,0,5,0,0,0,6,11,7,0,3,0,23,0,0,0,3,0,9,3,0,0,16,0,0,0,0,3,3,4,3,0,14,0,0,3,6,0,3,0,0,0,13,0,0,0,0,0,0,0,0,0,0,0,0,0,9,4,17,37,15,3,90,13,144,187,417,260,180,90,27,13,1331,0,0,0,3,4,7,4,0,0,21,0,0,0,3,0,0,0,0,0,6,0,14,15,33,13,13,3,4,0,99,0,11,15,30,15,7,5,7,0,86,0,0,0,3,0,7,6,0,0,19,0,3,9,24,36,23,25,11,4,142,0,0,0,4,4,0,0,0,0,13,3,24,23,58,35,22,17,0,0,189
SED30056,0,8,9,72,18,9,3,3,0,121,0,3,10,33,11,10,15,18,15,120,0,9,15,27,3,0,3,0,0,59,3,5,18,43,7,7,0,0,0,90,0,0,0,7,4,0,0,0,0,11,5,9,33,65,17,6,6,4,0,144,0,0,0,0,3,0,0,0,0,3,0,0,0,4,0,0,3,0,0,8,0,0,3,0,0,0,0,0,0,3,0,0,17,50,0,0,0,0,0,68,0,0,7,14,11,4,11,3,0,57,5,24,66,262,110,86,46,11,3,613,0,0,0,12,3,3,3,0,0,26,0,3,5,12,0,0,0,0,0,18,0,4,6,31,13,3,3,0,0,71,0,4,13,47,6,5,3,0,0,75,0,0,0,11,3,0,0,0,6,28,0,3,10,46,30,23,15,5,3,129,0,6,23,36,0,5,3,0,0,72,0,4,51,100,34,17,12,3,0,226
SED30057,0,0,0,17,8,3,12,0,0,32,0,0,0,3,0,0,4,7,3,21,3,0,0,3,0,0,0,0,0,3,0,0,0,0,0,0,0,0,0,8,0,0,0,0,0,0,0,0,0,0,0,0,0,9,0,0,0,0,0,9,0,0,0,0,0,3,0,0,0,4,0,0,3,3,0,0,0,0,0,4,0,0,0,3,0,0,0,0,0,3,0,0,0,3,0,0,0,0,0,9,0,0,0,0,0,5,10,3,0,16,16,63,79,227,109,76,27,11,0,608,0,0,0,3,0,0,3,3,0,7,0,4,0,7,0,0,0,0,0,14,0,13,6,34,16,3,0,0,0,64,5,33,18,77,28,13,0,0,0,173,0,0,0,0,0,0,0,0,0,3,0,0,0,5,3,4,7,6,0,28,0,0,0,7,0,0,0,0,0,9,0,13,8,37,15,7,0,0,0,74
SED30058,0,8,4,30,5,15,12,0,0,69,0,0,0,8,7,7,7,16,5,55,0,0,5,5,7,12,0,0,0,29,0,11,24,37,22,8,5,3,0,115,0,0,3,9,4,10,6,0,0,38,0,14,13,50,20,45,35,8,3,181,0,0,0,0,0,3,4,3,0,9,0,0,0,0,0,0,4,0,0,4,0,0,0,0,0,0,0,0,0,3,0,0,3,5,0,3,0,0,0,10,0,0,3,11,9,10,23,12,4,76,11,58,88,304,142,118,77,9,3,813,0,0,0,11,12,9,13,0,0,42,0,3,3,8,3,0,0,0,0,22,0,8,7,24,11,16,5,0,0,70,0,14,27,45,35,7,5,3,0,147,0,0,3,8,3,11,10,3,0,45,3,12,4,36,31,32,22,24,3,171,7,17,17,25,13,14,13,3,0,105,0,25,62,136,68,52,32,9,0,398
SED30059,0,11,7,24,13,10,7,4,7,79,0,0,0,4,7,21,31,11,8,88,0,33,36,47,34,14,9,3,0,180,0,11,18,26,20,15,3,4,0,94,0,0,0,4,4,0,3,4,0,13,0,10,5,20,11,8,4,4,0,64,0,0,0,0,0,9,13,7,6,26,0,0,0,9,3,7,6,0,0,28,0,0,0,0,0,0,0,0,0,5,0,0,0,5,0,0,0,0,0,6,0,3,0,7,16,23,40,16,9,117,9,131,202,622,375,306,209,83,11,1957,0,0,0,8,6,8,3,7,0,34,0,3,0,0,3,0,0,0,0,13,0,4,4,11,14,14,6,0,0,47,3,3,13,23,18,9,4,3,0,79,0,3,0,10,4,11,17,9,0,50,0,16,3,29,42,33,35,25,9,191,0,3,3,6,3,3,9,0,0,29,8,56,89,158,112,77,35,15,0,548
SED30060,0,0,0,13,6,4,9,3,0,32,0,0,7,11,6,20,37,56,31,162,0,14,6,21,9,3,0,0,0,48,0,7,0,18,4,0,0,0,0,29,0,0,0,0,0,0,0,0,0,3,0,0,0,12,5,3,6,4,0,24,0,0,0,0,0,3,13,3,0,18,0,0,0,0,0,0,0,0,0,3,0,0,0,3,0,0,0,0,0,3,0,3,3,3,0,0,0,0,0,11,0,0,0,4,5,12,21,8,4,62,6,48,49,178,129,124,65,13,0,608,0,0,0,0,0,3,5,3,0,11,0,0,0,3,0,3,0,0,0,5,3,29,38,62,36,32,8,3,0,217,4,19,10,45,20,13,0,0,0,114,0,0,0,0,0,0,3,0,0,7,3,0,4,16,14,14,16,3,0,59,0,0,0,3,0,0,0,0,0,3,0,4,3,19,9,4,0,0,0,45
SED30061,0,3,0,11,9,5,0,3,0,28,0,3,3,7,7,9,19,29,11,84,0,7,3,3,0,0,0,0,0,14,0,6,4,25,7,0,0,0,0,37,0,0,0,0,0,0,0,0,0,3,0,0,6,17,11,10,0,0,0,50,0,0,0,0,0,0,0,0,0,3,0,0,0,0,0,0,0,0,0,0,0,3,4,21,3,0,7,0,0,38,0,0,6,24,3,0,0,0,0,32,0,0,3,10,4,7,9,8,0,49,3,29,53,129,86,99,30,13,0,445,0,0,3,0,0,3,6,3,0,15,0,3,3,13,0,0,0,0,0,26,0,20,31,38,19,8,0,0,0,124,7,42,49,73,41,13,4,3,0,231,0,0,0,0,0,0,0,0,0,3,0,0,5,6,6,25,17,6,3,79,0,3,0,14,6,3,0,0,0,28,0,8,60,40,29,22,10,0,3,168
SED30062,0,11,6,34,7,5,8,3,0,80,0,3,0,11,8,6,22,13,0,66,0,7,3,12,10,0,3,0,0,26,3,3,11,49,6,0,3,0,0,73,0,0,0,0,0,0,3,0,0,3,0,4,3,24,16,11,3,0,0,59,0,0,0,0,0,4,9,3,0,23,0,0,3,4,3,8,3,0,0,21,0,0,0,3,0,0,0,3,0,7,0,0,3,39,0,0,0,0,0,49,0,0,6,8,6,14,27,22,4,89,48,402,424,890,387,234,142,57,21,2612,0,4,3,12,8,11,6,3,0,51,0,0,0,18,0,4,0,0,0,20,3,3,11,37,14,9,5,0,0,86,7,37,67,137,71,16,5,0,0,349,0,0,0,8,0,3,3,3,6,16,3,11,19,41,42,39,33,31,9,224,0,4,4,16,8,4,3,0,0,39,9,97,101,223,140,46,27,10,3,658
SED30063,0,0,0,3,3,5,3,7,0,25,0,0,0,0,0,3,8,3,0,16,0,3,0,3,0,0,0,0,0,3,0,3,12,19,0,0,0,0,0,28,0,0,0,0,0,0,0,0,0,0,0,0,0,0,0,6,0,0,0,11,0,0,0,0,0,4,6,3,0,12,0,0,0,0,0,0,3,0,0,3,0,0,0,0,0,0,0,0,0,0,0,0,0,4,0,0,0,0,0,7,0,0,0,7,4,20,40,15,0,93,0,11,23,96,96,92,111,38,0,481,0,0,0,0,0,4,3,0,0,17,0,0,0,0,0,0,0,0,0,3,0,0,0,5,6,4,8,0,0,27,8,37,30,148,15,6,0,0,0,248,0,0,0,3,0,0,0,4,0,5,0,0,0,3,6,13,41,13,3,80,0,0,0,0,0,4,0,3,0,7,0,11,7,14,16,8,9,4,0,66
SED30064,0,6,3,10,10,9,3,4,3,45,0,0,0,4,0,12,11,8,4,39,0,3,6,0,0,0,0,0,0,15,0,0,3,8,0,0,0,0,0,11,0,0,0,0,0,0,0,0,0,4,0,0,0,3,12,3,0,0,0,22,0,0,0,0,3,4,7,0,0,20,0,0,0,0,0,0,0,0,0,5,0,0,0,3,0,0,0,0,0,6,0,0,0,3,0,0,0,0,0,4,0,0,3,9,13,16,36,26,9,114,3,48,59,227,168,183,121,43,17,872,0,0,0,3,7,5,3,0,0,19,0,0,0,13,0,0,0,0,0,13,0,3,0,20,12,11,7,4,0,54,0,4,3,13,7,0,3,0,0,32,0,0,0,0,3,4,0,4,3,15,0,3,3,12,16,32,29,19,3,113,0,0,0,8,3,0,0,0,0,18,0,7,32,52,30,20,23,8,4,184
SED30065,3,0,0,20,8,9,15,3,3,57,0,0,0,21,7,14,11,8,3,70,0,4,3,12,0,0,0,0,0,16,0,3,0,15,0,0,0,0,0,26,0,0,0,0,7,0,0,0,0,4,0,3,6,4,5,9,0,0,0,29,0,0,0,0,0,3,12,4,0,13,0,0,0,0,3,0,0,0,0,3,0,0,0,0,0,0,0,0,0,6,0,0,0,9,0,0,0,0,0,9,0,8,3,19,15,25,39,37,9,155,5,66,64,266,188,234,186,90,18,1107,0,0,3,0,8,4,14,3,0,30,0,0,0,0,0,0,0,0,0,0,0,0,4,19,22,5,0,3,0,55,0,0,7,14,0,0,0,0,0,23,0,4,0,3,0,5,3,0,3,15,0,4,6,20,41,41,45,30,8,208,0,3,3,3,7,3,0,0,0,22,4,24,30,76,47,44,39,18,3,280
SED30066,0,3,0,56,13,6,10,4,4,95,0,0,3,24,14,13,37,29,22,130,7,10,10,14,5,3,0,0,0,46,0,5,22,76,7,9,0,0,0,120,0,0,0,3,0,0,0,0,0,4,5,4,9,37,12,13,6,0,0,87,0,0,0,0,3,3,4,3,0,15,0,0,0,3,0,0,0,0,0,6,0,0,14,54,11,4,0,3,0,94,0,10,37,81,3,0,0,0,0,139,0,0,0,12,4,3,15,3,0,42,12,90,154,519,196,150,77,17,5,1231,0,0,0,10,0,3,3,0,0,19,0,0,11,31,0,0,0,0,0,45,0,14,50,45,25,15,8,7,0,164,3,34,47,151,80,23,10,0,0,349,0,0,0,13,0,7,10,3,0,34,0,3,5,22,14,9,19,10,0,89,0,0,10,24,4,3,0,0,0,36,3,3,14,55,14,7,5,0,0,113
SED30067,0,3,6,21,10,6,6,7,0,55,0,0,0,7,6,15,12,10,3,57,3,0,6,3,0,0,0,0,0,19,0,0,0,3,0,0,0,0,0,7,3,0,0,0,0,3,0,0,0,6,0,5,0,14,9,13,5,4,0,41,0,0,0,0,0,6,6,0,0,15,0,0,0,4,0,0,0,0,0,9,0,0,9,21,0,5,0,0,0,36,0,3,0,11,0,0,0,0,0,15,0,0,3,4,13,15,27,15,7,88,14,98,165,455,243,142,79,8,5,1205,0,0,4,11,3,5,3,0,0,23,3,0,0,7,0,0,3,0,0,14,0,8,12,30,24,10,0,0,0,92,3,22,39,94,49,13,11,0,0,231,0,0,0,4,0,9,3,0,0,14,0,4,7,21,29,29,23,13,0,126,0,0,6,3,3,3,3,0,0,21,0,42,71,128,87,35,15,7,3,382
SED30068,0,6,0,11,6,11,17,19,3,69,0,0,0,0,4,7,23,16,8,51,0,0,4,5,0,0,0,0,0,14,0,0,12,40,0,0,0,0,0,53,0,0,0,0,0,0,0,0,0,3,0,0,0,5,11,4,0,0,0,23,0,0,0,0,0,3,8,4,0,22,0,0,0,0,3,0,3,3,0,14,0,0,0,0,0,0,0,0,0,3,0,3,0,0,0,0,0,0,0,4,0,3,0,0,8,15,49,45,8,134,8,74,94,288,196,213,189,89,24,1169,0,0,0,0,6,5,5,12,0,35,0,0,3,4,3,0,3,0,0,5,4,5,16,11,15,16,3,0,0,67,0,20,17,32,18,9,0,0,0,96,0,0,0,3,3,3,11,3,4,26,0,0,3,7,24,23,51,32,8,142,0,0,0,0,3,0,0,0,0,11,0,10,21,26,19,17,19,10,0,122
SED30069,3,3,7,25,21,3,12,10,3,81,0,0,0,4,4,10,11,19,0,56,0,0,0,4,0,4,0,0,0,11,0,0,0,9,0,4,0,0,0,8,0,0,0,0,0,0,0,0,0,8,0,0,3,3,5,4,5,0,0,29,0,0,0,0,3,3,12,3,0,19,0,0,0,3,0,0,5,0,0,9,0,0,0,0,0,0,0,0,0,0,0,0,0,3,0,0,0,0,0,8,0,3,0,7,13,14,49,23,7,125,7,100,152,400,254,226,163,54,12,1371,0,0,0,3,8,8,14,8,0,40,0,0,0,7,0,0,0,0,0,7,0,0,3,31,20,15,6,0,0,87,3,18,19,55,14,6,3,0,0,117,0,0,0,3,3,8,6,0,4,26,0,4,3,17,26,33,48,27,3,169,0,0,0,4,3,0,3,0,0,16,0,6,21,36,48,22,23,3,0,165
SED30070,0,0,3,16,12,8,12,3,0,62,0,0,0,0,3,8,14,10,4,49,0,0,3,0,0,0,0,0,0,5,0,0,4,3,0,3,0,0,0,11,0,0,0,0,0,3,0,0,0,11,0,0,4,7,11,3,0,0,0,21,0,0,0,0,0,3,6,7,0,19,0,0,0,0,0,3,0,0,0,5,0,0,0,0,0,0,0,0,0,7,0,0,0,3,0,0,0,0,0,4,0,0,0,11,7,16,48,22,7,122,7,106,133,363,256,246,161,58,19,1345,0,0,0,7,3,3,11,7,0,27,0,0,0,3,4,0,0,0,0,7,0,0,0,17,14,8,4,0,0,38,0,9,10,15,7,3,3,0,0,56,0,0,0,0,4,3,0,3,0,15,0,6,17,20,42,43,41,33,9,200,0,0,0,3,4,0,0,0,0,11,4,42,55,127,93,30,27,7,7,387
SED30071,3,6,3,9,4,0,3,0,0,25,0,0,0,0,0,5,9,0,0,9,0,0,0,0,0,0,3,0,0,7,0,3,3,11,0,0,0,0,0,24,0,0,0,0,0,0,0,0,0,0,0,3,0,11,3,4,3,0,0,29,0,0,0,0,0,0,0,0,0,0,0,0,0,0,0,0,0,0,0,3,0,0,7,27,5,3,3,0,0,42,0,3,0,12,4,0,0,0,0,23,0,0,0,0,4,9,15,8,7,37,0,30,44,122,72,67,35,11,0,385,0,0,0,0,3,0,3,0,0,8,0,0,0,7,0,0,0,0,0,10,0,3,7,17,4,5,0,0,0,36,0,22,26,77,14,3,3,0,0,154,0,0,0,0,0,0,0,0,0,8,0,3,3,5,8,17,19,0,3,60,0,0,0,8,0,3,3,0,0,15,0,4,19,36,17,4,0,0,0,81
SED30072,3,3,9,39,19,6,7,8,5,98,0,0,0,5,5,14,20,17,7,71,0,3,3,7,5,0,0,0,0,23,3,8,3,13,0,3,0,0,0,32,0,3,0,3,3,3,0,0,0,14,0,0,8,28,10,5,3,4,0,58,0,0,0,0,0,0,0,3,0,12,0,3,3,0,4,0,3,0,0,13,0,0,0,10,3,0,0,0,0,15,0,5,7,56,5,0,0,0,0,75,0,3,0,11,6,10,14,10,6,66,12,93,107,367,206,169,78,28,7,1066,0,3,0,11,7,3,4,0,3,35,0,3,0,8,0,0,0,0,0,16,0,4,11,29,27,10,4,0,0,88,4,61,63,169,66,36,9,4,0,408,0,0,0,5,5,9,0,3,0,28,0,4,5,15,32,32,23,18,0,137,0,5,0,15,4,3,0,0,0,28,0,11,24,74,32,18,6,7,0,167
SED30073,0,4,9,129,10,10,13,3,0,185,3,6,30,75,6,17,19,29,19,192,0,11,49,74,15,5,3,0,0,160,4,4,78,195,15,9,0,0,0,305,0,0,0,9,7,0,4,7,0,21,0,13,89,86,21,17,6,0,0,228,0,0,0,0,0,0,0,0,0,5,0,0,0,10,0,0,0,0,0,10,0,0,9,10,0,0,0,0,0,18,0,3,61,129,6,0,0,0,0,195,0,0,6,25,7,13,9,6,0,70,6,30,123,401,167,117,56,17,3,918,0,0,7,13,4,4,3,0,0,36,0,3,11,48,3,0,0,0,0,76,0,3,18,38,27,9,0,4,0,95,5,13,23,101,17,7,5,0,0,169,0,0,3,18,9,7,3,0,0,39,0,3,10,45,22,34,9,8,3,138,3,3,30,45,6,7,0,0,0,97,0,3,43,108,39,12,8,4,0,214
SED30074,0,0,0,10,5,3,3,0,0,27,0,0,0,6,3,15,59,35,16,131,0,0,0,0,0,0,0,0,0,3,0,0,13,33,0,0,0,0,0,49,0,0,0,0,0,0,0,0,0,3,0,3,0,10,4,0,0,3,0,23,0,0,0,0,0,0,3,3,0,7,0,0,0,0,0,0,0,0,0,0,0,0,0,3,0,0,0,0,0,7,0,0,0,12,0,0,0,0,0,9,0,0,0,10,0,16,33,18,9,81,3,15,20,86,61,76,75,21,4,348,0,0,0,0,0,3,5,3,0,13,0,0,0,9,0,0,0,0,0,9,0,3,3,5,9,0,0,0,0,20,0,27,19,51,18,3,0,0,0,113,0,0,0,0,0,3,3,0,3,9,0,3,0,4,3,8,23,6,8,50,0,0,0,4,0,0,0,0,0,3,0,13,9,30,20,9,7,0,0,82
SED30075,0,10,12,36,16,9,6,10,3,93,0,0,3,16,12,18,23,27,11,110,4,22,37,106,30,16,21,7,0,236,4,29,139,321,65,40,15,11,4,616,0,0,3,0,4,5,0,0,0,17,5,0,27,44,25,20,6,3,0,134,0,0,0,0,3,4,6,7,0,15,0,3,3,11,4,0,3,0,0,24,0,0,0,3,0,0,0,0,0,4,0,3,11,41,0,0,0,0,0,59,0,0,0,12,6,10,27,23,10,95,12,168,334,737,384,315,220,90,33,2299,0,0,0,7,6,3,11,7,0,28,0,0,14,26,3,0,0,0,0,48,0,0,9,11,10,8,0,0,0,42,3,14,42,102,33,18,7,3,0,221,0,0,0,9,7,12,15,6,3,51,0,0,13,16,19,27,34,25,4,134,0,0,26,26,7,15,5,0,0,73,0,8,45,72,39,36,18,9,0,223
SED30076,0,8,0,37,12,5,18,0,5,89,0,0,0,9,3,9,13,10,7,51,0,9,11,10,4,3,0,0,0,37,3,19,27,86,30,16,0,0,0,183,0,0,0,0,11,0,3,0,0,15,0,0,18,29,18,13,4,3,0,90,0,0,0,0,3,3,3,3,0,12,0,0,3,0,3,6,0,0,0,12,0,0,0,0,0,4,0,0,0,9,0,0,8,6,0,0,0,0,0,13,0,0,3,7,9,17,36,9,3,82,21,129,231,582,336,268,133,25,5,1745,0,0,0,9,5,7,9,5,0,27,3,4,4,10,5,0,3,0,0,28,0,5,3,29,24,25,6,8,0,103,0,9,14,43,19,12,11,0,0,111,0,0,0,13,10,19,3,0,0,45,0,12,13,15,34,45,40,11,4,173,0,4,7,13,3,9,3,0,0,39,0,11,51,78,63,53,36,3,3,300
SED30077,3,9,5,67,13,3,6,3,4,111,3,0,0,15,12,22,53,69,24,197,0,4,7,9,4,0,0,0,0,20,0,4,13,39,0,4,0,0,0,65,0,0,0,0,0,0,3,0,0,3,0,0,12,39,20,12,3,3,0,87,0,0,0,0,0,0,0,0,0,5,0,0,0,0,3,0,0,0,0,6,0,0,6,13,9,0,3,0,0,35,0,3,27,63,0,0,0,0,0,92,0,7,5,14,8,8,7,6,5,47,13,30,76,300,133,100,56,19,4,719,0,0,0,11,3,4,5,3,0,27,0,6,0,18,0,3,0,0,0,26,0,8,15,24,22,10,3,4,0,78,0,22,35,90,34,13,3,3,0,200,0,0,0,12,3,5,3,0,3,25,0,5,12,21,21,6,9,8,6,95,0,8,3,24,6,0,0,0,0,45,0,5,17,78,12,16,5,0,0,139
SED30078,0,0,0,12,7,4,7,3,0,44,0,0,0,3,7,11,22,7,3,58,0,12,10,23,10,0,3,0,0,65,26,73,127,422,117,37,20,7,0,835,0,0,0,18,12,0,9,3,0,41,3,26,72,240,84,66,53,22,0,564,0,0,0,0,0,0,0,0,0,7,0,0,0,3,3,3,3,0,0,11,0,0,3,16,0,3,3,3,0,34,0,0,3,7,0,0,0,0,0,10,0,0,0,3,3,0,13,4,0,32,23,170,233,298,168,108,65,20,3,1087,0,0,0,0,0,0,8,8,0,14,14,46,36,171,50,15,4,3,0,340,4,3,18,46,37,30,21,0,3,155,0,18,51,112,67,40,15,3,0,307,0,0,0,8,3,4,3,3,3,24,0,3,3,14,11,10,20,10,5,92,0,10,17,55,22,26,16,3,0,147,3,17,76,120,72,66,21,7,0,386
SED30079,0,0,3,21,3,3,0,3,0,38,0,0,3,11,5,8,31,17,3,70,3,9,7,39,5,3,4,0,0,68,11,51,159,648,76,44,14,6,0,1007,0,0,0,4,0,0,3,0,0,8,6,22,42,178,53,62,33,20,3,413,0,0,0,0,0,0,8,3,0,16,0,0,0,0,0,0,0,0,0,3,0,7,7,12,0,8,3,3,3,43,0,0,4,30,0,0,0,0,0,31,0,0,0,4,3,3,24,10,8,61,10,87,167,264,122,101,45,13,3,820,0,0,0,3,3,5,5,5,0,16,8,10,58,195,9,10,0,0,0,297,0,11,22,28,15,13,15,18,3,130,7,28,62,140,50,27,13,7,0,337,0,0,0,14,0,9,0,9,3,33,0,3,0,3,16,18,17,10,11,80,0,3,10,44,12,7,3,3,0,82,0,0,17,33,14,20,7,3,4,99
SED30080,0,7,6,46,12,9,16,8,0,104,0,5,20,66,15,23,57,48,8,250,7,23,55,136,43,26,32,0,0,330,0,19,49,105,37,17,4,0,0,229,0,0,0,3,17,4,3,0,0,24,0,3,9,35,22,18,3,3,0,101,0,0,0,0,0,4,5,3,0,14,0,0,0,7,3,3,0,0,0,14,0,0,0,0,0,0,0,0,0,7,0,0,61,108,0,0,0,0,0,176,0,0,4,13,11,12,27,19,7,93,16,83,214,628,350,354,273,99,16,2033,0,0,0,18,5,0,10,3,0,38,0,3,5,16,4,0,0,0,0,27,0,0,7,12,15,12,4,0,0,45,3,20,10,77,20,12,6,0,0,151,0,0,4,15,5,15,18,11,3,67,0,0,7,30,21,30,44,19,7,156,0,3,8,13,9,12,7,3,0,50,0,13,29,72,45,39,41,16,5,255
SED30081,0,3,0,14,4,0,0,3,0,28,0,0,0,10,0,10,19,6,7,62,0,0,0,3,0,0,0,0,0,4,0,0,3,8,3,0,0,0,0,13,0,0,0,0,0,0,0,0,0,0,0,0,0,11,11,8,0,0,0,35,0,0,0,0,3,7,3,0,0,10,0,0,0,3,0,0,0,0,0,5,0,0,0,3,0,0,0,0,0,11,0,0,0,0,0,0,0,0,0,0,0,0,0,3,5,5,26,5,0,48,9,54,66,166,118,75,46,20,0,556,0,0,0,0,3,0,3,0,0,3,0,0,0,5,0,0,0,0,0,11,0,11,23,33,21,20,5,0,0,109,3,14,18,42,25,11,0,3,0,114,0,0,0,0,0,0,0,0,0,3,0,6,3,9,4,20,19,10,0,78,0,0,0,4,0,4,0,0,0,14,0,9,11,27,26,10,3,4,0,92
SED30082,0,0,0,13,6,9,6,6,0,46,0,0,0,5,0,4,6,3,3,31,0,5,0,0,0,0,0,0,0,7,3,3,0,15,0,0,0,0,0,22,0,0,0,0,0,0,4,0,0,3,0,0,0,18,9,5,0,0,0,30,0,0,0,0,0,0,3,0,0,4,0,0,0,0,0,0,0,0,0,0,0,0,0,0,0,0,0,0,0,0,0,0,0,9,0,0,0,0,0,10,0,0,0,0,4,18,15,12,10,59,0,19,36,111,80,88,36,23,4,401,0,0,0,3,3,4,3,0,0,13,0,5,8,4,3,0,0,0,0,23,0,3,13,15,28,10,0,0,0,70,3,16,15,38,8,5,0,0,0,92,0,0,0,7,0,4,0,3,0,7,0,0,0,10,6,16,21,4,3,62,0,3,0,5,12,4,0,0,0,26,0,18,25,35,20,21,13,4,0,132
SED30083,0,0,3,10,4,5,0,3,3,35,0,3,0,0,0,5,6,5,5,31,0,4,4,0,0,0,0,0,0,14,4,10,7,43,0,0,0,0,0,65,0,0,0,0,0,0,0,0,0,3,6,7,6,26,13,4,0,0,0,60,0,0,0,3,0,0,0,0,0,10,0,0,0,3,0,3,0,0,0,6,0,0,0,0,0,0,0,0,0,0,0,8,9,55,3,0,0,0,0,78,0,0,0,8,7,11,19,19,3,64,3,38,38,122,66,57,37,15,7,376,0,0,0,3,4,0,3,5,3,18,4,9,13,35,8,0,0,0,0,65,0,0,14,22,12,4,0,0,0,55,3,20,29,72,31,6,0,0,0,155,0,0,0,3,0,0,0,0,0,4,0,0,0,3,13,12,16,15,7,66,3,9,3,22,3,4,0,0,0,44,3,13,29,65,37,20,6,6,0,187
SED30084,0,8,0,33,12,8,7,0,3,68,0,3,5,18,6,5,12,22,12,83,0,3,5,3,3,0,0,0,0,11,0,0,3,33,3,0,0,0,0,42,0,0,0,0,0,0,0,0,0,0,4,0,3,14,19,9,3,0,0,54,0,0,0,0,0,0,5,3,0,9,0,0,0,7,3,0,0,0,0,7,0,0,0,0,0,0,0,0,0,3,0,5,0,17,0,0,0,0,0,22,0,3,0,10,4,15,14,5,3,46,9,20,45,196,127,151,78,34,7,668,0,0,0,9,3,3,6,0,3,26,0,0,0,7,0,0,0,0,0,9,0,4,21,40,25,10,5,0,0,110,4,31,27,58,30,3,3,0,0,161,0,0,4,5,3,8,3,0,0,22,0,3,3,23,19,15,22,16,3,109,0,0,3,8,4,3,0,0,0,18,0,11,30,45,19,19,4,6,0,138
SED30085,0,0,0,17,3,0,9,0,3,34,0,0,0,0,0,3,0,0,0,4,0,0,0,0,0,0,0,0,0,0,0,0,0,7,0,0,0,0,0,7,0,0,0,3,0,0,0,0,0,3,0,0,0,3,0,4,0,0,0,3,0,0,0,0,0,0,3,0,0,4,0,0,0,3,0,0,0,0,0,3,0,0,0,0,0,0,0,0,0,4,0,0,0,11,0,0,0,0,0,11,0,0,0,0,0,7,10,3,0,25,0,9,16,62,58,60,33,16,0,258,0,0,0,3,0,3,0,0,0,8,0,0,0,3,0,0,0,0,0,3,0,0,0,3,6,4,3,0,0,22,6,39,20,73,25,0,0,0,0,160,0,0,0,4,0,0,0,0,0,6,0,0,0,11,4,4,3,0,0,21,0,0,0,0,0,0,0,0,0,4,0,8,14,33,7,7,3,0,0,81
SED30086,0,3,4,22,8,8,9,4,3,65,0,0,4,0,3,8,10,11,6,40,0,3,3,6,5,0,6,0,0,19,0,3,17,28,12,6,0,0,0,74,0,0,0,18,4,6,3,0,0,38,0,0,5,23,15,11,9,5,0,71,0,0,0,0,0,7,10,4,0,17,0,0,0,4,0,4,7,0,0,15,0,5,13,17,11,3,3,4,0,67,0,0,0,5,0,0,0,0,0,5,0,0,0,5,3,20,37,24,7,96,41,328,490,980,415,297,150,61,17,2774,0,0,0,0,7,8,5,6,0,23,5,20,13,31,3,6,0,0,0,81,0,6,8,46,32,25,10,8,5,139,9,26,28,88,36,16,14,0,3,214,0,0,0,11,4,8,9,0,5,32,0,0,9,15,18,39,37,29,13,160,0,0,3,11,3,0,4,0,0,26,0,3,23,77,36,16,20,8,0,177
SED30087,0,4,4,27,3,4,6,0,0,55,0,3,5,14,3,6,16,12,4,66,0,0,13,7,0,0,0,0,0,22,0,0,4,18,0,0,0,0,0,28,0,0,0,3,0,0,0,0,0,3,0,0,3,16,5,0,3,0,0,24,0,0,0,0,3,11,24,16,0,50,0,0,0,3,0,0,0,0,0,5,0,0,0,3,3,0,0,0,0,7,0,3,3,10,0,0,0,0,0,15,0,0,0,3,10,8,29,17,0,71,9,79,85,342,196,189,105,20,0,1025,0,0,0,0,3,0,3,0,0,9,0,0,0,10,3,3,0,0,0,13,0,4,5,16,16,7,0,0,0,58,3,22,19,39,20,4,0,0,0,112,0,0,0,7,3,6,0,0,0,12,0,0,0,18,19,33,9,9,3,90,0,0,0,5,3,7,0,0,0,13,0,59,74,116,95,42,15,5,0,418
SED30088,0,0,0,5,0,3,6,3,0,22,0,0,0,0,5,3,5,10,3,34,0,0,0,3,3,0,0,0,0,4,3,9,18,83,18,7,3,0,0,140,0,0,4,24,11,11,9,6,0,65,27,35,15,40,16,10,11,4,0,147,0,0,0,0,0,3,3,3,0,9,0,0,0,0,0,0,0,0,0,4,3,44,105,282,70,28,22,0,0,555,0,0,0,3,0,0,0,0,0,7,0,0,0,4,6,8,25,11,0,59,68,460,621,1023,308,230,122,21,8,2862,0,0,0,3,0,0,3,0,0,11,9,40,42,147,21,20,7,0,0,285,0,14,16,41,38,33,14,9,0,162,3,18,38,108,37,23,6,0,0,233,0,0,0,10,3,6,9,0,0,31,0,0,0,9,18,14,19,8,3,77,0,0,3,15,3,4,0,0,0,32,0,15,16,34,32,23,11,0,0,135
SED30089,0,5,0,55,13,12,16,0,0,102,0,3,3,27,7,8,9,11,9,69,4,6,9,27,7,8,0,0,0,61,0,0,23,77,11,6,0,0,0,112,0,0,0,3,3,11,0,0,0,18,5,0,25,46,18,17,7,0,0,116,0,0,0,0,0,0,0,0,0,3,0,0,4,5,0,0,0,0,0,12,0,0,0,4,0,3,3,0,0,9,0,3,5,45,3,0,0,0,0,56,0,0,3,17,9,13,8,7,4,55,7,19,66,353,155,99,47,20,3,771,0,0,0,8,5,5,4,4,0,35,0,0,17,58,0,3,0,0,0,86,0,6,21,28,21,11,0,3,0,99,0,16,16,48,17,4,0,0,0,114,0,0,3,13,6,5,8,0,0,38,0,0,0,29,19,24,13,17,6,120,0,7,8,22,4,3,3,0,0,51,0,0,28,60,18,5,8,3,0,124
SED39494,0,0,6,12,0,0,0,0,0,15,0,0,19,19,3,0,0,0,0,43,0,0,4,5,0,0,0,0,0,11,0,0,3,18,3,0,0,0,0,25,0,0,0,0,0,0,0,0,0,0,0,0,4,8,3,0,0,0,0,17,0,0,0,0,0,3,0,0,0,5,0,0,0,0,0,0,0,0,0,0,0,0,0,3,0,0,0,0,0,3,0,0,4,3,0,0,0,0,0,6,0,0,4,9,4,5,23,3,0,46,0,5,15,80,46,74,67,10,0,300,0,0,0,4,0,0,3,0,0,9,0,0,0,6,0,0,0,0,0,9,0,0,0,7,7,3,0,0,0,23,3,0,4,6,0,0,0,0,0,15,0,0,0,8,0,0,0,0,0,6,0,0,3,13,3,11,13,4,0,46,0,0,0,0,0,0,0,0,0,7,0,0,3,17,10,0,3,0,0,33
SED39797,0,0,0,0,0,0,0,0,0,0,0,0,0,0,0,0,0,0,0,0,0,0,0,0,0,0,0,0,0,0,0,0,0,0,0,0,0,0,0,0,0,0,0,0,0,0,0,0,0,0,0,0,0,0,0,0,0,0,0,0,0,0,0,0,0,0,0,0,0,0,0,0,0,0,0,0,0,0,0,0,0,0,0,0,0,0,0,0,0,0,0,0,0,0,0,0,0,0,0,0,0,0,0,0,0,0,0,0,0,0,0,0,0,0,3,0,0,0,0,9,0,0,0,0,0,0,0,0,0,0,0,0,0,0,0,0,0,0,0,0,0,0,0,0,0,0,0,0,0,0,0,0,0,0,0,0,0,0,0,0,0,0,0,0,0,0,0,0,0,0,0,0,0,0,0,0,0,0,0,0,0,0,0,0,0,0,0,0,0,0,0,0,0,0,0,0,0,0,0,0
