SED_CODE_2016,Ireland_2011,Ireland_2012,Ireland_2013,Ireland_2014,Ireland_2015,Ireland_2016,Ireland_Yr_arrival_NS,Ireland_Tot,Italy_Before_1946,Italy_1946_1955,Italy_1956_1965,Italy_1966_1975,Italy_1976_1985,Italy_1986_1995,Italy_1996_2005,Italy_2006_2010,Italy_2011,Italy_2012,Italy_2013,Italy_2014,Italy_2015,Italy_2016,Italy_Yr_arrival_NS,Italy_Tot,Japan_Before_1946,Japan_1946_1955,Japan_1956_1965,Japan_1966_1975,Japan_1976_1985,Japan_1986_1995,Japan_1996_2005,Japan_2006_2010,Japan_2011,Japan_2012,Japan_2013,Japan_2014,Japan_2015,Japan_2016,Japan_Yr_arrival_NS,Japan_Tot,Korea_Rep_Sth_Before_1946,Korea_Rep_Sth_1946_1955,Korea_Rep_Sth_1956_1965,Korea_Rep_Sth_1966_1975,Korea_Rep_Sth_1976_1985,Korea_Rep_Sth_1986_1995,Korea_Rep_Sth_1996_2005,Korea_Rep_Sth_2006_2010,Korea_Republic_South_2011,Korea_Republic_South_2012,Korea_Republic_South_2013,Korea_Republic_South_2014,Korea_Republic_South_2015,Korea_Republic_South_2016,Korea_Repub_Sth_arrival_ns,Korea_Republic_South_Tot,Lebanon_Before_1946,Lebanon_1946_1955,Lebanon_1956_1965,Lebanon_1966_1975,Lebanon_1976_1985,Lebanon_1986_1995,Lebanon_1996_2005,Lebanon_2006_2010,Lebanon_2011,Lebanon_2012,Lebanon_2013,Lebanon_2014,Lebanon_2015,Lebanon_2016,Lebanon_Yr_arrival_NS,Lebanon_Tot,Malaysia_Before_1946,Malaysia_1946_1955,Malaysia_1956_1965,Malaysia_1966_1975,Malaysia_1976_1985,Malaysia_1986_1995,Malaysia_1996_2005,Malaysia_2006_2010,Malaysia_2011,Malaysia_2012,Malaysia_2013,Malaysia_2014,Malaysia_2015,Malaysia_2016,Malaysia_Yr_arrival_ns,Malaysia_Tot,Malta_Before_1946,Malta_1946_1955,Malta_1956_1965,Malta_1966_1975,Malta_1976_1985,Malta_1986_1995,Malta_1996_2005,Malta_2006_2010,Malta_2011,Malta_2012,Malta_2013,Malta_2014,Malta_2015,Malta_2016,Malta_Yr_arrival_NS,Malta_Tot,Netherlands_Before_1946,Netherlands_1946_1955,Netherlands_1956_1965,Netherlands_1966_1975,Netherlands_1976_1985,Netherlands_1986_1995,Netherlands_1996_2005,Netherlands_2006_2010,Netherlands_2011,Netherlands_2012,Netherlands_2013,Netherlands_2014,Netherlands_2015,Netherlands_2016,Netherlands_Yr_arrival_ns,Netherlands_Tot,New_Zealand_Before_1946,New_Zealand_1946_1955,New_Zealand_1956_1965,New_Zealand_1966_1975,New_Zealand_1976_1985,New_Zealand_1986_1995,New_Zealand_1996_2005,New_Zealand_2006_2010,New_Zealand_2011,New_Zealand_2012,New_Zealand_2013,New_Zealand_2014,New_Zealand_2015,New_Zealand_2016,New_Zealand_Yr_arrival_ns,New_Zealand_Tot,Pakistan_Before_1946,Pakistan_1946_1955,Pakistan_1956_1965,Pakistan_1966_1975,Pakistan_1976_1985,Pakistan_1986_1995,Pakistan_1996_2005,Pakistan_2006_2010,Pakistan_2011,Pakistan_2012,Pakistan_2013,Pakistan_2014,Pakistan_2015,Pakistan_2016,Pakistan_Yr_arrival_NS,Pakistan_Tot,Philippines_Before_1946,Philippines_1946_1955,Philippines_1956_1965,Philippines_1966_1975,Philippines_1976_1985,Philippines_1986_1995,Philippines_1996_2005,Philippines_2006_2010,Philippines_2011,Philippines_2012,Philippines_2013,Philippines_2014,Philippines_2015,Philippines_2016,Philippines_Yr_arrival_ns,Philippines_Tot,Poland_Before_1946,Poland_1946_1955,Poland_1956_1965,Poland_1966_1975,Poland_1976_1985,Poland_1986_1995,Poland_1996_2005,Poland_2006_2010,Poland_2011,Poland_2012,Poland_2013,Poland_2014,Poland_2015,Poland_2016,Poland_Yr_arrival_NS,Poland_Tot,Singapore_Before_1946,Singapore_1946_1955,Singapore_1956_1965,Singapore_1966_1975,Singapore_1976_1985,Singapore_1986_1995,Singapore_1996_2005,Singapore_2006_2010,Singapore_2011,Singapore_2012,Singapore_2013,Singapore_2014,Singapore_2015,Singapore_2016,Singapore_Yr_arrival_ns,Singapore_Tot
SED30001,3,8,8,0,0,0,0,131,0,20,28,35,3,3,4,0,0,0,0,0,0,0,4,106,0,3,0,0,5,40,71,29,7,7,0,3,4,0,8,173,0,0,0,0,5,20,68,90,5,0,5,9,12,3,9,221,0,0,3,3,3,4,0,0,0,0,0,0,0,3,0,21,0,0,9,17,25,17,21,26,5,8,10,7,4,0,10,146,0,9,13,8,7,0,0,3,0,3,0,0,0,0,0,37,0,38,51,25,21,10,22,11,3,0,0,0,0,0,3,179,0,0,37,170,654,1005,1748,1823,417,404,269,211,176,97,269,7276,0,0,0,0,4,0,13,3,6,3,0,0,0,0,0,35,0,0,0,8,58,77,93,88,15,12,15,21,17,14,16,425,0,0,5,10,22,20,8,16,3,0,4,8,0,0,3,95,0,0,0,8,5,6,41,20,3,0,0,0,0,0,3,93
SED30002,11,7,6,4,0,0,0,94,0,24,35,23,0,4,3,5,0,0,0,0,0,0,7,105,0,0,0,0,4,23,28,13,3,0,0,0,4,0,3,82,0,0,0,0,6,29,78,112,19,12,7,5,10,3,0,279,0,0,0,3,3,6,0,0,0,0,0,0,0,0,0,16,0,0,4,15,34,85,102,82,24,9,3,12,3,3,17,383,0,10,4,3,0,0,0,0,0,0,0,0,0,0,3,20,0,49,48,20,11,10,8,9,0,0,0,0,0,0,3,160,0,4,13,77,341,523,916,862,146,201,166,121,106,43,125,3654,0,0,0,5,6,7,72,42,7,15,8,11,7,4,5,176,0,0,3,14,63,192,147,205,18,24,16,20,25,13,17,760,0,6,7,5,24,28,8,7,0,0,0,0,3,0,7,88,0,0,3,14,7,15,35,26,0,7,3,0,3,0,3,122
SED30003,15,12,3,7,0,3,0,222,0,29,41,32,5,7,26,6,0,3,0,0,0,3,4,158,0,3,0,3,10,13,32,11,6,5,3,0,4,4,3,112,0,0,0,0,0,11,27,24,5,4,10,4,3,6,4,91,0,0,0,0,0,6,0,0,0,0,0,0,0,0,0,6,0,0,7,25,28,22,16,12,4,4,3,3,3,0,3,132,0,10,3,0,0,3,0,0,0,0,0,0,0,0,0,13,0,27,16,8,16,7,16,12,0,6,3,0,3,3,5,131,3,4,11,109,206,236,279,201,36,36,42,33,20,4,39,1248,0,0,0,0,0,0,3,3,0,0,0,0,4,0,0,19,0,0,3,4,18,46,35,34,6,0,7,11,5,4,0,174,0,8,5,5,26,21,8,10,0,0,0,0,0,3,0,91,3,0,0,12,9,9,28,17,4,3,3,4,4,0,4,111
SED30004,6,3,3,0,6,0,7,110,3,125,184,66,10,7,14,3,3,0,4,5,7,0,31,474,0,0,0,0,4,18,22,13,3,0,3,0,5,3,3,79,0,0,0,0,0,7,20,60,3,6,3,3,3,10,0,115,0,0,0,0,3,0,0,3,0,0,0,3,0,0,0,12,0,0,8,21,45,39,45,43,5,3,3,3,4,0,14,236,0,3,5,3,0,0,3,0,0,0,0,0,0,0,3,17,0,29,29,10,8,8,5,8,0,0,3,0,0,0,0,102,3,8,15,93,242,270,435,283,82,72,43,48,25,12,47,1678,0,0,0,0,0,0,16,12,4,3,3,0,0,0,0,56,0,0,0,5,61,141,103,170,29,19,21,26,10,6,11,597,0,4,9,4,11,15,3,4,0,0,3,3,0,0,0,61,0,0,3,8,10,5,18,15,0,5,0,4,3,0,0,84
SED30005,5,3,14,0,3,4,0,176,8,33,52,16,4,6,16,20,3,9,10,3,8,0,11,188,0,0,0,3,12,83,195,102,26,19,9,10,3,7,26,493,0,0,0,0,6,15,23,59,13,10,4,3,12,5,8,166,0,0,0,0,4,4,0,0,0,0,0,0,0,0,0,8,0,0,10,27,26,23,19,18,0,3,0,0,0,5,3,132,0,11,9,0,4,0,0,0,0,0,0,0,0,0,0,26,0,38,63,36,39,24,40,29,5,5,9,3,3,0,3,295,0,3,44,188,405,407,431,269,75,66,43,28,28,21,52,2055,0,0,0,0,0,0,12,9,0,8,4,0,0,0,0,35,0,0,7,5,37,75,72,72,11,17,28,23,12,11,10,374,0,3,4,3,27,13,14,11,4,3,0,0,3,0,0,84,0,0,7,12,9,8,14,3,0,3,3,3,0,0,0,58
SED30006,3,5,0,0,0,0,6,85,0,14,11,9,3,0,0,0,0,0,0,0,0,3,0,47,0,0,4,0,6,13,25,3,6,3,0,0,3,5,8,67,0,0,0,0,5,7,17,14,0,0,3,0,23,19,14,102,0,0,0,6,0,0,0,0,0,0,0,0,0,0,0,5,0,0,11,15,8,4,4,3,0,0,0,4,4,3,3,67,0,7,9,8,4,0,0,0,0,0,0,0,0,0,0,22,0,63,54,31,40,12,22,16,5,0,0,0,3,0,8,267,3,12,34,165,486,518,570,293,57,38,43,31,15,12,91,2373,0,0,0,0,0,0,3,6,3,3,0,0,0,0,0,19,0,0,0,7,19,25,24,33,7,5,7,9,10,5,16,167,0,0,0,0,22,12,6,8,0,0,0,0,0,0,0,42,0,0,0,3,3,7,17,3,0,0,0,0,0,0,3,33
SED30007,36,27,19,14,18,15,8,331,9,88,145,62,8,15,12,16,11,20,36,48,44,30,35,577,0,0,3,0,14,25,81,65,14,22,39,58,85,114,98,618,0,0,0,4,11,43,155,232,68,100,102,130,170,215,208,1440,0,0,0,3,0,0,5,4,3,0,0,0,3,3,0,23,0,0,10,20,35,60,58,84,14,25,35,56,68,60,20,549,0,3,3,3,0,0,0,0,0,0,3,0,0,3,0,12,0,14,11,5,19,7,19,9,4,5,3,3,9,10,5,121,0,9,23,91,265,321,410,276,85,87,84,61,70,40,62,1898,0,0,0,0,3,0,9,15,7,7,6,14,17,17,0,96,0,0,0,4,39,99,67,115,16,21,32,39,59,40,14,548,0,6,3,3,34,26,15,8,3,4,3,4,7,3,4,132,0,0,3,7,20,32,50,39,12,15,22,43,36,52,17,333
SED30008,6,5,8,5,3,0,3,143,3,40,38,30,6,5,5,16,3,3,3,3,0,3,4,168,0,3,3,4,0,62,106,48,13,8,8,6,16,8,7,303,0,0,0,0,3,20,40,52,10,10,3,10,13,5,9,172,0,0,3,5,6,0,5,0,0,0,0,0,0,0,3,28,0,0,6,11,21,31,20,15,3,8,0,3,3,0,6,123,0,27,21,10,0,0,0,0,0,0,0,0,0,0,3,68,0,58,53,25,11,12,21,5,0,3,0,0,0,0,7,206,6,10,65,212,625,833,993,704,186,138,145,110,81,53,150,4312,0,0,0,4,4,0,21,13,13,4,9,12,9,9,7,106,0,0,3,9,65,107,94,87,16,23,18,18,21,11,16,483,0,12,10,7,25,11,11,13,0,0,0,0,4,0,3,89,0,0,0,12,13,14,16,12,3,0,3,4,0,0,3,79
SED30009,7,0,8,0,6,0,8,140,0,16,23,12,3,4,6,5,0,0,0,3,0,3,8,93,0,3,0,0,4,4,19,4,0,3,3,3,0,3,0,49,0,0,0,0,3,8,9,16,9,6,13,16,22,11,4,116,0,0,0,4,0,0,3,0,0,0,0,0,0,0,0,10,0,0,11,13,18,7,13,8,3,3,0,4,0,0,0,86,0,11,11,0,0,0,0,0,0,0,0,0,0,0,0,23,3,47,37,30,27,6,10,8,0,3,0,3,10,0,4,185,4,10,58,171,409,434,617,411,112,82,57,41,26,11,75,2514,0,0,0,0,0,0,0,12,4,3,0,0,0,0,3,21,0,0,0,6,20,43,23,26,4,6,5,16,20,4,4,180,0,3,9,6,9,16,5,3,0,0,3,0,0,0,3,60,0,0,3,10,14,0,11,0,3,0,0,0,0,0,0,40
SED30010,66,41,29,25,27,5,10,481,4,22,34,26,0,9,9,7,0,0,8,4,11,3,10,151,0,0,0,0,5,9,41,29,3,0,8,8,12,11,16,142,0,0,0,0,4,16,41,42,11,15,17,21,35,30,34,271,0,0,0,3,4,9,3,3,3,0,0,0,0,0,0,28,0,0,8,23,29,17,41,32,6,4,17,12,3,0,6,195,0,6,3,3,0,0,0,0,0,0,0,0,0,0,0,17,0,24,15,3,4,3,10,14,0,4,10,10,7,6,0,121,3,3,22,103,291,378,443,366,86,72,61,65,73,28,50,2036,0,0,0,3,0,0,6,3,7,0,0,0,0,0,0,18,0,0,0,3,43,101,49,63,11,15,12,14,16,10,9,339,0,10,3,7,22,11,13,6,0,7,3,5,0,3,0,95,0,0,0,3,4,11,22,20,0,4,6,0,4,0,3,78
SED30011,0,3,0,4,3,3,4,46,4,44,50,20,0,0,0,0,0,0,0,3,7,20,18,179,0,0,0,0,0,0,6,3,0,0,0,4,13,4,29,58,0,0,0,0,0,4,14,19,3,14,4,3,18,17,20,126,0,0,0,0,0,0,0,0,0,0,0,0,0,0,0,0,0,0,3,5,4,6,0,6,0,3,3,0,8,3,6,54,0,14,9,0,0,0,0,0,0,0,0,0,0,0,0,24,0,45,29,11,13,3,7,0,0,0,0,0,0,0,4,125,3,9,23,86,179,136,92,89,11,3,10,4,6,3,36,681,0,0,0,0,0,0,0,7,0,3,4,3,0,0,0,18,0,0,0,3,47,75,57,65,9,13,23,27,18,8,10,355,0,3,4,0,0,0,0,0,0,0,0,0,0,0,0,14,0,0,0,0,0,0,6,0,0,0,0,0,4,0,4,17
SED30012,12,18,0,0,0,0,0,144,0,12,7,12,0,0,9,0,0,0,0,0,0,0,11,46,0,0,0,0,0,3,15,19,0,4,0,3,0,3,5,54,0,0,0,0,0,12,26,51,7,5,8,7,5,0,9,128,0,0,0,0,0,5,4,0,0,0,0,0,0,0,0,8,0,0,9,24,30,30,41,28,10,9,4,13,8,8,3,217,0,15,11,4,3,0,3,3,0,0,0,0,0,0,0,42,0,57,77,54,19,9,8,8,4,0,0,0,0,0,6,240,0,3,16,115,392,814,1601,1655,443,517,465,330,282,126,244,6997,0,0,0,0,0,0,9,33,9,5,9,0,8,0,3,83,0,0,0,0,65,176,179,358,45,72,44,52,73,17,33,1110,0,11,0,5,34,29,16,11,3,3,3,0,0,0,0,117,0,0,0,13,6,8,33,26,3,5,7,3,0,0,3,108
SED30013,3,14,0,0,0,6,5,59,12,150,133,28,14,0,0,0,0,0,0,0,9,12,32,393,0,0,0,0,0,3,8,3,0,0,0,4,19,13,33,87,0,0,0,0,0,3,30,36,5,4,0,19,52,18,81,243,0,0,0,0,4,0,0,0,0,0,0,0,0,0,0,5,0,0,10,15,8,4,12,15,0,9,5,10,0,0,7,85,0,3,3,5,0,5,0,0,0,0,0,0,0,0,0,18,0,21,14,8,9,3,7,10,0,0,0,3,0,0,3,73,0,4,20,103,139,151,166,57,39,11,5,15,0,3,39,758,0,0,0,0,0,0,0,6,0,0,0,0,0,0,0,7,0,0,0,0,26,57,50,67,13,15,26,15,21,0,16,313,0,0,0,3,5,0,0,0,0,0,0,0,0,0,0,11,0,0,0,4,0,4,6,0,0,3,0,0,0,0,0,20
SED30014,4,0,3,0,3,0,3,126,0,31,29,20,9,3,5,10,0,0,0,3,3,0,4,113,0,3,0,4,5,42,107,58,20,8,21,9,9,0,11,294,0,0,0,0,5,5,16,30,10,0,17,3,6,3,4,100,0,0,0,5,3,4,0,0,0,0,0,0,0,0,0,22,0,3,7,15,7,16,24,13,4,0,0,4,0,0,3,97,0,30,23,7,5,0,0,0,0,0,0,0,0,0,3,66,0,49,30,16,6,9,16,7,0,0,0,4,0,0,4,148,3,9,26,161,462,526,884,482,132,92,65,44,52,27,98,3067,0,0,0,0,0,0,3,0,0,0,0,0,0,0,0,3,0,0,3,8,35,76,47,25,3,23,3,6,13,19,4,275,0,15,9,4,23,8,15,12,0,3,3,0,0,0,0,95,0,0,3,14,7,8,14,0,0,0,0,3,0,0,4,47
SED30015,0,0,0,3,0,0,3,75,0,35,38,15,5,0,3,3,3,0,0,0,0,0,5,113,0,0,0,0,0,0,10,4,0,0,0,4,0,0,4,20,0,0,0,0,0,0,7,6,0,0,3,0,0,5,5,42,0,0,0,0,0,0,0,0,0,0,0,0,0,0,0,3,0,0,10,5,9,7,5,9,0,0,0,0,0,0,0,51,0,20,14,9,3,0,0,0,0,0,0,0,0,0,0,51,0,83,71,15,24,8,21,6,0,3,0,3,0,0,6,240,0,4,27,138,318,239,185,111,26,23,29,9,22,8,51,1193,0,0,0,0,0,0,0,0,0,0,0,0,3,0,0,6,0,0,0,4,49,51,39,27,5,3,3,14,17,3,6,207,0,3,0,0,5,0,0,0,0,0,0,0,3,0,0,15,0,0,4,5,5,0,0,4,0,0,0,0,0,0,0,15
SED30016,6,0,8,4,10,4,9,128,9,53,84,23,7,4,16,19,5,12,17,8,18,3,24,310,0,3,0,11,10,134,361,230,35,36,31,40,31,36,80,1030,0,0,0,0,7,11,98,177,42,56,64,45,47,79,68,692,0,0,0,0,0,0,0,0,0,0,0,0,0,0,0,4,0,0,12,18,25,15,11,12,0,0,7,9,8,3,3,136,0,7,5,0,0,3,0,0,0,0,0,0,0,3,0,27,0,27,32,15,14,12,19,22,7,5,0,0,3,3,4,165,4,5,44,163,363,370,328,226,56,45,33,35,32,34,85,1815,0,0,0,0,0,0,3,4,6,0,4,3,3,3,3,26,0,0,0,11,102,192,205,254,62,61,48,57,41,27,27,1087,0,7,3,0,21,11,11,6,0,0,0,0,0,0,0,62,0,0,4,8,10,16,3,10,5,0,3,0,6,0,0,64
SED30017,4,3,3,3,0,0,0,55,0,6,11,3,0,0,0,0,3,0,0,0,7,5,5,49,0,0,0,0,0,0,0,3,0,0,0,0,4,5,3,15,0,0,0,0,0,0,4,5,0,4,0,9,37,9,7,82,0,0,0,0,0,0,0,0,0,0,0,0,0,0,0,0,0,0,5,3,0,3,3,0,0,0,0,0,3,0,3,28,0,0,6,3,0,0,0,0,0,0,0,0,0,0,0,12,0,41,30,25,9,4,11,0,0,0,0,0,0,0,10,128,0,0,16,109,205,132,147,87,7,25,16,5,3,7,53,816,0,0,0,0,0,3,0,3,3,4,0,0,0,0,0,12,0,0,0,0,29,52,36,70,18,34,28,30,21,4,18,339,0,6,3,0,0,3,0,0,0,0,0,0,0,0,0,17,0,0,0,0,0,0,0,0,0,0,0,0,0,0,0,7
SED30018,0,12,0,3,0,0,3,130,0,29,19,18,0,0,0,5,0,3,0,0,0,0,5,89,0,0,0,0,0,9,21,11,3,0,0,0,0,3,9,56,0,0,0,0,0,4,6,4,5,0,3,0,6,3,3,31,0,0,0,3,4,0,0,0,0,0,0,0,0,0,0,8,0,0,5,14,9,10,5,3,0,0,0,3,3,0,8,66,0,11,7,3,3,0,0,0,0,0,0,0,0,0,0,29,0,57,49,20,17,11,15,24,3,0,3,0,3,3,5,212,0,5,35,183,370,409,542,400,74,60,57,34,38,23,71,2317,0,0,0,0,0,0,0,0,0,0,0,0,0,0,0,0,0,0,0,4,17,24,22,38,15,11,15,18,12,3,7,185,0,9,0,3,20,0,3,8,0,5,0,0,0,0,0,40,0,0,10,3,6,5,5,0,0,0,0,0,0,0,0,34
SED30019,10,3,0,0,3,0,3,130,0,31,26,14,3,3,9,3,0,0,0,0,0,0,0,92,0,0,0,0,3,5,13,11,0,0,0,0,3,0,4,38,0,0,0,0,0,3,10,20,0,0,0,0,4,0,0,37,0,0,0,4,3,0,0,0,0,0,0,0,0,0,0,13,0,0,3,16,24,7,8,13,3,0,0,3,3,0,6,89,0,9,8,6,0,0,0,0,0,0,0,0,0,0,0,27,0,49,50,14,14,8,5,3,0,0,0,0,0,0,4,149,0,3,26,97,399,524,748,501,101,116,53,45,47,26,77,2770,0,0,0,0,0,0,3,0,0,8,0,0,0,0,0,11,0,0,3,5,39,83,58,119,18,7,10,8,12,3,9,379,0,6,4,0,26,23,3,3,0,0,0,0,0,0,0,68,0,0,5,5,6,8,7,3,0,0,0,0,0,0,0,39
SED30020,30,21,13,3,3,5,3,273,6,75,142,59,11,3,8,3,6,0,0,3,0,0,10,332,0,0,0,3,12,22,29,21,3,0,0,3,3,3,9,109,0,0,0,0,9,35,92,95,8,13,13,11,15,0,4,300,0,0,4,13,7,6,3,0,0,0,0,0,0,0,0,42,0,0,9,21,56,46,34,38,11,6,3,15,11,3,4,254,0,10,8,0,0,0,0,0,0,0,0,0,0,0,0,23,0,25,20,9,4,7,7,14,0,0,3,0,0,0,4,96,0,7,19,106,304,377,526,402,113,94,71,32,42,24,43,2154,0,0,0,5,3,0,4,17,0,3,0,0,0,0,0,37,0,0,0,9,56,108,68,62,12,15,13,3,9,3,12,368,0,5,7,0,15,16,3,4,3,0,0,0,3,0,0,65,0,0,3,3,16,24,40,21,3,4,4,0,3,3,5,136
SED30021,4,15,9,7,3,0,4,240,3,62,111,56,15,5,9,12,3,20,5,10,9,0,14,334,0,3,0,3,3,21,37,45,12,15,12,9,17,13,10,199,0,0,0,0,4,22,49,98,9,20,18,24,20,13,7,274,0,3,0,3,3,6,0,3,0,0,0,0,0,0,0,18,0,0,6,13,19,39,36,20,3,0,6,6,0,12,3,179,0,4,7,0,0,0,0,0,0,0,0,0,0,0,0,14,0,18,12,8,5,8,5,13,0,7,0,0,3,3,3,91,4,3,29,125,259,341,439,307,75,64,40,47,36,25,58,1857,0,0,0,0,0,3,3,10,3,3,0,14,11,6,4,55,0,0,0,7,38,96,56,94,19,33,29,13,15,14,17,421,0,5,0,0,13,16,10,8,3,0,0,0,5,0,0,65,0,0,4,14,15,6,22,13,3,13,7,6,0,3,3,103
SED30022,5,11,3,10,0,4,4,168,0,44,34,10,0,3,13,5,0,8,0,0,4,0,7,132,0,0,0,4,3,6,17,13,3,0,3,3,0,0,0,52,0,0,0,0,3,5,10,16,4,4,0,0,6,0,3,47,0,0,0,6,0,3,3,0,0,0,0,0,0,0,0,11,0,0,16,20,16,21,14,5,0,0,0,0,10,0,3,99,0,11,10,5,3,3,4,0,0,0,0,0,0,0,0,38,0,91,64,25,37,6,20,4,0,0,0,7,0,0,9,265,3,5,27,120,364,487,718,455,94,72,70,53,38,18,73,2601,0,0,0,0,0,3,7,3,0,0,0,0,0,0,0,11,0,0,0,3,31,26,30,66,3,8,11,6,10,9,7,203,0,13,5,0,26,10,12,8,0,0,0,0,0,0,3,85,0,0,10,8,3,8,14,5,3,7,0,0,0,0,5,65
SED30023,0,14,0,0,0,0,3,40,0,6,7,3,0,0,0,3,0,3,0,0,0,0,0,23,0,0,0,0,0,0,7,3,0,0,3,0,3,0,0,15,0,0,0,0,0,0,4,9,0,5,3,0,8,3,0,27,0,0,0,0,0,0,0,0,0,0,0,0,0,0,0,7,0,0,7,3,11,9,12,9,0,0,5,4,4,0,6,67,0,3,6,0,0,0,0,0,0,0,0,0,0,0,0,10,0,34,36,7,20,4,0,6,0,0,0,0,0,0,0,115,0,0,6,53,174,138,109,88,35,29,33,15,4,4,30,723,0,0,0,0,0,0,3,5,3,0,10,12,0,7,4,46,0,0,0,0,21,35,44,169,34,80,65,54,26,18,19,570,0,3,0,0,0,0,0,0,0,0,0,0,0,0,0,13,0,0,3,0,0,0,9,0,0,3,0,0,4,0,0,26
SED30024,3,3,0,0,5,0,0,69,4,128,254,77,8,6,7,6,0,7,8,11,7,0,43,559,0,0,0,0,0,9,17,15,4,4,4,3,3,8,25,105,0,0,0,0,0,0,5,11,4,3,5,12,11,8,28,82,0,0,0,0,0,0,0,0,0,0,0,0,0,0,0,0,0,0,5,9,9,3,3,9,0,0,3,3,3,0,3,49,0,3,3,0,0,0,0,0,0,0,0,0,0,0,0,11,0,33,32,20,14,11,22,4,4,4,0,3,0,3,3,139,3,3,21,119,183,171,173,115,37,34,22,14,16,9,48,979,0,0,0,0,0,0,0,0,0,0,0,0,0,0,0,4,0,0,0,3,24,31,36,72,16,4,12,17,14,14,12,255,0,0,0,0,9,4,3,3,0,3,0,0,0,0,0,33,0,0,0,5,0,0,5,0,0,0,0,0,0,0,0,21
SED30025,15,22,0,5,0,6,5,173,0,22,28,14,0,3,3,5,0,0,0,0,0,0,8,91,0,0,0,3,8,40,74,31,7,6,7,3,4,9,7,203,0,0,0,0,3,28,69,61,3,8,10,5,10,3,3,208,0,0,3,10,10,4,3,0,0,0,0,0,0,0,0,31,0,0,10,20,24,17,35,26,7,4,3,3,11,0,6,167,0,26,13,12,4,6,0,0,0,0,0,0,0,0,0,63,0,80,63,25,29,13,15,19,0,0,3,0,3,0,7,255,0,10,51,210,659,955,1703,1699,360,465,316,284,178,117,271,7270,0,0,0,0,0,3,8,8,3,9,6,0,0,3,0,47,0,0,0,3,53,104,69,100,11,28,24,12,24,15,9,457,0,5,3,7,30,23,6,13,0,3,0,0,6,0,0,87,0,0,0,3,9,9,29,22,0,9,3,3,6,0,6,107
SED30026,0,3,0,0,3,0,6,129,0,27,20,19,4,3,5,9,0,0,3,0,0,3,11,108,0,0,0,0,3,22,76,46,10,9,6,9,0,4,10,206,0,0,0,0,0,6,5,8,0,0,0,3,0,0,0,27,0,5,4,3,0,0,0,0,0,0,0,0,0,0,0,13,0,0,8,23,9,10,6,0,0,0,0,0,4,0,0,66,0,17,15,3,0,0,0,0,0,0,0,0,0,0,4,35,0,58,55,9,7,6,13,6,0,5,0,0,0,0,6,174,3,11,41,160,420,462,509,300,69,56,45,30,23,36,93,2261,0,0,0,0,0,0,0,0,0,0,0,0,0,0,0,6,0,0,3,6,22,38,32,39,5,5,15,14,22,4,9,216,0,5,5,8,19,4,7,0,7,0,0,3,0,0,0,57,0,0,0,8,10,3,4,5,3,0,0,0,0,0,5,40
SED30027,0,8,0,0,3,0,0,61,9,69,74,30,0,3,3,9,0,0,0,5,9,5,13,232,0,0,0,0,0,3,14,7,4,3,3,3,3,0,6,43,0,0,0,0,4,0,0,3,3,0,0,3,3,0,0,21,0,0,0,0,0,0,0,0,0,0,0,0,0,0,0,3,0,0,7,8,4,3,6,3,0,0,0,0,0,0,4,34,0,5,3,3,0,0,0,0,0,0,0,0,0,0,3,14,0,40,29,23,14,4,4,8,3,0,0,0,4,0,3,135,3,10,28,152,241,161,176,133,31,27,12,16,10,7,43,1062,0,0,0,0,0,0,6,0,0,0,6,3,0,0,0,17,0,0,0,3,38,46,25,78,22,20,14,29,28,15,22,355,0,4,3,0,3,4,0,4,0,0,0,0,0,0,0,17,0,0,0,3,3,0,0,0,0,0,0,0,0,0,0,16
SED30028,7,3,7,7,0,0,3,198,5,41,68,36,6,3,11,3,0,3,0,13,0,3,3,204,0,3,3,0,0,7,34,19,0,0,0,0,3,4,5,79,0,0,0,0,0,3,22,11,0,5,0,0,0,3,0,46,0,0,0,3,4,0,4,0,0,0,0,0,0,0,0,14,0,0,12,21,16,18,22,9,0,0,0,0,0,0,4,107,0,6,4,0,0,0,0,0,0,0,0,0,0,0,0,14,0,26,30,14,7,6,12,3,0,10,0,0,0,0,4,120,0,8,14,75,254,288,354,179,50,61,38,20,22,15,38,1416,0,0,0,0,0,0,3,0,0,0,0,0,0,0,0,7,0,0,0,8,31,78,41,55,9,10,9,7,8,3,9,261,0,3,3,7,27,26,10,8,0,0,0,3,0,0,0,88,0,0,4,11,6,12,25,9,4,0,0,0,0,0,3,70
SED30029,0,8,3,3,0,0,0,139,0,20,28,18,5,4,6,3,0,3,0,3,3,0,0,90,0,0,0,3,3,13,29,10,4,0,0,0,0,7,0,63,0,0,0,0,0,4,10,20,3,0,0,0,0,0,0,36,0,0,0,0,0,0,0,0,0,0,0,0,0,0,0,5,0,0,16,30,20,16,16,10,3,0,0,0,4,0,3,114,0,5,3,0,0,0,0,0,0,0,0,0,0,0,0,9,0,25,23,11,20,10,28,13,0,0,6,0,3,0,3,149,0,10,34,89,265,258,273,182,30,28,10,12,10,3,24,1230,0,0,0,0,0,3,0,0,0,0,0,0,0,0,0,3,0,0,3,0,25,56,23,22,3,6,7,4,8,7,3,166,0,4,0,0,12,10,9,6,0,0,3,0,0,0,0,53,0,0,3,15,0,7,19,3,0,0,0,5,0,0,0,52
SED30030,7,5,0,8,0,0,4,105,0,27,38,15,5,5,7,0,0,0,0,0,0,0,9,114,0,0,0,3,14,96,113,44,8,4,9,11,3,0,8,309,0,0,0,0,19,40,89,59,4,9,10,3,3,4,5,244,0,0,3,18,9,3,0,0,0,0,0,0,0,0,0,34,0,0,5,24,25,22,25,27,0,5,5,0,3,0,3,144,0,11,18,8,0,0,0,0,0,0,0,0,0,0,0,37,0,46,48,18,26,15,21,7,0,3,0,0,0,0,3,174,6,8,31,176,627,960,1564,1230,299,222,126,143,89,65,179,5728,0,0,0,0,4,4,11,10,4,0,3,0,4,7,0,51,0,3,0,7,51,134,140,74,15,10,13,13,11,7,8,486,0,5,8,4,21,28,8,9,0,0,0,7,0,0,3,97,0,0,3,14,3,8,31,7,0,0,0,0,7,0,0,76
SED30031,10,20,0,7,4,0,4,102,0,7,6,9,0,3,0,8,0,4,0,3,7,3,3,58,0,0,0,0,0,3,4,0,0,0,0,0,0,0,3,11,0,0,0,0,0,3,10,8,0,3,6,0,5,3,3,37,0,0,0,0,0,0,0,0,0,0,0,0,0,0,0,3,0,0,5,12,10,11,3,8,3,3,13,8,6,3,7,88,0,6,0,0,0,0,0,0,0,0,0,0,0,0,0,7,0,33,23,15,5,0,11,7,0,0,0,0,0,0,4,99,0,3,11,101,316,290,397,420,125,127,136,63,38,19,65,2113,0,0,0,0,0,0,0,7,0,3,0,3,9,0,0,24,0,0,0,3,43,60,55,231,77,79,72,82,71,52,31,857,0,3,0,0,9,9,3,5,0,0,0,0,0,0,3,30,0,0,0,5,0,0,5,4,0,6,3,3,0,0,0,32
SED30032,7,3,6,0,5,0,10,108,3,28,20,16,5,0,3,0,0,0,0,3,0,0,8,97,0,0,0,0,0,4,10,13,0,4,0,0,5,15,9,68,0,0,0,0,0,0,9,3,8,5,10,4,21,25,16,91,0,0,0,0,0,0,0,0,0,0,0,0,0,0,3,4,3,0,11,11,11,4,7,3,0,0,0,0,0,0,10,70,0,12,7,0,0,0,0,3,0,0,0,0,0,0,0,30,0,65,40,23,44,6,17,17,0,3,4,0,0,3,4,230,3,5,50,177,441,416,368,231,49,46,27,29,7,8,115,1970,0,0,0,0,0,0,3,0,0,0,0,5,0,0,0,8,0,0,0,5,27,36,31,45,20,14,5,6,13,6,18,217,0,0,6,0,17,5,8,4,0,0,0,0,0,0,3,38,0,0,3,8,0,5,3,0,0,0,4,0,0,0,0,37
SED30033,17,13,10,12,11,0,3,197,3,40,56,21,8,3,7,7,0,3,5,0,0,0,18,173,0,0,0,4,3,23,66,36,4,8,3,6,10,3,5,172,0,0,0,0,3,25,58,67,4,11,20,3,10,14,0,212,0,0,7,13,9,7,3,0,0,0,0,0,0,0,3,35,0,0,10,13,26,37,32,31,3,10,6,15,3,0,4,201,0,0,5,0,0,0,0,0,0,0,0,0,0,0,0,5,0,22,19,11,11,3,9,5,0,3,0,0,0,3,3,92,0,3,21,85,241,271,310,190,68,47,37,33,16,17,35,1367,0,0,0,0,0,4,4,9,13,11,18,0,8,4,0,79,0,0,0,3,31,64,51,42,22,7,11,21,16,6,13,293,0,6,3,4,25,16,5,8,0,0,0,0,0,0,4,67,0,0,0,11,16,13,30,13,3,5,7,4,4,0,8,105
SED30034,14,11,0,0,0,0,0,59,0,3,0,0,0,0,0,0,0,0,0,3,0,0,3,14,0,0,0,0,0,0,4,0,0,0,0,0,0,0,0,8,0,0,0,0,0,0,9,5,0,3,0,0,4,3,11,36,0,0,0,0,0,0,0,0,0,0,0,0,0,0,0,0,0,0,3,6,0,0,3,0,0,0,0,0,0,0,0,17,0,0,0,0,0,0,0,0,0,0,0,0,0,0,0,0,0,18,15,7,5,3,3,4,0,0,0,0,0,0,7,48,0,3,7,63,179,205,247,231,119,60,32,23,9,3,49,1235,0,0,0,0,0,0,0,0,3,0,0,0,7,0,0,13,0,0,0,0,18,21,28,132,30,36,47,30,14,4,11,386,0,0,0,0,0,3,0,3,0,0,0,0,0,0,0,9,0,0,0,0,0,3,0,0,0,0,0,0,0,0,0,7
SED30035,3,0,0,0,0,0,3,41,0,10,11,10,3,4,0,4,0,0,0,0,0,0,3,46,0,0,0,0,0,3,3,3,0,0,0,5,0,0,0,21,0,0,0,0,0,0,0,3,0,0,0,0,3,0,0,15,0,0,0,0,0,0,0,0,0,0,0,0,0,0,0,3,3,0,6,14,8,3,4,3,0,3,0,0,0,0,4,49,0,11,4,0,0,0,0,0,0,0,0,0,0,0,0,16,0,58,52,26,14,11,9,12,0,0,0,0,0,0,4,197,0,8,32,154,315,222,196,77,16,22,14,6,12,4,46,1114,0,0,0,0,0,0,0,0,0,0,0,0,0,0,0,6,0,0,0,0,25,51,51,46,13,5,14,8,8,8,9,234,0,4,3,0,12,0,4,0,0,0,0,0,0,0,0,19,0,0,0,8,3,0,5,0,0,0,0,0,3,0,3,26
SED30036,0,0,0,3,0,3,4,87,0,15,18,30,7,3,16,7,0,0,0,7,0,0,3,98,0,0,3,0,0,3,11,3,4,0,0,0,0,0,0,19,0,0,0,0,0,0,6,3,0,0,0,0,0,3,0,17,0,0,0,0,0,0,0,0,0,0,0,0,0,0,3,4,0,0,3,21,10,14,6,8,0,0,0,3,0,4,4,80,0,22,23,17,0,0,0,0,0,0,0,0,0,0,3,63,0,110,77,38,24,5,13,5,0,0,0,0,0,0,13,282,3,7,43,169,382,395,399,218,34,43,23,26,21,12,62,1839,0,0,0,0,0,0,11,14,3,7,3,0,0,0,0,40,0,0,5,8,59,67,62,52,3,5,18,8,12,5,15,317,0,8,8,4,14,4,0,3,0,3,0,0,0,0,0,41,0,0,0,3,7,3,4,3,4,0,0,0,0,0,3,30
SED30037,8,9,0,0,5,4,3,83,43,225,185,16,4,4,3,4,0,0,0,8,7,3,26,527,0,0,0,0,0,0,8,5,0,0,3,6,19,3,6,58,0,0,0,0,3,0,9,8,3,0,0,3,11,3,10,43,0,0,0,0,0,0,0,0,0,0,0,0,0,0,0,0,0,0,8,9,10,5,3,3,3,0,0,0,4,0,4,48,0,32,10,3,0,0,0,0,0,0,0,0,0,0,0,49,0,41,31,13,11,6,16,10,0,0,0,0,0,4,3,138,0,0,31,113,243,207,198,124,32,35,32,12,18,6,40,1090,0,0,0,0,0,0,0,5,0,3,0,0,0,0,0,11,0,0,0,4,33,56,40,84,15,24,8,24,40,11,19,357,0,0,3,5,3,0,4,0,0,0,0,0,0,0,0,13,0,0,3,4,3,7,0,0,0,0,0,0,0,0,0,16
SED30038,0,3,0,0,0,0,4,84,3,21,30,21,0,5,6,0,0,3,4,0,0,0,8,105,0,0,0,0,3,6,25,15,0,0,4,0,0,0,7,70,0,0,0,0,3,7,34,46,7,0,3,3,8,0,0,111,0,0,3,14,4,3,0,0,0,0,0,0,0,0,0,37,0,0,6,16,22,39,30,11,0,0,14,3,4,5,16,164,0,15,17,5,3,0,0,3,0,0,0,0,0,0,0,37,0,44,44,18,25,8,13,4,0,0,0,3,0,0,8,166,0,3,5,68,229,396,791,564,149,153,137,96,83,28,286,2985,0,0,0,0,0,4,14,23,0,3,8,6,7,0,0,69,0,0,0,3,66,152,140,200,39,41,28,39,25,16,23,782,0,15,6,6,37,27,4,0,0,0,0,3,0,0,6,115,0,0,7,8,10,9,9,6,0,0,0,0,0,0,6,53
SED30039,14,7,5,4,3,0,4,139,3,9,8,4,4,6,5,15,3,0,4,6,7,11,3,95,0,0,0,8,8,32,88,37,7,18,18,24,41,17,14,314,0,0,0,3,5,27,95,71,29,29,45,27,25,34,17,409,0,0,0,0,0,5,0,0,0,0,4,0,3,0,0,14,0,0,10,33,52,61,53,101,21,35,64,176,247,201,17,1087,0,0,0,0,0,0,0,0,0,0,0,0,0,0,0,3,0,20,20,3,11,7,29,19,3,4,3,4,3,3,6,133,3,9,19,87,174,172,253,156,29,21,26,36,19,28,32,1065,0,0,0,0,3,9,6,16,0,11,9,22,13,24,9,136,0,0,0,8,19,29,29,56,13,10,28,9,14,12,8,240,0,4,3,0,17,14,5,10,0,0,4,0,11,0,0,78,0,0,0,13,11,21,74,57,20,25,48,98,144,148,23,688
SED30040,0,0,0,3,0,0,3,69,0,9,4,5,0,0,0,0,0,0,0,3,0,0,0,27,0,0,0,0,0,3,15,7,0,3,0,3,0,0,0,38,0,0,0,0,0,0,5,9,0,0,0,0,3,0,0,27,0,0,0,3,0,0,0,0,0,0,0,0,0,0,0,3,0,0,12,36,27,14,4,5,0,0,0,0,0,0,3,111,0,16,8,3,3,0,0,0,0,0,0,0,0,0,0,31,0,48,54,19,12,5,4,0,0,0,0,0,0,0,3,152,0,0,9,70,225,274,380,302,78,109,39,56,27,19,84,1669,0,0,0,0,0,3,15,7,0,3,0,0,0,0,0,30,0,0,3,0,38,39,38,105,20,21,8,12,8,10,14,320,0,3,0,3,7,8,7,0,0,0,0,0,0,0,0,29,0,0,3,5,3,4,3,0,0,0,4,0,0,3,0,34
SED30041,3,0,5,0,0,0,4,64,0,12,12,10,0,0,0,0,0,0,0,0,0,0,3,46,0,0,0,0,0,3,8,0,0,0,0,0,0,5,0,20,0,0,0,0,0,3,10,9,0,0,5,0,0,5,14,48,0,0,0,0,0,0,0,0,0,0,0,0,0,0,0,0,0,0,13,31,26,12,5,3,5,0,0,3,3,0,9,114,0,8,8,0,0,0,0,0,0,0,0,0,0,0,0,23,0,48,66,21,27,10,10,7,0,0,0,0,0,0,4,196,0,6,15,104,299,310,350,223,52,46,54,30,40,10,77,1606,0,0,0,0,0,0,3,8,0,0,0,0,0,0,0,14,0,0,0,0,27,53,45,54,4,7,10,9,9,7,8,223,0,5,3,0,6,4,0,3,0,0,0,0,0,0,0,27,0,0,0,3,3,3,9,4,0,0,0,0,0,0,0,20
SED30042,5,3,3,0,0,0,3,108,3,22,23,16,0,5,3,3,0,7,0,4,0,0,3,89,0,4,0,0,3,7,13,14,0,0,0,0,3,4,0,45,0,0,0,0,0,3,6,19,3,3,0,0,4,0,0,42,0,0,0,0,0,4,3,0,0,0,0,0,0,0,0,11,0,0,11,27,5,12,4,11,0,3,0,0,0,0,4,80,0,4,9,7,0,3,0,0,0,0,0,0,0,0,0,16,0,38,30,21,22,15,15,11,0,3,0,0,0,0,3,161,0,5,17,96,350,481,713,553,212,111,103,70,34,52,95,2904,0,0,0,0,0,0,0,3,0,4,0,3,0,0,0,13,0,0,0,5,30,100,73,83,20,26,10,22,18,4,8,399,0,3,6,0,13,24,6,6,0,0,0,0,0,0,0,59,0,0,0,8,3,6,8,9,0,0,0,0,0,0,3,34
SED30043,9,13,3,0,0,0,3,141,3,22,28,10,3,0,3,3,0,0,3,3,0,0,5,87,0,0,0,0,0,12,17,13,6,0,3,0,6,9,6,80,0,0,0,0,0,3,7,29,0,4,15,7,26,4,4,92,0,0,0,4,0,0,0,0,0,0,0,0,0,0,0,9,0,0,8,13,14,8,9,3,0,3,3,0,0,3,0,65,0,11,8,0,3,0,0,0,0,0,0,0,0,0,3,30,0,69,61,23,25,10,24,14,5,0,0,0,0,0,6,230,10,6,33,146,417,484,669,422,92,97,78,52,53,21,93,2668,0,0,0,0,0,0,0,5,0,0,0,3,0,0,0,11,0,0,0,3,30,52,24,46,5,6,14,16,22,6,7,224,0,5,6,3,8,3,3,0,0,3,3,0,5,3,3,54,0,0,0,6,3,0,4,3,0,0,5,3,4,0,0,24
SED30044,4,3,6,16,0,0,0,74,0,6,13,8,3,6,0,0,0,0,0,0,0,0,3,41,0,0,0,3,0,3,7,6,0,0,0,3,3,0,0,32,0,0,0,0,0,3,3,13,0,0,4,4,4,0,0,31,0,0,0,0,0,0,0,0,0,0,0,0,0,0,0,3,0,0,3,8,7,5,4,7,0,7,0,0,0,7,0,48,0,5,3,0,0,0,0,0,0,0,0,0,0,0,0,13,0,36,30,17,10,0,4,3,0,0,0,0,0,0,4,99,0,3,19,107,235,192,188,186,39,69,42,6,8,5,51,1159,0,0,0,4,0,0,8,3,0,5,14,0,7,0,0,38,0,0,0,9,35,47,31,114,27,44,39,49,36,15,24,470,0,0,0,0,0,0,0,5,0,0,0,3,0,0,3,14,0,0,0,7,0,0,0,0,0,0,0,3,3,3,4,20
SED30045,6,0,0,0,0,4,4,88,0,4,5,6,3,0,0,0,0,0,0,0,13,8,8,53,0,0,0,0,3,0,11,10,6,0,0,5,19,16,11,91,0,0,0,0,0,3,9,23,7,6,11,13,38,27,15,146,0,0,0,0,0,0,0,0,0,0,0,0,0,0,0,4,0,0,7,20,16,7,5,8,3,5,4,7,5,6,10,94,0,6,9,7,0,0,0,0,0,0,0,0,0,0,0,24,0,58,59,22,19,7,17,6,0,0,0,0,0,0,3,194,0,0,22,105,277,318,324,187,42,29,21,18,3,6,63,1404,0,0,0,0,0,0,0,0,0,0,6,0,3,0,0,15,0,0,0,4,29,51,32,47,7,7,9,9,16,3,3,216,0,0,3,3,8,14,7,0,0,0,0,0,3,0,3,38,0,0,0,10,6,3,3,13,0,3,3,3,8,11,0,63
SED30046,0,0,0,0,0,0,4,84,0,16,14,14,5,3,3,0,0,0,0,0,0,0,0,57,0,0,0,0,0,3,19,6,4,0,3,0,0,0,3,39,0,0,0,0,0,8,18,25,4,4,0,3,4,0,0,68,0,0,0,0,3,4,0,4,0,0,0,0,0,0,0,11,0,0,3,26,16,16,22,10,0,0,5,0,3,3,0,112,0,15,10,8,3,0,0,0,0,0,0,0,0,0,0,30,0,52,75,16,29,12,12,4,0,0,0,0,0,0,10,200,0,3,12,115,487,692,828,606,144,155,93,76,63,32,140,3457,0,0,0,0,3,8,45,38,11,3,9,5,0,0,3,122,0,0,0,8,41,106,75,155,18,17,18,28,8,6,10,492,0,6,0,0,8,11,3,3,0,0,0,0,0,0,0,38,0,0,3,10,4,9,18,14,0,0,0,0,0,0,0,63
SED30047,22,11,31,5,3,3,3,241,3,13,12,14,0,3,5,6,3,8,0,0,0,0,3,66,0,0,0,3,0,13,15,22,3,8,3,0,5,0,8,79,0,0,0,0,0,0,11,17,0,3,4,0,0,0,0,39,0,0,3,0,3,0,3,0,0,0,0,0,0,0,0,6,0,0,10,15,11,3,9,5,0,3,0,0,0,0,0,58,0,3,5,3,3,0,0,0,0,0,0,0,0,0,0,18,0,40,27,18,8,6,4,16,0,7,0,0,0,0,9,131,4,5,23,135,371,460,822,612,208,163,128,97,86,35,120,3267,0,0,0,0,0,0,0,0,0,0,0,8,0,0,0,13,0,0,0,8,34,123,114,148,24,17,14,18,13,7,9,529,0,4,0,4,9,8,5,0,0,0,0,0,3,0,0,46,0,0,0,8,5,7,10,8,0,6,0,0,0,0,3,52
SED30048,4,4,0,0,0,0,3,68,4,26,26,4,0,0,0,0,0,3,3,0,0,0,5,75,0,0,0,0,0,3,0,5,0,0,0,4,0,0,0,20,0,0,0,0,0,0,4,3,0,0,0,0,0,7,0,17,0,0,0,0,0,0,0,0,0,0,0,0,0,0,0,0,0,0,3,3,5,0,3,7,0,0,0,4,4,7,4,47,5,56,16,7,8,0,0,0,0,3,0,0,0,0,0,97,0,20,22,5,25,3,3,9,0,3,3,0,0,0,0,98,0,4,14,96,216,154,200,171,85,60,30,27,10,10,40,1128,0,0,0,0,0,0,0,8,6,0,0,0,0,3,3,24,0,0,0,0,46,65,59,399,116,138,98,92,82,34,23,1150,0,0,0,0,4,4,7,3,0,0,3,0,0,0,0,24,0,0,0,3,0,4,4,0,0,0,0,0,0,0,0,10
SED30049,8,4,4,3,0,3,3,151,0,42,53,16,8,0,0,0,0,0,3,5,4,0,5,135,0,3,3,0,9,19,46,27,6,6,8,7,10,15,17,172,0,0,0,0,7,42,182,298,52,46,76,39,56,42,25,848,0,0,5,11,8,3,9,3,0,0,0,0,0,0,0,45,0,0,7,25,59,112,72,135,11,31,32,15,29,17,18,554,0,0,4,3,3,0,0,0,0,7,0,0,0,0,0,19,0,28,25,16,5,4,8,8,0,0,0,0,0,0,7,99,0,6,16,73,267,288,337,257,59,55,38,27,39,22,45,1527,0,0,0,0,0,3,23,37,5,16,8,17,7,18,3,135,0,0,0,6,43,140,83,106,24,26,20,23,16,8,17,513,0,8,3,6,27,16,4,3,0,0,3,0,0,0,3,86,0,0,4,12,16,30,42,62,14,3,8,6,8,3,12,208
SED30050,10,17,13,0,0,9,0,147,0,20,31,11,3,4,12,4,3,11,4,8,5,3,3,127,0,0,0,0,4,5,27,13,3,4,7,9,8,6,3,87,0,0,0,0,0,0,5,24,6,14,15,5,20,6,3,104,0,0,0,6,0,0,0,0,0,0,3,0,0,0,0,14,0,0,4,19,9,6,9,0,0,0,0,0,8,4,10,65,0,15,3,10,3,4,0,0,0,0,0,0,0,0,0,34,0,63,53,17,15,9,24,10,0,7,6,5,5,0,5,207,5,10,45,177,440,467,570,432,81,88,72,50,62,30,90,2621,0,0,0,0,0,0,0,3,0,3,0,3,0,0,0,12,0,0,0,0,26,58,30,68,8,17,8,18,13,11,10,266,0,3,0,0,3,3,10,4,3,3,0,3,0,0,5,46,0,0,0,8,8,5,7,4,3,0,3,3,3,0,4,48
SED30051,0,3,0,0,0,0,4,48,0,14,9,12,4,0,0,0,0,0,0,0,0,0,8,47,0,0,0,0,0,0,12,0,0,0,0,0,0,0,3,20,0,0,0,0,0,0,0,0,0,0,0,0,0,0,0,4,0,0,0,0,0,0,0,0,0,0,0,0,0,0,0,0,0,0,8,13,10,0,10,3,0,0,0,0,0,0,0,43,0,17,7,3,0,0,0,0,0,0,0,0,0,0,6,30,0,56,50,14,16,17,6,3,0,0,0,0,0,0,10,182,0,6,29,159,317,243,196,94,11,14,9,12,14,5,76,1186,0,0,0,0,0,0,0,0,0,0,0,0,0,0,0,3,0,0,0,3,56,60,41,57,10,10,4,11,16,0,17,274,0,3,3,3,9,6,0,4,0,0,0,0,0,0,0,33,0,0,0,6,3,0,0,0,0,0,0,0,0,0,0,14
SED30052,3,3,11,5,7,0,3,163,3,60,69,52,12,18,15,8,3,3,3,3,4,3,10,270,0,3,4,9,14,115,159,93,17,17,15,13,13,12,20,514,0,0,0,0,8,36,90,45,7,3,4,10,21,12,8,247,0,3,8,15,5,10,3,0,0,0,0,0,0,0,0,43,0,0,8,23,38,42,49,30,11,19,3,16,16,13,3,271,0,27,20,17,0,0,0,0,0,0,0,0,0,0,0,63,0,54,48,18,16,8,21,12,0,0,0,0,4,0,3,187,5,5,47,161,499,712,959,695,151,147,122,97,84,51,126,3865,0,0,0,0,0,0,5,8,3,3,5,6,3,3,0,39,0,0,0,16,60,107,83,48,24,14,17,11,23,11,21,426,0,13,19,11,23,17,15,11,0,0,0,3,0,0,3,115,0,0,4,12,14,19,32,10,0,0,6,3,3,3,4,111
SED30053,4,4,0,0,0,0,3,49,4,21,6,3,0,0,0,0,3,3,0,0,0,0,6,54,0,0,0,0,0,0,3,7,0,0,0,0,0,0,0,10,0,0,0,0,0,0,0,4,0,3,0,0,0,0,0,7,0,0,0,0,0,0,0,0,0,0,0,0,0,3,0,8,0,0,7,4,9,0,8,3,0,0,0,0,0,0,3,36,4,54,31,11,4,3,0,0,0,0,0,0,0,0,8,115,0,22,25,12,8,3,4,5,0,0,0,0,0,0,3,81,0,0,21,99,194,184,214,141,41,34,32,26,6,10,45,1045,0,0,0,0,0,3,0,0,0,0,3,0,0,0,0,12,0,0,0,0,27,60,41,110,19,25,24,13,6,5,12,337,0,0,0,0,0,0,0,0,0,0,0,0,0,0,0,5,0,0,0,3,0,0,0,0,0,0,0,0,0,0,0,9
SED30054,23,12,10,0,3,8,0,227,0,23,18,12,3,7,4,11,0,0,0,0,0,0,0,76,0,0,3,3,9,34,57,12,4,0,3,0,10,7,3,147,0,0,0,0,7,25,65,90,15,22,22,10,8,11,9,286,0,5,0,5,0,4,0,0,0,0,0,0,0,0,0,12,3,4,13,48,50,103,49,49,9,5,10,8,13,11,6,354,0,7,0,0,0,0,0,0,0,0,0,0,0,0,0,9,0,30,29,21,20,23,40,27,3,3,0,0,7,0,6,217,6,7,41,111,271,215,307,219,52,23,23,12,8,23,29,1337,0,0,0,3,0,0,11,0,4,0,0,3,0,0,0,26,0,0,0,7,22,42,40,33,4,4,12,4,4,4,4,190,0,3,0,0,25,17,14,10,0,0,0,0,3,0,3,84,0,3,0,19,17,30,50,40,4,12,13,10,3,0,8,200
SED30055,0,0,3,0,0,0,0,91,0,9,17,12,3,0,0,9,0,0,0,0,7,0,0,60,0,0,0,0,0,0,17,3,0,3,0,0,0,4,10,38,0,0,0,0,0,5,17,32,4,6,16,24,28,24,14,168,0,0,0,3,0,0,0,3,0,0,0,0,0,0,0,5,0,0,12,19,15,11,4,3,0,0,6,0,3,0,6,75,0,11,10,3,8,0,0,0,0,0,0,0,0,0,0,29,0,49,31,14,21,10,16,11,0,0,0,0,0,0,3,163,3,11,14,114,394,520,614,582,132,151,69,53,43,10,86,2789,0,0,0,0,0,0,3,0,0,0,0,0,0,0,0,3,0,0,3,9,54,90,56,74,22,18,6,14,6,0,9,359,0,5,0,4,14,4,5,3,0,5,0,5,0,0,0,41,0,0,0,12,8,3,8,3,0,0,0,0,0,0,0,31
SED30056,18,16,6,8,10,4,7,229,3,41,65,27,6,12,4,12,10,7,9,14,8,11,6,247,0,3,0,7,7,15,44,28,4,7,11,11,9,17,17,176,0,0,0,0,4,19,34,44,11,23,20,12,18,17,8,203,0,0,0,4,0,0,0,3,0,0,0,0,0,0,0,8,0,0,8,25,39,18,40,55,10,19,24,19,25,17,18,310,0,0,0,0,0,0,0,0,0,0,0,0,0,0,0,3,0,19,20,10,12,10,12,12,3,10,0,3,0,9,0,118,3,5,16,73,221,214,261,161,39,40,44,43,42,15,42,1235,0,0,0,0,0,0,3,3,0,0,0,11,3,6,0,26,0,0,0,0,20,33,24,35,15,3,5,26,20,9,9,203,0,6,6,3,14,12,8,3,3,0,0,0,6,3,0,64,0,0,3,4,13,9,25,36,15,3,16,22,31,17,8,202
SED30057,5,5,6,3,0,0,3,61,0,9,11,8,3,0,0,0,0,5,0,0,0,0,0,35,0,0,0,0,0,3,3,0,0,0,0,0,0,0,0,11,0,0,0,0,0,3,0,0,0,0,0,0,0,0,0,5,0,0,0,0,0,0,0,0,0,0,0,0,0,0,0,0,0,0,0,0,5,0,0,0,0,3,0,0,0,0,0,21,0,3,0,0,0,0,0,0,0,0,0,0,0,0,0,8,0,11,14,6,0,0,0,0,3,0,0,0,0,0,0,42,0,3,11,56,106,130,195,201,88,103,59,41,40,27,52,1113,0,0,0,0,0,0,0,4,0,4,0,3,3,0,0,21,0,0,0,0,35,80,69,166,32,21,24,17,22,15,14,507,0,0,0,0,6,0,0,0,0,0,0,0,0,0,0,10,0,0,0,3,0,0,0,0,0,0,0,0,0,0,0,9
SED30058,6,13,6,7,0,0,5,138,3,28,31,8,4,8,8,11,4,0,7,4,0,0,7,123,0,3,0,3,0,30,45,18,0,3,3,3,7,3,5,138,0,0,0,0,17,45,69,75,20,8,14,0,11,12,4,258,0,0,5,12,10,18,6,5,3,0,0,0,0,0,0,62,0,0,7,39,80,97,52,64,24,7,10,9,6,3,6,409,0,6,5,3,3,4,0,0,0,0,0,0,0,0,0,24,0,36,30,14,11,9,21,8,0,0,0,0,0,0,8,146,0,11,21,83,252,333,385,249,55,50,38,21,30,13,47,1586,0,0,0,0,0,4,10,3,5,8,7,0,5,6,0,44,0,0,0,14,39,76,78,133,11,7,7,16,0,6,4,390,0,12,8,3,30,22,11,5,3,0,0,0,4,0,3,100,0,0,5,13,20,48,65,35,5,0,4,0,0,0,11,210
SED30059,10,0,10,0,0,0,3,145,0,36,38,27,8,11,9,4,0,0,0,0,0,0,20,145,0,4,0,7,7,101,180,74,20,33,20,9,7,12,36,512,0,0,0,0,5,20,60,65,10,3,14,13,3,4,3,207,0,0,0,5,6,0,0,0,0,0,0,0,0,0,0,20,0,0,8,28,15,30,22,25,10,0,7,6,11,3,9,172,0,21,15,8,3,0,0,0,3,0,0,0,0,0,3,55,0,54,39,29,37,11,30,11,3,0,3,3,7,0,13,235,3,8,53,161,619,761,1084,759,132,111,81,65,58,29,131,4050,0,0,0,0,0,0,3,3,0,0,0,0,0,0,0,18,0,0,0,4,34,73,66,65,10,4,11,4,13,3,7,306,0,7,5,3,36,32,13,14,0,0,5,0,0,0,0,112,0,3,3,4,0,20,21,8,0,0,0,0,0,6,0,79
SED30060,0,0,0,0,3,0,3,64,23,122,97,21,3,4,8,0,0,0,3,0,5,3,19,315,0,0,0,0,0,15,74,50,3,6,0,3,13,4,13,194,0,0,0,0,0,0,15,15,6,4,11,3,3,3,0,58,0,0,0,3,0,0,0,0,0,0,0,0,0,0,0,4,3,0,5,6,14,5,6,7,0,0,0,0,0,0,4,57,3,19,5,7,0,0,0,0,0,0,0,0,3,0,3,43,0,27,29,14,17,16,10,4,0,0,0,0,0,3,4,127,0,4,25,103,230,251,224,141,40,32,47,10,16,6,53,1180,0,0,3,0,0,3,0,0,0,0,0,0,0,0,0,7,0,0,0,0,60,118,70,126,15,16,14,18,12,4,15,465,0,0,0,0,9,3,0,6,3,0,0,0,0,0,3,27,0,0,3,3,4,3,0,0,0,0,0,0,0,0,0,12
SED30061,3,3,0,0,0,0,0,53,8,39,36,22,13,0,4,3,0,0,0,5,0,0,15,150,0,0,0,0,4,3,12,16,4,3,0,3,7,0,0,52,0,0,0,0,0,10,13,20,4,3,10,5,3,4,5,78,0,0,0,0,0,0,0,0,0,0,0,0,0,0,0,3,0,0,12,15,13,14,9,20,9,9,3,15,7,5,13,141,0,0,3,0,0,0,0,0,0,0,0,0,0,0,0,5,0,15,26,11,8,5,19,3,0,0,0,8,0,3,3,94,3,0,21,78,188,163,205,132,39,31,18,19,10,7,28,941,0,0,0,0,0,0,3,18,3,8,0,3,4,5,0,48,0,0,0,4,30,85,61,203,41,46,34,33,15,8,17,577,0,3,3,0,0,5,0,3,0,0,0,3,0,0,0,18,0,0,0,10,6,3,13,0,0,0,0,0,4,0,9,45
SED30062,15,16,7,0,0,3,3,171,0,26,24,20,8,0,4,7,4,0,3,4,4,0,5,105,0,0,6,0,0,11,20,23,3,0,0,0,7,0,6,75,0,0,0,0,3,8,26,55,6,3,0,12,16,6,0,150,0,0,0,5,0,0,0,0,0,0,0,0,0,0,0,10,0,0,5,25,15,19,20,27,19,11,4,0,7,3,4,149,0,14,5,8,3,0,4,4,0,3,0,0,0,0,0,46,0,50,51,17,20,17,16,7,0,0,0,0,0,0,6,193,4,12,19,130,397,684,1199,1238,319,366,257,184,173,106,168,5265,0,0,0,0,0,0,10,12,4,7,0,0,0,4,0,35,0,0,0,12,88,155,112,308,67,58,31,41,46,25,17,956,0,7,6,3,9,11,0,3,3,0,4,0,0,0,0,43,0,0,3,10,10,11,27,15,0,4,4,3,0,0,3,94
SED30063,0,0,0,0,0,0,0,40,0,4,12,4,0,3,0,0,0,0,0,0,0,0,4,30,0,0,0,0,4,0,3,3,0,0,0,0,0,0,0,17,0,0,0,0,0,0,5,3,0,0,0,3,9,11,5,39,0,0,0,0,0,0,0,0,0,0,0,0,0,0,0,3,0,0,7,4,3,3,4,0,0,0,0,0,0,0,6,24,0,6,3,4,0,3,0,0,0,0,0,0,0,0,0,18,0,63,43,18,19,9,7,3,0,0,0,0,0,0,5,172,0,8,40,117,276,212,158,69,19,7,8,6,0,8,59,981,0,0,0,0,0,0,0,7,0,0,0,0,0,0,0,5,0,0,0,3,35,69,39,124,63,61,47,43,55,43,23,599,0,0,0,0,3,0,3,0,0,0,0,0,0,0,0,12,0,0,0,6,0,0,0,0,0,0,0,0,0,0,0,14
SED30064,7,6,6,0,0,0,3,80,0,13,14,8,7,0,4,8,3,0,0,0,0,0,5,59,0,0,0,0,0,5,10,6,3,0,3,6,0,0,0,46,0,0,0,0,0,3,6,4,3,0,0,0,9,0,5,27,0,0,0,0,5,0,0,0,0,0,0,0,0,0,0,4,0,0,9,13,10,8,8,5,0,0,0,0,0,0,0,55,0,11,3,4,3,4,0,0,0,0,0,0,0,0,0,33,0,72,50,24,31,15,18,17,3,0,0,0,0,0,9,234,0,12,33,181,366,351,406,256,67,45,35,8,23,12,54,1838,0,0,0,0,0,0,3,5,4,0,3,0,0,3,3,21,0,0,0,3,35,39,39,42,11,0,7,11,17,4,10,205,0,3,4,0,6,3,4,5,0,0,0,0,0,0,0,33,0,0,0,6,4,3,6,4,3,3,0,0,0,0,0,44
SED30065,3,3,3,0,3,0,10,124,0,21,15,14,4,7,9,12,0,8,9,5,7,3,6,118,0,0,0,0,0,6,28,26,3,0,6,0,3,3,5,80,0,0,0,0,0,3,12,9,0,4,0,0,5,5,0,51,0,0,0,0,3,0,0,0,0,0,0,0,0,0,0,4,0,4,10,16,11,8,13,10,3,0,0,0,4,0,0,80,0,18,4,11,4,0,0,0,0,0,0,0,0,0,3,38,0,71,62,22,34,17,49,30,0,7,9,11,3,0,6,321,8,14,67,216,438,475,502,283,65,75,42,54,29,29,73,2348,0,0,0,0,4,0,0,0,0,0,0,0,0,0,0,7,0,0,3,3,22,53,40,22,0,10,10,4,4,0,5,169,0,4,5,0,17,4,10,3,0,0,0,0,4,0,0,48,0,0,0,7,10,9,8,3,0,0,4,0,0,3,0,46
SED30066,14,9,13,3,5,3,3,182,0,64,74,38,15,6,3,12,0,4,7,11,0,3,9,239,0,0,0,3,4,15,50,42,15,3,12,12,12,0,9,168,0,0,0,0,8,17,60,98,18,21,15,10,28,6,6,286,0,0,0,5,3,0,0,0,0,0,0,0,0,0,0,8,0,0,9,19,12,28,41,28,6,12,5,10,6,6,3,194,0,5,9,3,3,0,0,3,0,0,0,0,0,0,0,22,0,18,25,10,12,0,9,9,0,0,0,0,3,0,5,91,8,6,18,90,354,423,579,414,100,146,70,71,65,42,74,2464,0,0,0,0,3,0,6,18,5,9,9,3,17,5,0,78,0,0,0,4,82,176,137,278,62,61,51,47,45,12,21,980,0,7,4,6,18,20,8,7,3,0,3,0,0,3,12,85,0,0,3,14,9,10,19,15,3,0,0,3,4,0,3,89
SED30067,3,8,10,0,0,0,0,103,0,15,35,33,7,0,7,0,0,0,0,0,0,0,6,102,0,0,0,0,3,5,25,4,0,4,0,0,4,0,3,52,0,0,0,0,0,0,8,3,0,0,0,0,0,0,0,22,0,0,0,3,3,0,0,0,0,0,0,0,0,3,0,9,0,0,15,14,17,16,19,9,0,3,3,0,0,0,0,97,0,6,5,3,0,0,0,0,0,0,0,0,0,0,0,23,0,45,33,21,19,9,21,3,0,0,3,0,0,0,0,156,5,3,12,102,300,465,638,409,84,108,91,49,45,12,68,2388,0,0,0,0,0,3,7,0,0,0,0,0,0,0,3,28,0,0,3,0,44,128,115,212,33,28,11,10,16,18,18,637,0,3,3,0,7,17,3,3,0,0,0,0,0,0,0,36,0,0,0,13,3,13,16,8,0,3,3,0,0,0,4,60
SED30068,4,3,0,0,3,0,7,141,3,26,24,31,0,0,0,3,0,0,0,0,0,0,5,95,0,0,0,3,3,4,6,10,0,0,0,4,3,15,13,60,0,0,0,0,0,0,18,12,3,8,7,14,14,13,17,110,0,0,3,4,0,0,0,0,0,0,0,0,0,0,0,7,0,3,6,13,10,3,6,3,0,5,0,0,3,0,0,54,0,19,15,0,0,0,3,0,0,0,0,0,0,0,0,38,0,100,76,15,25,14,10,13,0,0,0,0,0,0,6,259,10,11,34,194,445,473,530,305,90,74,55,54,33,23,70,2400,0,0,0,0,0,0,0,3,3,0,0,0,0,0,0,9,0,0,0,10,54,85,64,92,33,18,21,16,11,6,21,428,0,3,8,7,14,3,5,0,0,3,0,0,0,0,0,44,0,0,3,15,0,4,3,4,0,0,0,0,0,0,0,31
SED30069,4,0,0,0,6,0,3,159,0,13,34,22,3,3,5,3,0,3,0,0,0,3,5,97,0,0,4,3,0,3,8,14,4,3,0,0,0,0,4,50,0,0,0,0,0,0,7,3,0,4,3,0,3,3,3,29,0,0,0,6,0,0,0,0,0,0,0,0,0,0,0,12,0,0,12,20,12,13,11,8,0,3,0,0,0,0,0,88,0,10,12,3,0,0,0,0,0,0,0,0,0,0,0,30,0,91,48,28,14,14,10,10,5,0,4,0,0,3,6,244,4,0,29,149,503,551,670,481,103,130,104,38,42,27,117,2939,0,0,0,0,0,0,0,4,0,0,0,3,0,0,0,10,0,0,0,3,46,87,50,78,12,27,29,29,26,6,13,403,0,8,3,3,12,11,10,5,0,0,0,0,0,0,3,61,0,0,0,16,8,3,6,3,0,0,0,0,0,0,0,36
SED30070,13,0,7,0,0,0,0,125,0,25,34,11,0,0,0,3,0,0,0,0,0,0,3,77,0,0,0,0,0,0,18,5,0,0,0,3,0,0,0,34,0,0,0,0,0,9,11,6,0,0,0,0,0,0,0,17,0,0,0,4,0,0,3,0,3,0,0,0,0,0,0,13,0,0,6,15,8,10,9,5,0,0,0,0,0,0,0,54,0,16,13,3,0,3,4,0,0,0,0,0,0,0,0,38,0,68,74,25,31,13,19,8,0,0,0,0,0,0,4,236,10,9,36,160,437,525,673,406,94,91,64,28,17,25,74,2648,0,0,0,0,0,0,0,0,0,0,0,0,3,0,0,13,0,0,0,8,32,36,37,46,6,14,14,9,10,9,5,222,0,13,3,3,20,4,3,8,0,0,0,0,0,0,0,53,0,0,0,9,5,3,4,0,0,0,0,0,0,0,0,22
SED30071,3,15,0,3,0,0,0,46,0,4,3,0,0,0,0,4,0,0,0,0,0,0,0,12,0,0,0,0,0,0,3,11,0,0,3,0,0,0,5,25,0,0,0,0,0,0,16,16,3,4,3,0,0,4,3,42,0,0,0,3,0,0,0,0,0,0,0,0,0,0,0,3,0,0,3,9,10,4,3,20,3,3,10,0,0,0,0,62,0,0,0,0,0,0,0,0,0,0,0,0,0,0,0,3,0,28,13,6,0,8,7,7,0,0,0,0,0,0,3,74,0,4,3,55,124,118,163,107,36,30,18,10,13,20,42,754,0,0,0,0,0,0,0,0,3,0,0,5,3,0,0,17,0,0,0,0,36,60,47,105,21,47,50,33,18,15,17,453,0,0,0,0,4,0,0,0,0,0,0,0,0,0,0,11,0,0,0,3,0,0,3,8,0,0,0,0,3,0,0,26
SED30072,15,3,9,3,7,0,0,175,3,41,33,18,6,6,7,0,3,0,0,0,0,6,3,137,0,0,0,0,0,9,36,22,0,0,5,3,0,4,6,87,0,0,0,0,0,3,25,18,4,3,0,3,0,3,0,69,0,0,0,5,3,4,5,3,0,0,0,0,0,0,0,24,0,0,11,18,21,9,21,16,0,3,3,0,5,0,7,118,0,3,5,4,3,0,3,0,0,0,0,6,0,0,0,21,0,34,24,12,14,6,9,4,0,3,6,3,0,0,10,128,6,4,15,87,329,390,483,395,92,82,62,42,55,21,76,2151,0,0,0,0,3,3,3,0,3,9,0,0,0,0,3,19,0,0,0,6,83,223,160,338,59,37,73,30,22,18,30,1075,0,5,3,4,17,14,8,11,0,0,3,0,0,0,4,69,0,0,3,10,0,10,8,13,3,0,0,3,3,0,0,57
SED30073,35,34,18,17,14,7,14,321,10,41,71,32,7,7,8,24,3,12,29,27,45,12,13,346,0,0,0,0,3,30,72,47,21,29,19,35,47,29,50,384,0,0,0,4,6,31,106,161,37,49,54,64,84,67,52,715,0,0,8,8,4,8,3,3,0,0,3,3,0,0,3,45,0,0,4,19,24,47,69,71,19,32,24,40,83,47,9,495,0,0,3,0,0,3,0,0,0,0,0,0,0,0,3,9,0,17,18,13,14,10,18,8,0,4,5,7,19,9,3,142,0,0,21,96,245,299,409,280,74,61,56,50,64,34,41,1734,0,0,0,0,0,3,8,19,7,11,10,12,18,13,0,94,0,0,0,5,56,82,54,94,24,28,30,33,26,20,24,476,3,5,0,3,17,21,11,10,3,6,3,3,9,0,0,105,0,0,0,21,13,15,40,24,11,5,8,20,14,26,3,208
SED30074,4,8,0,0,3,0,0,55,6,105,83,20,3,0,0,3,0,0,0,0,0,0,20,254,0,0,0,0,3,5,4,0,0,0,0,0,3,0,0,19,0,0,0,0,0,0,8,10,0,12,8,7,18,11,9,84,0,0,0,0,0,0,0,3,0,0,0,0,0,0,0,7,0,0,7,9,5,0,4,8,0,0,0,0,0,0,3,38,0,3,3,0,0,0,0,0,0,0,0,0,0,0,0,8,0,51,55,13,23,3,12,4,0,0,0,0,0,0,4,163,0,5,6,78,218,141,138,52,18,15,22,3,9,3,36,743,0,0,0,0,0,0,0,0,0,0,5,0,4,0,0,15,0,0,0,8,19,47,38,99,35,22,29,19,9,10,18,365,0,0,7,6,6,3,0,8,0,0,0,0,0,0,0,27,0,0,0,3,0,0,3,0,0,0,0,0,0,0,0,13
SED30075,12,3,3,12,3,4,9,160,0,35,57,42,7,3,9,6,3,3,0,3,7,0,11,193,0,0,3,7,17,140,211,135,38,27,27,33,36,33,48,743,0,0,0,3,19,97,265,335,65,71,73,72,107,98,59,1267,0,0,0,5,8,7,0,0,0,0,0,0,9,0,0,31,4,0,4,11,30,34,87,40,5,11,10,13,19,10,8,285,0,19,19,7,3,0,0,0,0,0,0,0,0,0,0,53,0,57,32,22,15,10,21,7,3,0,0,0,0,0,8,189,3,9,29,203,591,806,1204,829,222,165,154,114,87,68,187,4693,0,0,0,0,0,9,21,13,0,9,0,3,3,11,8,85,0,0,0,8,80,190,150,112,36,22,28,44,40,32,22,774,0,3,18,6,35,30,17,12,0,3,0,0,0,0,3,126,0,0,3,3,13,19,47,24,4,7,5,6,9,14,0,160
SED30076,11,4,0,0,0,0,9,178,0,12,28,23,5,3,3,3,0,0,0,0,0,0,3,90,0,0,0,0,7,10,28,20,4,3,11,4,0,0,4,91,0,0,0,0,5,33,107,156,21,13,12,16,15,10,7,397,0,0,0,4,17,6,12,0,0,0,0,0,0,0,0,42,0,0,4,15,33,41,26,50,3,3,4,3,0,3,7,199,0,0,9,3,0,0,3,0,0,0,0,0,0,0,0,17,0,42,39,18,27,10,10,0,0,3,0,4,4,0,6,155,0,5,19,132,554,649,905,512,107,123,98,64,37,41,78,3316,0,0,0,5,5,0,3,6,3,0,14,9,10,0,0,59,0,0,0,13,60,103,66,78,18,10,10,3,4,10,6,374,0,0,3,0,42,29,13,3,0,0,0,0,5,0,0,99,0,0,4,8,12,16,16,19,5,3,0,0,0,3,3,76
SED30077,31,21,4,5,16,3,6,201,3,93,179,81,14,7,4,3,8,0,3,5,5,0,8,411,0,0,0,3,0,12,39,19,4,5,5,9,7,3,4,110,0,0,0,0,0,9,28,58,8,16,3,10,10,4,4,155,0,0,0,3,4,0,0,0,0,0,0,0,0,0,0,8,0,0,8,18,22,24,31,29,0,3,6,10,9,0,3,166,0,5,3,0,3,0,0,0,0,0,0,0,0,0,0,13,0,26,13,8,10,3,6,10,4,3,8,0,0,0,3,87,4,10,20,91,253,256,317,229,62,56,23,33,25,13,30,1427,0,0,0,0,0,0,5,6,3,7,3,4,4,0,0,39,0,0,0,9,40,121,60,122,41,30,25,18,46,11,14,528,0,4,3,0,16,24,4,3,0,0,6,0,0,0,0,69,0,0,3,12,8,9,15,16,3,8,13,4,0,0,4,91
SED30078,0,0,4,3,5,0,4,93,0,22,45,18,7,0,8,5,0,0,0,0,3,0,5,111,0,0,0,0,3,21,81,34,3,7,9,7,14,3,7,195,0,0,0,0,18,133,422,539,92,98,77,68,100,60,62,1676,0,0,3,17,13,16,24,7,0,0,3,3,0,3,3,93,0,0,0,31,133,246,304,257,53,44,34,48,33,14,17,1216,0,4,3,4,3,0,0,0,0,0,0,0,0,0,0,16,0,23,15,3,10,4,3,3,0,0,0,0,0,0,0,62,0,3,12,59,224,321,621,444,106,95,83,67,55,32,67,2172,0,0,0,7,21,30,128,139,38,45,57,51,58,29,18,616,0,0,0,12,72,206,156,161,55,12,30,21,15,20,19,772,0,13,0,3,11,20,10,0,0,0,0,0,0,0,0,58,0,0,3,9,32,58,83,76,5,11,3,5,11,6,3,299
SED30079,7,0,0,3,3,0,4,66,0,36,54,9,6,6,0,3,0,7,0,0,0,0,6,135,0,0,0,4,0,25,62,40,17,14,8,11,19,8,10,219,0,0,0,6,16,71,335,529,120,155,139,140,159,98,99,1875,0,0,0,4,3,3,3,0,0,0,0,0,0,0,0,18,0,3,9,37,108,172,165,157,25,33,39,41,54,20,21,878,0,12,3,0,3,0,0,0,0,0,0,0,0,0,0,20,0,46,36,6,6,7,3,3,0,0,0,0,0,0,0,116,0,0,14,51,208,253,427,249,90,70,66,42,27,20,69,1589,0,0,0,3,4,9,50,83,20,25,60,66,54,51,11,423,0,0,0,5,71,174,131,200,48,59,45,36,43,25,15,856,0,18,3,7,20,25,7,6,0,4,3,0,3,0,0,87,0,0,0,3,19,29,66,27,13,10,12,10,9,8,0,195
SED30080,13,15,8,12,5,11,10,190,3,74,100,50,5,17,15,23,9,10,20,33,24,12,16,411,0,0,0,15,35,170,241,146,25,36,37,59,50,88,89,996,0,0,0,0,9,52,111,101,18,31,22,39,38,42,31,493,0,0,7,11,11,4,3,0,0,0,0,0,0,0,0,40,0,0,13,6,23,35,34,36,3,9,20,12,12,13,10,222,0,13,17,3,0,0,3,0,0,0,0,0,0,0,0,36,0,59,28,21,20,15,16,7,0,0,0,3,3,0,3,174,3,15,66,219,590,746,949,613,171,142,124,116,107,74,153,4091,0,0,3,0,0,0,6,7,0,0,6,4,3,8,0,38,0,0,4,11,60,107,78,62,15,43,15,16,29,25,18,481,3,14,10,10,33,22,13,10,0,0,4,3,8,0,3,139,3,0,6,11,14,19,18,9,0,0,0,12,0,6,13,107
SED30081,3,0,3,3,3,0,0,65,0,22,34,13,7,6,0,0,0,3,0,0,4,0,11,97,0,3,0,0,0,3,3,6,0,0,0,0,0,0,0,12,0,0,0,0,0,3,7,14,3,0,0,0,0,0,0,37,0,0,0,0,3,0,0,0,0,0,0,0,0,0,0,3,0,0,20,20,9,12,9,3,0,0,0,0,0,0,3,73,0,12,5,0,0,0,0,0,0,0,0,0,0,0,0,22,0,24,22,13,7,3,3,5,0,0,0,0,0,0,0,79,0,0,13,86,228,200,232,180,30,64,35,8,27,6,38,1143,0,0,0,0,0,0,0,0,0,0,7,3,3,0,0,11,0,0,0,5,43,78,53,142,24,20,19,15,15,4,5,412,0,3,0,0,3,3,0,0,0,0,0,0,0,0,0,19,0,0,3,13,0,0,3,0,0,0,0,0,0,0,3,24
SED30082,5,9,3,0,0,0,0,85,0,10,6,7,0,0,7,0,0,0,3,3,3,0,0,49,0,0,0,0,0,0,9,9,0,0,3,0,0,0,7,26,0,0,0,0,0,3,8,15,7,0,3,3,7,4,3,60,0,4,0,3,0,0,0,0,0,0,0,0,0,0,0,6,0,0,7,14,12,15,15,10,3,9,0,3,0,0,0,81,0,5,0,3,0,0,0,0,0,0,0,0,0,0,0,7,0,36,40,15,8,0,6,0,0,0,0,0,0,0,4,115,4,3,23,69,192,154,180,88,23,19,19,7,7,0,25,815,0,0,0,0,0,7,0,5,0,3,12,14,3,0,0,42,0,0,0,3,16,44,41,99,21,10,26,12,24,7,12,308,0,3,4,0,5,3,0,3,0,0,0,0,0,0,0,23,0,0,8,10,0,0,16,8,3,0,4,0,0,0,0,47
SED30083,7,5,4,4,3,0,0,78,0,11,13,9,0,0,0,0,0,0,3,0,4,0,3,52,0,0,0,0,0,3,12,8,0,6,3,3,3,3,5,51,0,0,0,0,0,9,22,37,12,9,3,5,9,5,3,125,0,3,0,0,0,3,0,0,0,0,0,0,0,0,0,10,3,0,3,9,10,4,29,27,12,8,8,5,5,8,6,129,0,3,0,4,0,0,0,0,0,0,0,0,0,0,0,15,0,51,34,14,3,4,8,5,0,3,0,0,0,3,3,133,0,3,14,60,140,138,167,97,31,19,21,11,8,8,33,738,0,0,0,0,0,0,5,16,0,16,23,8,13,13,3,100,0,0,0,0,27,43,53,140,19,30,30,26,23,12,11,417,0,3,4,0,4,3,0,0,0,0,0,0,0,0,4,19,0,0,9,8,3,5,14,7,0,0,0,17,7,7,9,85
SED30084,17,8,4,3,0,0,4,127,3,31,34,24,4,3,0,14,4,3,4,4,0,0,5,139,0,0,0,0,0,9,10,9,3,0,0,3,4,3,5,52,0,0,0,0,4,7,7,19,9,0,6,14,3,3,3,74,0,0,0,3,0,0,0,0,0,0,0,0,0,0,0,5,0,0,20,18,12,7,9,14,0,0,3,3,4,7,9,109,0,4,4,0,3,0,0,0,0,0,0,0,0,0,0,20,0,22,33,11,15,9,7,5,0,4,3,0,0,0,3,105,6,11,23,127,275,239,246,159,43,44,30,23,17,19,62,1323,0,0,0,0,0,0,0,0,0,7,0,3,0,0,0,17,0,0,0,5,40,69,41,160,33,24,24,25,28,25,17,493,0,0,3,3,7,8,3,9,0,0,0,3,0,0,4,43,0,0,4,12,3,6,3,5,0,0,0,3,0,0,0,42
SED30085,5,0,3,0,0,0,3,57,0,3,4,0,0,0,0,0,0,0,0,0,0,0,0,10,0,0,0,0,0,0,0,0,0,0,0,0,0,0,0,0,0,0,0,0,0,0,0,7,0,0,4,0,0,0,0,19,0,0,0,0,0,0,0,0,0,0,0,0,0,0,0,3,0,0,7,3,3,0,3,0,0,0,0,0,0,0,0,15,0,0,0,0,0,0,0,0,0,0,0,0,0,0,0,4,0,11,18,0,4,3,4,0,0,0,0,0,3,0,3,53,3,3,11,38,102,78,110,74,19,11,5,8,10,0,33,513,0,0,0,0,0,0,0,0,0,4,0,0,0,0,0,5,0,0,0,0,11,18,33,112,57,30,36,49,29,5,26,397,0,3,0,0,0,4,0,0,0,0,0,0,3,0,0,13,0,0,0,0,3,0,0,0,0,0,0,0,0,0,0,8
SED30086,5,0,3,0,0,0,0,116,0,14,15,10,3,0,10,4,0,0,0,0,0,0,3,74,0,5,0,0,0,11,22,15,0,4,3,3,3,0,4,71,0,0,0,0,0,5,33,61,10,3,3,4,3,0,5,137,0,0,0,6,15,7,8,6,0,0,0,0,0,3,0,55,0,0,4,23,14,25,31,30,4,3,4,3,0,0,8,162,0,10,9,3,3,3,0,0,0,0,0,0,0,0,0,32,0,64,80,19,18,10,13,4,0,0,3,0,0,0,16,223,3,6,24,144,614,874,1329,1176,289,305,253,168,161,78,231,5641,0,0,0,3,5,0,29,24,19,11,41,6,11,10,5,159,0,0,0,4,64,144,135,181,23,37,42,25,28,23,25,728,0,10,0,0,20,16,8,0,0,0,0,0,0,0,5,68,0,0,0,10,3,21,19,4,3,0,0,0,0,0,0,62
SED30087,15,13,3,0,7,0,0,117,3,21,24,11,0,0,5,0,0,0,3,4,10,4,11,97,0,0,0,0,0,6,11,8,0,0,3,3,13,6,12,60,0,0,0,0,0,0,12,17,0,0,4,6,3,4,5,58,0,0,0,0,0,0,0,3,0,0,0,0,0,0,0,4,0,0,3,4,9,4,3,9,3,0,3,0,7,0,0,50,4,59,26,11,3,0,7,0,0,0,0,0,0,0,0,109,0,40,39,16,22,8,13,9,0,0,3,0,0,3,3,156,0,3,37,155,343,285,351,343,131,95,54,47,54,25,74,2015,0,0,0,0,0,0,11,3,0,9,0,0,0,0,0,26,0,0,0,0,50,44,37,92,12,34,26,51,27,12,16,399,0,3,0,0,6,3,11,5,0,4,0,0,0,0,0,42,0,0,0,3,3,3,3,0,0,3,0,0,0,0,3,21
SED30088,0,0,0,0,0,0,0,58,0,9,17,16,0,5,3,0,0,0,0,0,0,0,3,46,0,0,0,0,0,7,14,3,0,0,0,0,3,0,5,35,0,0,0,0,0,20,85,112,19,5,12,16,14,3,19,303,0,0,0,15,22,18,26,14,5,0,0,0,0,3,5,118,0,0,3,12,25,32,56,51,11,32,48,15,14,7,8,312,0,5,12,11,3,0,0,0,0,0,0,0,0,0,0,29,0,34,33,21,15,0,12,0,0,0,0,0,0,0,9,118,3,3,27,89,443,744,1549,1317,239,341,313,189,195,107,231,5783,0,0,0,4,10,12,64,119,18,50,86,50,35,22,0,485,0,0,0,7,82,185,135,176,21,34,28,35,26,10,26,769,0,0,0,3,26,17,17,3,0,0,0,0,0,0,0,60,0,0,0,6,10,3,21,20,0,3,0,0,0,0,3,63
SED30089,11,16,10,3,0,6,5,181,0,22,20,8,6,3,14,17,3,8,10,11,3,3,6,135,0,3,4,3,3,29,58,29,9,10,10,14,15,12,22,207,0,0,0,0,3,25,57,69,14,17,15,8,22,3,19,257,0,0,0,7,10,4,3,3,0,0,0,0,0,0,0,35,0,3,9,18,31,37,41,34,11,0,8,34,15,19,9,269,0,3,0,3,0,0,0,0,0,0,0,0,0,0,0,5,0,26,22,6,20,9,7,11,0,0,0,0,4,0,9,113,5,4,19,104,301,258,347,211,39,38,39,14,22,18,46,1459,0,0,0,0,0,7,4,21,6,5,6,16,22,9,7,110,0,0,0,0,40,78,58,93,21,15,11,19,15,3,8,353,0,5,3,3,26,14,8,11,3,3,6,0,0,0,4,95,0,0,3,4,10,14,23,28,0,3,4,3,3,8,3,112
SED39494,0,3,0,3,11,15,3,45,0,0,0,0,0,0,0,0,0,0,0,10,17,20,10,60,0,0,0,0,0,3,3,0,0,0,0,0,5,10,9,28,0,0,0,0,0,3,4,0,3,0,0,7,15,9,5,45,0,0,0,0,0,0,0,0,0,0,0,0,0,0,0,0,0,0,3,3,0,3,3,3,0,0,3,0,0,7,0,26,0,0,3,0,0,0,0,0,0,0,0,0,0,0,0,5,0,22,17,5,3,0,0,0,0,0,0,3,12,11,0,88,0,0,6,44,111,93,123,56,11,17,20,6,7,6,66,567,0,0,0,0,0,0,0,3,0,0,0,0,0,0,0,10,0,0,0,0,5,12,4,3,3,0,3,0,8,11,7,53,0,0,0,0,0,3,0,0,0,0,0,0,0,0,0,17,0,0,0,0,3,0,0,3,0,0,0,0,0,5,3,15
SED39797,0,0,0,0,0,0,0,0,0,0,3,0,0,0,0,0,0,0,0,0,0,0,0,5,0,0,0,0,0,0,0,0,0,0,0,0,0,0,0,0,0,0,0,0,0,0,0,0,0,0,0,0,0,0,0,0,0,0,0,0,0,0,0,0,0,0,0,0,0,0,0,0,0,0,0,0,0,0,0,0,0,0,0,0,0,0,0,0,0,0,0,0,0,0,0,0,0,0,0,0,0,0,0,0,0,0,0,0,0,0,0,0,0,0,0,0,0,0,0,4,0,0,0,3,0,0,0,0,0,0,0,0,0,0,6,13,0,0,0,0,0,0,0,0,0,0,0,0,0,0,0,0,0,0,0,0,0,0,0,0,0,0,0,0,0,0,0,3,0,0,0,0,0,0,0,0,0,0,0,0,0,0,0,0,0,0,0,0,0,0,0,0,0,0,0,0,0,0,0,0
